ts_event,best_OFI,multi_level_OFI,integrated_OFI,cross_asset_OFI
2024-10-21 11:54:29.221064336+00:00,0.0,0.0,14.24195490244954,-22.307843739734366
2024-10-21 11:54:29.223769812+00:00,2.0,2.0,14.073020227073469,116.45763275877107
2024-10-21 11:54:29.225030400+00:00,3.0,3.0,13.988552889370343,92.00956325757146
2024-10-21 11:54:29.712434212+00:00,0.0,66.66666666666667,-89.030879249306,-28.401451653162045
2024-10-21 11:54:29.764673165+00:00,0.0,-66.66666666666667,117.51478905428252,122.40035283992695
2024-10-21 11:54:29.764685027+00:00,0.0,205.0,-85.40235799238788,53.18813035321955
2024-10-21 11:54:36.289427977+00:00,0.0,85.57142857142857,19.99845847322624,-67.49008377672435
2024-10-21 11:54:37.990793976+00:00,-200.0,200.0,15.043735309988147,-10.777814707634386
2024-10-21 11:54:39.124291588+00:00,1.0,-1212.0,3.923156823387409,95.95453468909975
2024-10-21 11:54:39.134140341+00:00,-200.0,1012.0,22.197447614556605,80.46390426557903
2024-10-21 11:54:41.233181043+00:00,-3.0,-3.0,14.495356915606184,34.162551491202954
2024-10-21 11:54:41.234620509+00:00,1.0,1.0,14.157487564782274,59.88323919887352
2024-10-21 11:54:41.235907431+00:00,-1.0,-1.0,14.326422240194224,109.8973038512384
2024-10-21 11:54:41.235977207+00:00,-2.0,-2.0,14.410889577900205,58.20983241550406
2024-10-21 11:54:41.238618235+00:00,2.0,924.0,-290.66677257463374,-123.56232131127338
2024-10-21 11:54:41.239827037+00:00,3.0,3.0,13.988552889370325,107.6564180687585
2024-10-21 11:54:50.970297264+00:00,0.0,-204.8,4.970948646697019,21.370529371094392
2024-10-21 11:54:50.970336474+00:00,0.0,7.25,14.422412527405138,-114.14116472296789
2024-10-21 11:54:53.247532557+00:00,-3.0,-3.0,14.495356915606184,54.199805649631685
2024-10-21 11:54:53.248893986+00:00,-139.0,-977.0,216.9791717407592,191.08554137390357
2024-10-21 11:54:53.251320969+00:00,3.0,3.0,13.988552889370325,166.7151431449444
2024-10-21 11:54:53.252546517+00:00,2.0,2.0,14.0730202270763,-66.57883119965012
2024-10-21 11:54:55.503497741+00:00,0.0,-100.25,111.71613568437235,151.56572839668527
2024-10-21 11:54:55.503541005+00:00,0.0,106.75,-76.56450037183298,-77.14491421890361
2024-10-21 11:54:55.551806996+00:00,0.0,200.0,-80.23871628479812,-35.323984321539086
2024-10-21 11:54:58.132928650+00:00,0.0,-133.33333333333334,5.309007188069963,-2.5735294146687115
2024-10-21 11:54:58.133944065+00:00,0.0,100.0,15.406276888974592,-47.391875413761504
2024-10-21 11:55:09.125042325+00:00,0.0,-219.0,128.01998507454675,0.2541465571097383
2024-10-21 11:55:09.125055670+00:00,0.0,418.5,-176.2088132667091,-159.6696554926964
2024-10-21 11:55:09.160009889+00:00,0.0,-7.25,14.061497277571368,72.1879616108304
2024-10-21 11:55:09.160051447+00:00,0.0,9.0,14.388970337529488,6.731576576656986
2024-10-21 11:55:13.899151539+00:00,0.0,200.0,-80.23871628479812,-80.20814766588455
2024-10-21 11:55:22.016715475+00:00,0.0,-100.25,111.71613568437235,49.98618822742736
2024-10-21 11:55:22.060173668+00:00,0.0,106.75,-76.56450037183298,-4.729702382468989
2024-10-21 11:55:22.132778490+00:00,0.0,200.0,-80.23871628479812,-144.75130203914483
2024-10-21 11:55:26.447978801+00:00,-200.0,200.0,15.043735309988147,-50.24168373867728
2024-10-21 11:55:30.365285173+00:00,0.0,-219.0,128.01998507454675,87.39801267205183
2024-10-21 11:55:30.365297270+00:00,0.0,418.5,-176.2088132667091,-165.93898925640184
2024-10-21 11:55:30.377046532+00:00,0.0,-100.25,111.71613568437235,68.36128970270055
2024-10-21 11:55:30.377110788+00:00,0.0,10.0,-1.2489702202808788,-54.82326609888612
2024-10-21 11:55:30.509413271+00:00,0.0,-9.0,14.094939467447013,-65.58975217954796
2024-10-21 11:55:30.509458075+00:00,0.0,170.2,22.392107663293604,23.73803742269469
2024-10-21 11:55:30.559949308+00:00,0.0,200.0,-80.23871628479812,-79.06847454580507
2024-10-21 11:55:31.194923125+00:00,0.0,155.66666666666666,-97.59768644558028,56.26876178043962
2024-10-21 11:55:31.195023714+00:00,0.0,-7.5,30.606616740769127,21.904741771745833
2024-10-21 11:55:34.079261198+00:00,-139.0,-139.0,25.982914843619092,-16.01650849697021
2024-10-21 11:55:35.302921978+00:00,-2.0,-2.0,14.410889577900205,50.76933805329858
2024-10-21 11:55:35.303067914+00:00,-400.0,-838.0,157.0441577794948,106.37510031629165
2024-10-21 11:55:35.304531207+00:00,2.0,839.0,-175.88263046999776,-173.7239347489035
2024-10-21 11:55:35.305736838+00:00,-400.0,-838.0,157.0441577794948,176.5101083575985
2024-10-21 11:55:35.374212373+00:00,-27.0,-488.0,160.8545235781619,166.81883671137456
2024-10-21 11:55:35.374226300+00:00,0.0,200.33333333333334,-186.50506003119003,-69.99441030977152
2024-10-21 11:55:38.243671650+00:00,201.0,-1211.0,3.254791906720427,-86.03236830424717
2024-10-21 11:55:38.243683612+00:00,-200.0,200.0,15.043735309988147,157.14398559073976
2024-10-21 11:55:38.298336797+00:00,0.0,66.66666666666667,-89.030879249306,-121.35308278081709
2024-10-21 11:55:38.572413983+00:00,-200.0,1410.0,25.34099330430416,44.79517279379974
2024-10-21 11:55:44.733510979+00:00,29.0,666.0,-184.92469011212424,-122.41487319116288
2024-10-21 11:55:44.791957886+00:00,0.0,-305.5,217.3509866158488,137.2432824629816
2024-10-21 11:55:51.293948230+00:00,-100.0,1110.0,23.220993888594982,44.167063296963306
2024-10-21 11:55:51.294217665+00:00,200.0,-1410.0,3.142916500672343,-15.269929125432128
2024-10-21 11:55:51.365188500+00:00,0.0,-150.33333333333334,156.2118886804184,49.28250546303493
2024-10-21 11:55:51.401597368+00:00,0.0,200.33333333333334,-186.50506003119003,-98.43369841013646
2024-10-21 11:55:53.213328704+00:00,0.0,60.714285714285715,19.038925008950912,-55.063682953456535
2024-10-21 11:55:53.213365167+00:00,0.0,-170.0,6.10266509647408,-86.3655547442882
2024-10-21 11:55:54.691386316+00:00,0.0,66.66666666666667,-89.030879249306,-8.206889280845548
2024-10-21 11:55:54.691398035+00:00,201.0,-1210.0,3.2585537240036757,-42.59947566624704
2024-10-21 11:55:54.691407713+00:00,0.0,604.0,24.522528332080675,160.04042451676233
2024-10-21 11:55:54.745856609+00:00,0.0,-66.66666666666667,117.51478905428252,103.80181761550931
2024-10-21 11:55:54.745868744+00:00,0.0,66.66666666666667,-89.030879249306,-193.84163860917928
2024-10-21 11:55:54.762492206+00:00,-10.0,-661.0,204.2968976511214,60.65911425474597
2024-10-21 11:55:54.762530320+00:00,28.0,639.0,-191.23216226663956,-236.82055083625224
2024-10-21 11:55:55.306692496+00:00,0.0,-150.33333333333334,156.2118886804184,11.341813596093047
2024-10-21 11:55:55.306705027+00:00,0.0,267.0,-289.7778941829841,-230.9548121589393
2024-10-21 11:55:55.361082355+00:00,-200.0,-809.0,4.866123441040958,264.6413620951802
2024-10-21 11:55:55.706105479+00:00,0.0,66.66666666666667,-89.030879249306,-128.90855837973382
2024-10-21 11:55:58.151580102+00:00,0.0,66.66666666666667,-89.030879249306,-145.68446172936763
2024-10-21 11:56:07.493655598+00:00,0.0,-0.25,14.216867138532466,-90.63321101802849
2024-10-21 11:56:10.953492365+00:00,200.0,-200.0,13.440174494988359,17.80080870453003
2024-10-21 11:56:10.953504236+00:00,0.0,100.0,15.406276888974592,-38.09542455971673
2024-10-21 11:56:11.008155483+00:00,0.0,-66.66666666666667,117.51478905428252,9.596712624357526
2024-10-21 11:56:11.008167451+00:00,0.0,133.33333333333334,-192.3037134011001,-118.90816282097639
2024-10-21 11:56:11.038752302+00:00,-10.0,-861.0,251.53723324476456,166.72199407180688
2024-10-21 11:56:11.038803026+00:00,26.0,837.0,-294.3360617430218,-168.34622691659231
2024-10-21 11:56:14.982879375+00:00,0.0,-100.0,13.077632916001908,25.865580191362387
2024-10-21 11:56:14.982891924+00:00,0.0,66.66666666666667,15.330958125015929,80.20714210683457
2024-10-21 11:56:15.036962807+00:00,0.0,0.0,14.317273666446917,59.803817617662176
2024-10-21 11:56:15.039085832+00:00,0.0,-279.6,0.3560316536635117,75.84852223421525
2024-10-21 11:56:15.039203352+00:00,0.0,165.2,23.392953865411258,-5.8387555780748
2024-10-21 11:56:17.922879284+00:00,0.0,-279.6,0.3560316536635117,53.63682422316068
2024-10-21 11:56:17.922956219+00:00,0.0,165.6,23.410320937729878,47.61198935926694
2024-10-21 11:56:23.203362495+00:00,0.0,-100.0,13.077632916001908,-165.56366517280193
2024-10-21 11:56:23.203374367+00:00,0.0,66.66666666666667,15.330958125015929,81.46727297282712
2024-10-21 11:56:23.230980890+00:00,0.0,133.33333333333334,-192.3037134011001,2.819868545106033
2024-10-21 11:56:23.259005865+00:00,0.0,66.66666666666667,-89.030879249306,-24.47184060521205
2024-10-21 11:56:23.260424017+00:00,-10.0,-661.0,204.2968976511214,57.15604013708959
2024-10-21 11:56:23.260520532+00:00,27.0,638.0,-191.14769492893362,-159.08371976628018
2024-10-21 11:56:24.985297090+00:00,0.0,-150.33333333333334,156.2118886804184,139.79802727337534
2024-10-21 11:56:24.985309618+00:00,0.0,267.0,-289.7778941829841,-162.00940745430717
2024-10-21 11:56:25.053201827+00:00,0.0,0.0,14.317273666446917,-44.773635087383525
2024-10-21 11:56:29.970611371+00:00,0.0,0.125,14.25449878446614,44.28165694931387
2024-10-21 11:56:34.567796323+00:00,0.0,-100.0,13.077632916001908,33.39729626807043
2024-10-21 11:56:34.567809267+00:00,0.0,66.66666666666667,15.330958125015929,-1.065975843626802
2024-10-21 11:56:34.623413180+00:00,0.0,0.0,14.317273666446917,-1.9895885408835525
2024-10-21 11:56:42.272625996+00:00,0.0,66.66666666666667,-89.030879249306,-31.592644524128545
2024-10-21 11:56:43.878708550+00:00,-100.0,1512.0,26.030671834453155,10.605612150902495
2024-10-21 11:56:43.878991240+00:00,201.0,-1413.0,2.072041474858011,18.828588229462248
2024-10-21 11:56:47.448697059+00:00,0.0,-100.0,13.077632916001908,120.96866778026005
2024-10-21 11:56:47.557683879+00:00,0.0,100.0,15.406276888974592,-67.36425107203647
2024-10-21 11:56:51.014654312+00:00,0.0,66.66666666666667,-89.030879249306,-17.550120357992473
2024-10-21 11:56:51.014666179+00:00,0.0,-100.0,13.077632916001908,-5.629655191310551
2024-10-21 11:56:51.014676787+00:00,0.0,263.25,23.63820851891924,-87.06076963247351
2024-10-21 11:56:55.866035650+00:00,0.0,-218.0,5.994481289764588,47.158633243554384
2024-10-21 11:57:04.890399029+00:00,-100.0,1512.0,26.186203956179845,130.53010070900075
2024-10-21 11:57:04.890725062+00:00,201.0,-1413.0,2.1473602388166473,-74.40186392515136
2024-10-21 11:57:06.458943234+00:00,1.0,838.0,-291.657350244896,-234.27963322647247
2024-10-21 11:57:06.459285665+00:00,0.0,0.0,14.24195490248825,-58.17174723409032
2024-10-21 11:57:07.554141976+00:00,0.0,0.0,14.24195490248825,138.14107493473037
2024-10-21 11:57:08.621131954+00:00,0.0,0.0,14.24195490248825,116.1585225096345
2024-10-21 11:57:10.160087903+00:00,0.0,0.0,14.24195490248825,-80.90717728667047
2024-10-21 11:57:14.110885099+00:00,0.0,0.0,14.24195490248825,-9.236878803500348
2024-10-21 11:57:14.837669309+00:00,0.0,-405.5,320.623820767643,191.33793394595182
2024-10-21 11:57:14.894521785+00:00,0.0,419.5,-292.0452862631265,-206.23396960460082
2024-10-21 11:57:15.098765695+00:00,0.0,-66.66666666666667,13.152951679960573,-9.102674131071616
2024-10-21 11:57:15.098777532+00:00,0.0,50.0,15.48649024674262,9.545307621207385
2024-10-21 11:57:15.158138746+00:00,0.0,-50.0,123.3397004910274,75.50584369998207
2024-10-21 11:57:15.158151037+00:00,0.0,100.0,-203.95353627459002,-233.84586574687526
2024-10-21 11:57:15.238560230+00:00,0.0,263.25,23.63820851891924,-60.50705186243242
2024-10-21 11:57:15.426680348+00:00,0.0,-218.0,5.994481289764588,172.95980368639235
2024-10-21 11:57:15.993250474+00:00,0.0,0.0,14.24195490248825,151.7933265869444
2024-10-21 11:57:17.249143876+00:00,0.0,-66.66666666666667,13.152951679960573,-23.81038086848281
2024-10-21 11:57:17.249155657+00:00,0.0,50.0,15.48649024674262,55.486246421730655
2024-10-21 11:57:17.304858834+00:00,0.0,0.0,14.086422780761561,-43.0451094089445
2024-10-21 11:57:17.495155713+00:00,0.0,0.0,14.24195490248825,106.88980041715115
2024-10-21 11:57:20.112111433+00:00,-20.0,1432.0,25.865491793179856,76.60199015697418
2024-10-21 11:57:22.737207625+00:00,0.0,0.0,14.24195490248825,-91.48204789781731
2024-10-21 11:57:23.434433631+00:00,0.0,0.0,14.24195490248825,-43.15758492824665
2024-10-21 11:57:23.522180556+00:00,0.0,-405.5,320.623820767643,234.28675013308685
2024-10-21 11:57:23.522320812+00:00,0.0,106.75,-76.56450037183298,-54.75294747351982
2024-10-21 11:57:23.575986228+00:00,0.0,0.0,14.086422780761561,7.450715368015199
2024-10-21 11:57:23.893151634+00:00,0.0,0.0,14.24195490248825,-97.45294503703103
2024-10-21 11:57:23.893151634+00:00,-10.0,-838.0,220.98331285921077,96.37688843608231
2024-10-21 11:57:23.893200066+00:00,-23.0,1055.0,23.11353827651802,-16.235194352715222
2024-10-21 11:57:23.964289822+00:00,0.0,-239.0,162.58933398556022,7.3801425575819195
2024-10-21 11:57:23.964302478+00:00,0.0,314.0,-144.41439408353133,-179.94577096405888
2024-10-21 11:57:23.993763323+00:00,20.0,-1432.0,2.773950133523337,1.1618408179181419
2024-10-21 11:57:25.745564633+00:00,0.0,-239.0,162.58933398556022,70.89665468514394
2024-10-21 11:57:25.813792371+00:00,0.0,-66.66666666666667,13.152951679960573,93.90457333482772
2024-10-21 11:57:25.852973172+00:00,0.0,50.0,15.48649024674262,53.29444496607379
2024-10-21 11:57:25.862973670+00:00,0.0,414.0,-191.65472967717443,-122.36969972286099
2024-10-21 11:57:25.868673528+00:00,200.0,210.0,-5.01352941838936,-59.36498537209158
2024-10-21 11:57:26.000349886+00:00,200.0,200.0,-2.6515126387072026,23.036867811169166
2024-10-21 11:57:28.039292565+00:00,-200.0,-200.0,31.135422443683723,-12.19865052301831
2024-10-21 11:57:28.039302990+00:00,-10.0,-488.0,163.43400736261995,138.34092069715192
2024-10-21 11:57:28.039347712+00:00,0.0,0.0,14.24195490248825,59.71728447362294
2024-10-21 11:57:28.153707091+00:00,0.0,414.0,-191.65472967717443,-255.15441992701108
2024-10-21 11:57:28.163711748+00:00,200.0,210.0,-5.01352941838936,-152.7198860779154
2024-10-21 11:57:28.163725884+00:00,0.0,0.0,14.086422780761561,-93.21739624951218
2024-10-21 11:57:29.331953680+00:00,0.0,-66.66666666666667,13.152951679960573,-8.1480193799332
2024-10-21 11:57:29.331966683+00:00,0.0,50.0,15.48649024674262,120.21347297660559
2024-10-21 11:57:30.995192991+00:00,200.0,200.0,-2.6515126387072026,10.905265457781997
2024-10-21 11:57:31.496234971+00:00,0.0,756.0,26.30787818482911,-46.08354583647786
2024-10-21 11:57:36.264542456+00:00,500.0,-1912.0,0.6941450337969186,-7.075549577584885
2024-10-21 11:57:36.267934826+00:00,-200.0,-200.0,31.135422443683723,40.29971535774184
2024-10-21 11:57:37.887981490+00:00,1.0,638.0,-129.0529450107719,-115.76122668665067
2024-10-21 11:57:38.016963535+00:00,0.0,100.0,-32.998380691154935,46.162890341832345
2024-10-21 11:57:40.885440558+00:00,0.0,-100.25,111.71613568437235,-52.57639393703428
2024-10-21 11:57:40.885481569+00:00,0.0,106.5,-76.01901164389031,4.323743772446159
2024-10-21 11:57:41.319151873+00:00,0.0,-50.0,12.997419558233883,62.03703377779964
2024-10-21 11:57:41.319163898+00:00,0.0,130.6,20.950313142307184,47.104864245993895
2024-10-21 11:57:41.375697228+00:00,0.0,-100.0,61.48229049613145,-29.590459088513256
2024-10-21 11:57:41.375709324+00:00,0.0,200.0,-80.23871628479812,-77.55880263001931
2024-10-21 11:57:41.965660865+00:00,0.0,-218.5,127.50362090378779,81.85665463752949
2024-10-21 11:57:42.074173420+00:00,0.0,208.66666666666666,-179.29184579568454,-213.3160687655605
2024-10-21 11:57:42.169221771+00:00,0.0,66.66666666666667,-89.030879249306,-9.61120582414728
2024-10-21 11:57:42.207878969+00:00,0.0,-142.33333333333334,125.14160412410558,184.8687173620436
2024-10-21 11:57:42.313260974+00:00,0.0,208.66666666666666,-179.29184579568454,-60.40127858508464
2024-10-21 11:57:42.380159117+00:00,0.0,66.66666666666667,-89.030879249306,-30.095597973301874
2024-10-21 11:57:42.412324426+00:00,0.0,-66.66666666666667,117.51478905428252,-17.364729044381686
2024-10-21 11:57:42.412336614+00:00,0.0,66.66666666666667,-89.030879249306,-25.94559804708355
2024-10-21 11:57:48.072962640+00:00,0.0,66.66666666666667,-89.030879249306,-89.59768284380806
2024-10-21 11:57:48.072974095+00:00,0.0,-170.6,6.090236630311652,-55.22919101554763
2024-10-21 11:57:48.072984615+00:00,0.0,40.0,15.978662134348994,151.24119979660728
2024-10-21 11:57:48.076659157+00:00,0.0,-133.16666666666666,5.321551070047844,45.23745425038172
2024-10-21 11:57:48.076742621+00:00,0.0,137.66666666666666,22.16357653562736,30.44078557610433
2024-10-21 11:57:48.136477014+00:00,0.0,-66.66666666666667,117.51478905428252,101.1429901337237
2024-10-21 11:57:48.136488492+00:00,0.0,66.66666666666667,-89.030879249306,-214.5006828649487
2024-10-21 11:57:48.194611663+00:00,0.0,-100.25,111.71613568437235,233.34802185436408
2024-10-21 11:57:48.194659897+00:00,0.0,107.25,-77.65547782771837,-33.45868322282757
2024-10-21 11:57:51.070607242+00:00,0.0,0.0,14.24195490248825,37.220273261058665
2024-10-21 11:57:51.271195500+00:00,0.0,130.2,20.939284022028165,-23.679849139470672
2024-10-21 11:57:51.287108312+00:00,0.0,-114.0,6.50244856011787,68.16225354845713
2024-10-21 11:57:51.287157718+00:00,0.0,61.0,19.045488412120598,-128.54774441749873
2024-10-21 11:57:51.322699915+00:00,0.0,0.0,14.24195490248825,-38.98903900834668
2024-10-21 11:57:52.317929239+00:00,0.0,-170.4,6.09674074783911,33.93968326561668
2024-10-21 11:57:52.317942384+00:00,0.0,40.0,15.978662134348994,-26.357657060839824
2024-10-21 11:57:58.266584280+00:00,0.0,130.4,20.944798582167692,-77.63682312185072
2024-10-21 11:58:06.284720780+00:00,0.0,-143.33333333333334,126.69069663638253,118.82120776951994
2024-10-21 11:58:06.284733562+00:00,0.0,66.66666666666667,-89.030879249306,-82.86189293410332
2024-10-21 11:58:06.339571308+00:00,0.0,-163.0,7.341276092093472,-33.93913820365186
2024-10-21 11:58:06.359829740+00:00,0.0,66.66666666666667,-89.030879249306,35.68589406197026
2024-10-21 11:58:06.360206541+00:00,0.0,76.0,19.234107820416785,57.85133584302318
2024-10-21 11:58:06.360243785+00:00,0.0,-114.0,6.50244856011787,93.28439597171099
2024-10-21 11:58:06.414660818+00:00,0.0,-66.66666666666667,117.51478905428252,160.5251011479054
2024-10-21 11:58:06.414672832+00:00,0.0,209.66666666666666,-180.92831197951267,-142.57967362953158
2024-10-21 11:58:14.036350634+00:00,0.0,0.0,14.24195490248825,-165.06563425648352
2024-10-21 11:58:14.036377136+00:00,0.0,-50.0,12.997419558233883,55.22902690919152
2024-10-21 11:58:14.144708873+00:00,0.0,50.0,15.48649024674262,-128.78495624793683
2024-10-21 11:58:18.578706483+00:00,0.0,-50.0,12.997419558233883,20.93173557108311
2024-10-21 11:58:18.578717695+00:00,0.0,130.4,20.944798582167692,-3.420449377761832
2024-10-21 11:58:18.649580622+00:00,0.0,-170.4,6.09674074783911,8.241568335687496
2024-10-21 11:58:18.666193529+00:00,0.0,0.0,14.24195490248825,96.28694261176521
2024-10-21 11:58:18.666193529+00:00,65.0,-65.0,13.981376270050786,21.135376555657594
2024-10-21 11:58:18.721960191+00:00,0.0,137.83333333333334,21.64713542310232,4.268019109491801
2024-10-21 11:58:18.722551669+00:00,0.0,33.875,17.737372704324063,19.958667025115776
2024-10-21 11:58:18.722579315+00:00,0.0,-60.714285714285715,9.449450513134934,-23.458212819768967
2024-10-21 11:58:18.733836431+00:00,0.0,-137.5,6.3268373868766,-34.192625260461824
2024-10-21 11:58:18.771745684+00:00,0.0,104.16666666666667,20.335282797332418,-13.083292248855528
2024-10-21 11:58:19.574896952+00:00,0.0,-137.5,6.3268373868766,93.15645595197347
2024-10-21 11:58:19.574907103+00:00,0.0,104.16666666666667,20.335282797332418,28.422908534503904
2024-10-21 11:58:19.604471701+00:00,0.0,66.66666666666667,-89.030879249306,-96.6695284894372
2024-10-21 11:58:19.632503658+00:00,0.0,33.333333333333336,15.542778407979101,62.599972313711206
2024-10-21 11:58:21.722356897+00:00,0.0,33.333333333333336,15.542778407979101,24.171288120420346
2024-10-21 11:58:21.794663862+00:00,0.0,105.0,-38.16202239874465,145.94314561113785
2024-10-21 11:58:32.993346096+00:00,0.0,100.0,-32.998380691154935,-80.87963857239741
2024-10-21 11:58:37.947553299+00:00,0.0,-33.333333333333336,12.941131396997408,-50.44503320034893
2024-10-21 11:58:37.947562931+00:00,0.0,-137.5,6.3268373868766,-105.31867044356316
2024-10-21 11:58:37.947573917+00:00,0.0,137.5,21.63610630282325,79.0544219760332
2024-10-21 11:58:40.491423845+00:00,0.0,-100.25,111.71613568437235,212.12590334173876
2024-10-21 11:58:40.491466764+00:00,0.0,106.5,-76.01901164389031,-198.98042708787466
2024-10-21 11:58:50.556727313+00:00,0.0,66.66666666666667,16.843601913469943,29.690500305353854
2024-10-21 11:58:53.131341094+00:00,0.0,100.0,-32.998380691154935,20.959884719484204
2024-10-21 11:58:53.954307531+00:00,0.0,0.0,14.24195490248825,4.542647278035309
2024-10-21 11:58:53.954307531+00:00,40.0,-40.0,14.081598820988274,104.21574444832893
2024-10-21 11:58:53.954317948+00:00,100.0,882.0,-265.5125524546864,-373.46377192417094
2024-10-21 11:58:53.954477659+00:00,0.0,0.0,14.24195490248825,-72.23827046854778
2024-10-21 11:58:53.954477659+00:00,201.0,-1609.0,1.028741399230768,-130.50660163526598
2024-10-21 11:58:53.954501480+00:00,100.0,882.0,-277.8723829753019,-213.59471563139434
2024-10-21 11:58:53.954502815+00:00,0.0,386.0,-251.22421016165973,-148.44919642739103
2024-10-21 11:58:53.954507571+00:00,0.0,50.0,-9.378212894333348,57.99541316787318
2024-10-21 11:58:53.954515456+00:00,0.0,50.0,-9.378212894333348,-48.833045949539155
2024-10-21 11:58:53.954518683+00:00,0.0,50.0,-9.378212894333348,115.90210014580532
2024-10-21 11:58:53.954521070+00:00,40.0,40.0,10.863261394249163,-27.26619420813092
2024-10-21 11:58:53.954534910+00:00,0.0,-165.2,5.087095593746669,-89.21856394238596
2024-10-21 11:58:53.954535707+00:00,0.0,234.0,-219.47835776513313,-266.4266940835596
2024-10-21 11:58:53.954546864+00:00,0.0,-50.0,37.86212269930987,6.961698011967546
2024-10-21 11:58:53.954549208+00:00,-100.0,-100.0,22.68868867308598,-81.9714379005284
2024-10-21 11:58:53.954555754+00:00,0.0,0.0,14.24195490248825,-30.243503687068763
2024-10-21 11:58:53.954564591+00:00,0.0,-50.0,37.86212269930987,92.02039651113678
2024-10-21 11:58:53.954570870+00:00,0.0,-50.0,37.86212269930987,52.46956982183372
2024-10-21 11:58:53.954666995+00:00,0.0,-143.0,204.4515350939176,51.76150858606383
2024-10-21 11:58:53.954950395+00:00,0.0,-361.0,283.7374583315877,224.73835763039378
2024-10-21 11:58:54.013566047+00:00,0.0,205.0,23.893779649960653,-15.733328425751086
2024-10-21 11:58:54.013589130+00:00,0.0,-165.2,5.087095593746669,-100.02039035883001
2024-10-21 11:58:54.021444014+00:00,0.0,205.0,23.893779649960653,-32.86342383348553
2024-10-21 11:58:54.043347922+00:00,0.0,40.0,15.978662134348994,51.77321513485682
2024-10-21 11:58:54.063766628+00:00,0.0,-391.0,285.5497284890652,217.2272234734998
2024-10-21 11:58:54.213766156+00:00,-1.0,-837.0,204.2317016814489,126.64667711083024
2024-10-21 11:58:58.704657287+00:00,0.0,135.66666666666666,-63.70941714226529,64.83352026660572
2024-10-21 11:58:58.704745556+00:00,0.0,-80.0,90.3202145223567,65.07576585777328
2024-10-21 11:58:58.758409305+00:00,0.0,-100.0,61.48229049613145,62.16816091659279
2024-10-21 11:58:58.758422757+00:00,0.0,100.0,-32.998380691154935,147.04786738384286
2024-10-21 11:58:58.912375357+00:00,100.0,682.0,-164.27803670582045,-160.5532689928397
2024-10-21 11:58:58.912551174+00:00,8.0,-1409.0,1.5565867962572206,35.858978002747364
2024-10-21 11:58:58.912551174+00:00,-201.0,1609.0,27.45516840574571,40.466198827423
2024-10-21 11:58:58.912551174+00:00,1.0,-1.0,14.237946000450755,66.95692784319606
2024-10-21 11:58:58.912577219+00:00,108.0,-637.0,-214.88439263756652,-137.88653176639542
2024-10-21 11:58:58.912588388+00:00,0.0,100.0,-32.998380691154935,-268.614619878562
2024-10-21 11:58:58.912594900+00:00,0.0,450.0,-344.80126739323777,-190.10286827609295
2024-10-21 11:58:58.912609151+00:00,0.0,97.5,-93.37708738229577,-96.57151938955093
2024-10-21 11:58:58.912613899+00:00,0.0,-33.333333333333336,65.87837197838536,173.21075269162495
2024-10-21 11:58:58.912617614+00:00,0.0,-50.0,12.997419558233883,-55.05187778985663
2024-10-21 11:58:58.912620981+00:00,-38.0,-838.0,251.4559458439666,165.39005174891935
2024-10-21 11:58:58.912628049+00:00,0.0,-356.5,0.18250482204966995,-52.78652414097907
2024-10-21 11:58:58.912639087+00:00,0.0,-50.0,37.86212269930987,-62.38646861987544
2024-10-21 11:58:58.912642543+00:00,0.0,-50.0,37.86212269930987,69.35889737618514
2024-10-21 11:58:58.912684059+00:00,0.0,-93.0,123.35944789617392,14.023681563279307
2024-10-21 11:58:58.912954809+00:00,0.0,-260.0,175.205935910524,83.99463803942035
2024-10-21 11:58:58.926466671+00:00,0.0,256.5,24.64134955548423,45.35954068533134
2024-10-21 11:58:58.945466491+00:00,0.0,50.0,15.48649024674262,-66.90770998785383
2024-10-21 11:58:58.980196081+00:00,0.0,-50.0,12.997419558233883,40.45596680247268
2024-10-21 11:58:58.980205607+00:00,0.0,-356.5,0.18250482204966995,92.5594570299303
2024-10-21 11:58:58.983388525+00:00,0.0,-95.25,80.80617691043676,55.91442108292236
2024-10-21 11:58:58.983400771+00:00,0.0,170.25,-246.32774376053547,-268.47245021212586
2024-10-21 11:58:59.013763041+00:00,0.0,-391.0,287.5880468919936,200.66665978241468
2024-10-21 11:58:59.013823110+00:00,0.0,256.5,24.64134955548423,-54.41791658790948
2024-10-21 11:58:59.163763153+00:00,-1.0,-837.0,203.76570876650933,321.569709760314
2024-10-21 11:59:00.168228588+00:00,0.0,-137.0,116.87977739196204,87.32110743191112
2024-10-21 11:59:00.168269867+00:00,0.0,146.66666666666666,-82.78211711957631,-125.32060937539453
2024-10-21 11:59:00.853830846+00:00,0.0,50.0,15.48649024674262,-33.67089209068439
2024-10-21 11:59:01.071525039+00:00,0.0,-220.5,123.96582773100852,112.09632193697465
2024-10-21 11:59:01.071537379+00:00,0.0,270.0,-273.83686030039553,-212.10307459146026
2024-10-21 11:59:01.127333717+00:00,0.0,50.0,15.48649024674262,102.61224758646817
2024-10-21 11:59:01.141872098+00:00,0.0,-356.5,0.18250482204966995,106.46222867876267
2024-10-21 11:59:01.141884696+00:00,0.0,306.5,25.88588489973858,42.72975511349916
2024-10-21 11:59:01.197001468+00:00,0.0,-5.5,22.399106204675668,55.888535677358455
2024-10-21 11:59:01.197013688+00:00,0.0,50.0,15.48649024674262,-9.896998894569613
2024-10-21 11:59:01.308608556+00:00,0.0,50.0,15.48649024674262,-0.719481057359832
2024-10-21 11:59:01.341702894+00:00,0.0,-15.0,21.32800524153473,-24.613161191658307
2024-10-21 11:59:01.341757997+00:00,0.0,9.0,0.30012229199603707,-12.932888448135555
2024-10-21 11:59:01.498729008+00:00,0.0,100.0,-32.998380691154935,123.78330831174497
2024-10-21 11:59:01.983695936+00:00,0.0,100.0,-32.998380691154935,34.60859040882144
2024-10-21 11:59:02.037392833+00:00,0.0,-100.0,61.48229049613145,149.88590023991702
2024-10-21 11:59:02.037405330+00:00,0.0,100.0,-32.998380691154935,-76.40752960091314
2024-10-21 11:59:02.587275146+00:00,0.0,100.0,-32.998380691154935,38.36139770979448
2024-10-21 11:59:05.075636621+00:00,0.0,-356.5,0.18250482204966995,2.2254791436445296
2024-10-21 11:59:05.075648273+00:00,0.0,256.5,24.64134955548423,-6.329349991825628
2024-10-21 11:59:05.129969945+00:00,0.0,100.0,-32.998380691154935,35.44159447023583
2024-10-21 11:59:05.149534519+00:00,0.0,-9.0,28.18378751298048,-39.67079783197762
2024-10-21 11:59:05.149624943+00:00,0.0,145.66666666666666,-81.2330246072994,-81.76819971886808
2024-10-21 11:59:22.128191719+00:00,0.0,-219.0,123.25722269710388,162.65991653873328
2024-10-21 11:59:22.128203635+00:00,0.0,318.5,-128.47336020094255,-189.86564637286088
2024-10-21 11:59:22.227115805+00:00,0.0,100.0,-32.998380691154935,-109.20440297717282
2024-10-21 11:59:22.702793943+00:00,0.0,-219.0,123.25722269710388,133.3987246212572
2024-10-21 11:59:22.702805375+00:00,0.0,318.5,-128.47336020094255,-80.38061241338582
2024-10-21 11:59:22.748399070+00:00,0.0,50.0,15.48649024674262,-77.54414043810873
2024-10-21 11:59:24.992210687+00:00,0.0,50.0,15.48649024674262,50.11503815928805
2024-10-21 11:59:29.283276904+00:00,0.0,-50.0,12.997419558233883,62.32618255670373
2024-10-21 11:59:29.283287223+00:00,0.0,-356.5,0.18250482204966995,-14.609358262611417
2024-10-21 11:59:29.283298495+00:00,0.0,306.5,25.88588489973858,108.81634572457565
2024-10-21 11:59:29.341806485+00:00,0.0,100.0,16.731025590997,74.81968379261747
2024-10-21 11:59:29.368105783+00:00,0.0,100.0,16.731025590997,-178.79029362921415
2024-10-21 11:59:29.441553398+00:00,0.0,170.6,22.400211430560415,8.678260594159344
2024-10-21 11:59:29.441648558+00:00,0.0,-133.16666666666666,5.321551070047844,-23.537139035607645
2024-10-21 11:59:29.504292026+00:00,0.0,100.0,-32.998380691154935,-153.6650764844529
2024-10-21 11:59:29.550327634+00:00,0.0,-100.0,61.48229049613145,15.197575064672312
2024-10-21 11:59:29.550340581+00:00,0.0,100.0,-32.998380691154935,72.5109116109827
2024-10-21 11:59:30.102712999+00:00,0.0,0.0,14.24195490248825,0.8811804112110715
2024-10-21 11:59:30.102712999+00:00,150.0,-2002.0,-2.748599853662664,-7.064873193395109
2024-10-21 11:59:30.102735583+00:00,100.0,683.0,-164.82352543376308,-76.72982198154514
2024-10-21 11:59:30.102746947+00:00,100.0,100.0,5.795221131890529,169.25828757433283
2024-10-21 11:59:30.102753002+00:00,23.0,706.0,-187.34754053139568,-156.5664857574793
2024-10-21 11:59:30.102766235+00:00,0.0,132.0,-107.1050936887002,-69.8107982933601
2024-10-21 11:59:30.102781049+00:00,0.0,-50.0,37.86212269930987,-24.56927677663251
2024-10-21 11:59:30.102784354+00:00,0.0,-253.0,172.08100456876048,108.05928197066567
2024-10-21 11:59:30.166940785+00:00,0.0,-66.66666666666667,13.152951679960573,23.82663939984201
2024-10-21 11:59:30.203764599+00:00,0.0,-291.5,184.8607014681419,41.23151685027149
2024-10-21 11:59:30.353763576+00:00,-1.0,-638.0,157.04173734362507,53.750978027839864
2024-10-21 11:59:33.214948750+00:00,0.0,100.0,-32.998380691154935,66.78755137523063
2024-10-21 11:59:33.268596579+00:00,0.0,-100.0,61.48229049613145,-74.19686284011682
2024-10-21 11:59:40.586082406+00:00,1.0,584.0,-156.46125900087137,-89.87714086151836
2024-10-21 11:59:40.711462280+00:00,-1.0,-638.0,157.04173734362507,111.66074386345944
2024-10-21 11:59:40.711462280+00:00,1.0,584.0,-156.46125900087137,-42.71949314246861
2024-10-21 11:59:44.915756078+00:00,-1.0,-319.0,157.04173734362507,33.49840693348628
2024-10-21 11:59:56.140334654+00:00,0.0,-219.0,123.25722269710388,76.78817511350236
2024-10-21 11:59:56.140348516+00:00,0.0,318.5,-128.47336020094255,-157.54099086546537
2024-10-21 11:59:56.303825659+00:00,0.0,-477.3333333333333,1.040177724364501,41.83090804332691
2024-10-21 11:59:56.303838548+00:00,0.0,542.3333333333334,29.396630882175792,156.66408566198163
2024-10-21 11:59:56.366678187+00:00,0.0,66.66666666666667,15.330958125015929,117.33453741198714
2024-10-21 11:59:56.374323675+00:00,0.0,-351.0,1.192638175518364,-23.963725090872597
2024-10-21 11:59:56.374379339+00:00,0.0,356.5,28.30140498292688,-24.316797831077892
2024-10-21 11:59:57.076259289+00:00,0.0,-351.0,1.192638175518364,-24.243195867244943
2024-10-21 11:59:57.076314960+00:00,0.0,356.25,28.295182306205604,-48.79991856097253
2024-10-21 11:59:57.121796841+00:00,0.0,100.0,-32.998380691154935,-50.33074348441868
2024-10-21 11:59:58.069271668+00:00,0.0,-219.0,123.25722269710388,81.85888313429237
2024-10-21 11:59:58.069284093+00:00,0.0,318.5,-128.47336020094255,14.88178164943513
2024-10-21 12:00:01.682008523+00:00,0.0,-351.0,1.192638175518364,186.13838715858395
2024-10-21 12:00:01.682052966+00:00,0.0,356.25,28.295182306205604,5.0230826422829
2024-10-21 12:00:01.884638806+00:00,0.0,100.0,-32.998380691154935,-62.21357018388683
2024-10-21 12:00:02.064285089+00:00,0.0,-219.0,123.25722269710388,114.0145317255682
2024-10-21 12:00:02.160356498+00:00,0.0,-230.5,158.5739054601005,197.26452421121556
2024-10-21 12:00:02.160444679+00:00,0.0,142.33333333333334,-96.65769431912912,-159.95237192760055
2024-10-21 12:00:02.178747608+00:00,0.0,200.0,-280.0317958944585,-302.9342129797268
2024-10-21 12:00:02.219875510+00:00,0.0,118.0,-52.34472932525473,-67.66718685966765
2024-10-21 12:00:02.605471012+00:00,0.0,66.66666666666667,15.330958125015929,14.412382225352836
2024-10-21 12:00:02.834037742+00:00,0.0,100.0,-32.998380691154935,58.66417650576001
2024-10-21 12:00:03.047639596+00:00,0.0,-100.0,61.48229049613145,75.78743740855094
2024-10-21 12:00:03.047650452+00:00,0.0,-218.5,127.50362090378779,73.78654058862702
2024-10-21 12:00:03.057465668+00:00,0.0,318.0,-128.42298894512322,-295.96336939726586
2024-10-21 12:00:03.060752951+00:00,0.0,-218.5,127.50362090378779,109.33826246047614
2024-10-21 12:00:03.162897564+00:00,0.0,418.0,-175.6633245387664,-252.72189810520854
2024-10-21 12:00:03.902053598+00:00,0.0,200.0,-80.23871628479812,-34.02750346963495
2024-10-21 12:00:04.046818528+00:00,0.0,-218.5,127.50362090378779,109.70128940027685
2024-10-21 12:00:04.147280360+00:00,0.0,418.0,-175.6633245387664,-111.0876037005812
2024-10-21 12:00:06.012108650+00:00,0.0,-218.5,127.50362090378779,113.8683158288242
2024-10-21 12:00:06.012122140+00:00,0.0,208.66666666666666,-179.29184579568454,-156.92881487807352
2024-10-21 12:00:06.101295300+00:00,0.0,-142.33333333333334,125.14160412410558,158.70732567326056
2024-10-21 12:00:06.101307454+00:00,0.0,275.3333333333333,-282.5646799474786,-238.0314621046674
2024-10-21 12:00:07.067376608+00:00,0.0,0.0,14.24195490248825,55.63238997643618
2024-10-21 12:00:07.067376608+00:00,-10.0,-837.0,220.4669486884518,109.83595042747142
2024-10-21 12:00:07.067419673+00:00,-19.0,1419.0,26.96273739497252,-4.862912530789739
2024-10-21 12:00:07.067421371+00:00,0.0,-100.0,61.48229049613145,16.611158149909606
2024-10-21 12:00:07.067467022+00:00,0.0,709.0,26.706912687937656,10.057811942379743
2024-10-21 12:00:07.086677914+00:00,0.0,100.0,-32.998380691154935,5.84798167740082
2024-10-21 12:00:07.088999005+00:00,0.0,-100.0,61.48229049613145,-66.73338313129726
2024-10-21 12:00:07.089009480+00:00,0.0,-238.5,162.353132307592,95.04694679128625
2024-10-21 12:00:07.149589050+00:00,0.0,-250.5,181.7917549637307,86.62270240660112
2024-10-21 12:00:07.149680427+00:00,0.0,155.0,-134.95707726606744,-123.2790450779422
2024-10-21 12:00:07.173766393+00:00,0.0,-700.0,1.5973415487165201,33.71155511232515
2024-10-21 12:00:07.190951663+00:00,0.0,205.0,-194.1419022223878,-247.6322081846404
2024-10-21 12:00:07.323764357+00:00,150.0,-2000.0,-2.736154500220158,-1.7736188312872785
2024-10-21 12:00:07.337509459+00:00,0.0,66.66666666666667,-89.030879249306,77.67812478515218
2024-10-21 12:00:07.338114020+00:00,0.0,-66.66666666666667,117.51478905428252,89.30514318240712
2024-10-21 12:00:07.646720038+00:00,0.0,0.0,14.24195490248825,-9.205638432669529
2024-10-21 12:00:07.956169614+00:00,0.0,66.66666666666667,-89.030879249306,-84.6390757542597
2024-10-21 12:00:07.965852395+00:00,0.0,-66.66666666666667,13.152951679960573,-118.94814637631433
2024-10-21 12:00:07.965864571+00:00,0.0,133.33333333333334,16.41996134754361,162.27708424063798
2024-10-21 12:00:08.010134216+00:00,0.0,-66.66666666666667,117.51478905428252,71.28350331901592
2024-10-21 12:00:08.010145977+00:00,0.0,-132.5,116.20065147740074,-43.65572556297082
2024-10-21 12:00:08.944714285+00:00,0.0,-351.0,1.192638175518364,-2.4690396134146098
2024-10-21 12:00:08.944755705+00:00,0.0,356.5,28.30140498292688,-124.07690778494093
2024-10-21 12:00:11.760000282+00:00,0.0,315.0,-145.85486622562138,-32.70103485444618
2024-10-21 12:00:14.055732875+00:00,0.0,-240.0,166.9840122405672,145.82056945138348
2024-10-21 12:00:14.158979266+00:00,0.0,100.0,-32.998380691154935,-99.61546087096222
2024-10-21 12:00:14.450532708+00:00,0.0,0.0,14.24195490248825,96.10936448520332
2024-10-21 12:00:15.203702787+00:00,0.0,0.0,14.24195490248825,-70.8471468381572
2024-10-21 12:00:15.819869942+00:00,0.0,-100.0,61.48229049613145,0.15906780398984388
2024-10-21 12:00:15.819882720+00:00,0.0,66.66666666666667,-89.030879249306,-132.75239092686311
2024-10-21 12:00:15.838554673+00:00,0.0,133.33333333333334,16.41996134754361,-33.379009152004656
2024-10-21 12:00:15.866578232+00:00,0.0,-9.666666666666666,29.216515854498425,104.06354938857685
2024-10-21 12:00:15.866633819+00:00,0.0,103.0,-89.2326018867655,-233.82256446212813
2024-10-21 12:00:15.951171652+00:00,0.0,-351.0,1.192638175518364,-3.677819057935299
2024-10-21 12:00:15.951251227+00:00,0.0,356.5,28.30140498292688,-3.8508061571749206
2024-10-21 12:00:16.054719712+00:00,0.0,-154.0,161.89189455876704,162.7629204110879
2024-10-21 12:00:16.157998016+00:00,0.0,204.0,-192.5054360385597,-180.35669922764328
2024-10-21 12:00:16.338916301+00:00,0.0,66.66666666666667,-89.030879249306,-119.14144494610892
2024-10-21 12:00:16.393554950+00:00,0.0,-66.66666666666667,117.51478905428252,-0.2851839098384694
2024-10-21 12:00:16.393566799+00:00,0.0,66.66666666666667,-89.030879249306,-93.69097894158449
2024-10-21 12:00:30.257881806+00:00,0.0,-131.0,114.65155896512381,141.59046335539833
2024-10-21 12:00:31.949871042+00:00,0.0,-100.0,61.48229049613145,236.34245109448983
2024-10-21 12:00:31.949883226+00:00,0.0,204.0,-192.5054360385597,-121.16665143870524
2024-10-21 12:00:34.385769828+00:00,0.0,-131.0,114.65155896512381,150.993051684665
2024-10-21 12:00:34.427987983+00:00,0.0,-162.0,178.24872979420752,97.17703561010643
2024-10-21 12:00:34.428063663+00:00,0.0,154.66666666666666,-134.44071309530847,-120.47555403170115
2024-10-21 12:00:35.519789038+00:00,0.0,-100.0,61.48229049613145,124.02816166789911
2024-10-21 12:00:35.519800735+00:00,0.0,204.66666666666666,-193.59641349444507,-305.7427122442721
2024-10-21 12:00:40.233143021+00:00,0.0,133.33333333333334,16.41996134754361,64.7623013718648
2024-10-21 12:00:40.246039339+00:00,0.0,-154.66666666666666,162.924622900285,98.25380992776931
2024-10-21 12:00:40.246051577+00:00,0.0,66.66666666666667,-89.030879249306,-113.25537024457502
2024-10-21 12:00:40.301104866+00:00,0.0,-515.5,3.374266713449816,-83.59828634908473
2024-10-21 12:00:40.317525489+00:00,0.0,-9.333333333333334,28.700151683739456,57.03708258137281
2024-10-21 12:00:40.317579213+00:00,0.0,7.25,-1.57721820784992,111.97630199466725
2024-10-21 12:00:40.436754233+00:00,0.0,-489.0,0.7117010914226923,66.10193317098552
2024-10-21 12:00:40.436793684+00:00,0.0,478.0,27.454622112837285,81.28779296044104
2024-10-21 12:00:51.186556234+00:00,500.0,1140.0,-248.61350974788067,-162.7936445134937
2024-10-21 12:00:51.249667336+00:00,-1.0,2005.0,31.511455252864224,-62.311651939363514
2024-10-21 12:00:51.987589245+00:00,0.0,50.0,-94.85579068605091,14.849543318145322
2024-10-21 12:00:51.987648731+00:00,0.0,-66.66666666666667,13.152951679960573,79.34082823069366
2024-10-21 12:00:51.988166858+00:00,0.0,-5.8,26.366675907519006,43.02489704875746
2024-10-21 12:00:51.988248573+00:00,0.0,8.666666666666666,0.8164864627550078,-22.745656121977387
2024-10-21 12:00:52.042752970+00:00,0.0,-50.0,123.3397004910274,20.389419967531644
2024-10-21 12:00:52.042765437+00:00,0.0,80.33333333333333,-111.39591709495656,-119.88262855259539
2024-10-21 12:00:53.989325211+00:00,0.0,-159.0,169.63735712015165,81.23891484436453
2024-10-21 12:00:53.989336874+00:00,0.0,275.6666666666667,-303.9606011094943,-264.81293724434295
2024-10-21 12:00:53.998541135+00:00,0.0,-6.5,28.424661828998335,27.509292945074797
2024-10-21 12:00:53.998594585+00:00,0.0,4.5,4.706103811234611,-7.533333980331128
2024-10-21 12:00:57.883000+00:00,0.0,-4.5,23.777805993741893,73.210576947534
2024-10-21 12:00:57.883056751+00:00,0.0,5.4,2.9534215529768746,56.37995347604435
2024-10-21 12:00:58.996621223+00:00,0.0,-159.33333333333334,170.9400843348711,99.16731454460702
2024-10-21 12:00:58.996633732+00:00,0.0,133.33333333333334,-192.3037134011001,-77.06240811786883
2024-10-21 12:01:00.317542037+00:00,0.0,-66.66666666666667,117.51478905428252,56.187248952468536
2024-10-21 12:01:01.594618675+00:00,0.0,66.66666666666667,-89.030879249306,-25.61689018357527
2024-10-21 12:01:02.481414409+00:00,0.0,-66.66666666666667,117.51478905428252,39.868970999198
2024-10-21 12:01:02.481427194+00:00,0.0,276.0,-301.0664275324956,-161.10470225969613
2024-10-21 12:01:02.481437815+00:00,0.0,-66.66666666666667,13.152951679960573,-6.986986417311274
2024-10-21 12:01:02.481449719+00:00,0.0,257.25,24.66740016396213,72.03550027161546
2024-10-21 12:01:02.537411197+00:00,0.0,50.0,15.48649024674262,82.36283113192238
2024-10-21 12:01:02.855205010+00:00,0.0,133.33333333333334,-192.3037134011001,-233.45779253134313
2024-10-21 12:01:04.580232646+00:00,0.0,-159.33333333333334,170.9400843348711,173.46564870904882
2024-10-21 12:01:04.580244325+00:00,0.0,276.0,-301.0664275324956,-348.88155712281116
2024-10-21 12:01:04.634702173+00:00,0.0,75.0,15.486525043047726,124.23791418980582
2024-10-21 12:01:04.658981181+00:00,0.0,-279.8,0.35051709352397936,-16.684840581055223
2024-10-21 12:01:04.659042935+00:00,0.0,165.8,23.422864819707744,30.353721447082425
2024-10-21 12:01:04.741629959+00:00,0.0,-159.33333333333334,170.9400843348711,60.035764126209045
2024-10-21 12:01:04.741641481+00:00,0.0,133.33333333333334,-192.3037134011001,-22.1988782871366
2024-10-21 12:01:04.804426665+00:00,0.0,-627.0,1.1920333755562293,-57.653395849130746
2024-10-21 12:01:04.818909404+00:00,0.0,-6.75,28.97015055694105,-4.810882791467776
2024-10-21 12:01:04.818994775+00:00,0.0,49.0,-35.4168079675263,76.3719362320619
2024-10-21 12:01:04.857007035+00:00,0.0,276.0,-284.47997148500474,-278.8346130719092
2024-10-21 12:01:05.922932529+00:00,0.0,-351.0,1.192638175518364,-93.75496166765255
2024-10-21 12:01:05.922966254+00:00,0.0,-38.0,54.01168701120275,11.495205134694007
2024-10-21 12:01:05.923028260+00:00,0.0,357.0,28.31385033636936,8.583104394198422
2024-10-21 12:01:05.923061114+00:00,0.0,83.0,-68.10771213377542,19.487432801796025
2024-10-21 12:01:06.781424093+00:00,0.0,-143.66666666666666,127.64392916489736,16.731076803204672
2024-10-21 12:01:06.781437182+00:00,0.0,210.0,-179.5628772047101,-56.784365688798076
2024-10-21 12:01:07.185212354+00:00,0.0,-143.66666666666666,127.64392916489736,161.70389855977896
2024-10-21 12:01:07.185224829+00:00,0.0,133.33333333333334,-192.3037134011001,16.1409719792305
2024-10-21 12:01:07.565767784+00:00,0.0,276.6666666666667,-282.83571135650436,-134.1759480889884
2024-10-21 12:01:07.595799579+00:00,0.0,-77.2,103.53380476523192,-119.52599731223079
2024-10-21 12:01:07.595852119+00:00,0.0,82.8,-67.68961830601575,-115.05047993731678
2024-10-21 12:01:09.437841151+00:00,1.0,1285.0,-386.7189839048806,-193.31446382129192
2024-10-21 12:01:11.781701764+00:00,0.0,-107.25,104.35585903013268,-76.6131807639981
2024-10-21 12:01:11.781713240+00:00,0.0,100.0,-203.95353627459002,-59.97380155084178
2024-10-21 12:01:13.838979517+00:00,0.0,-77.2,103.53380476523192,8.867736465123528
2024-10-21 12:01:13.839070933+00:00,0.0,82.6,-67.27152447825607,7.694703243539932
2024-10-21 12:01:33.939295458+00:00,0.0,193.25,-263.01685620543043,-175.18680854399634
2024-10-21 12:01:35.962900590+00:00,0.0,100.0,15.406276888974592,21.068666133477475
2024-10-21 12:01:35.963468384+00:00,0.0,9.333333333333334,14.394415353642133,-42.50659168257714
2024-10-21 12:01:35.963501831+00:00,0.0,-351.0,1.192638175518364,76.20319772695426
2024-10-21 12:01:36.017994443+00:00,0.0,-100.0,13.077632916001908,-28.86946702376958
2024-10-21 12:01:36.018008103+00:00,-200.0,0.0,13.8794133235018,-55.919607099328246
2024-10-21 12:01:37.328372588+00:00,0.0,493.3333333333333,28.615655028833732,-21.421039628473235
2024-10-21 12:01:37.328448858+00:00,-200.0,1231.0,25.421175533895465,-51.22954454196976
2024-10-21 12:01:37.328482738+00:00,0.0,-5.6,13.998815890027752,12.665502594994068
2024-10-21 12:01:37.359224760+00:00,0.0,-64.16666666666667,84.0488071059615,181.97092095215547
2024-10-21 12:01:37.359337685+00:00,0.0,59.833333333333336,-38.90313728200342,33.227626547832685
2024-10-21 12:01:37.396952090+00:00,0.0,50.0,-94.85579068605091,-143.54936742505203
2024-10-21 12:01:37.923006207+00:00,0.0,-356.0,0.1949501754922006,6.321877039312355
2024-10-21 12:01:37.923035401+00:00,0.0,-64.16666666666667,84.0488071059615,109.8608403408623
2024-10-21 12:01:37.923099010+00:00,0.0,74.4,-45.24715525086476,-26.685883908404424
2024-10-21 12:01:37.923141688+00:00,0.0,9.333333333333334,14.394415353642133,16.558277111549
2024-10-21 12:01:42.535186906+00:00,1.0,-1608.0,0.016257302692077272,99.13351007553501
2024-10-21 12:01:42.535199542+00:00,0.0,901.0,30.422494484020287,174.13146439597932
2024-10-21 12:01:42.538298989+00:00,0.0,-9.333333333333334,14.089494451334383,38.148421461003366
2024-10-21 12:01:42.538396440+00:00,0.0,165.4,23.405497747389187,140.3845557780631
2024-10-21 12:01:44.767942496+00:00,0.0,50.0,-94.85579068605091,-20.078454991340763
2024-10-21 12:01:44.773272494+00:00,0.0,-80.0,90.3202145223567,121.4739829042994
2024-10-21 12:01:44.773315201+00:00,0.0,74.2,-44.82906142310508,-83.74661229234141
2024-10-21 12:01:46.087712989+00:00,100.0,1082.0,-378.85136144186305,-200.18078612874885
2024-10-21 12:01:46.088087887+00:00,-1.0,-1082.0,305.7596648460245,383.6517147564944
2024-10-21 12:01:48.662449384+00:00,0.0,-106.5,104.50292144886681,96.6598533644836
2024-10-21 12:01:48.662461832+00:00,0.0,192.75,-263.0245526001834,-205.02681566511757
2024-10-21 12:01:48.663006081+00:00,0.0,-80.0,90.3202145223567,35.68287669897771
2024-10-21 12:01:48.663060459+00:00,0.0,60.0,-39.25631695204984,23.620661785387483
2024-10-21 12:01:50.803408210+00:00,0.0,-64.16666666666667,84.0488071059615,100.94994286548946
2024-10-21 12:01:50.803449763+00:00,0.0,59.666666666666664,-38.54995761195697,-80.85788196498933
2024-10-21 12:01:59.276468415+00:00,-500.0,-1338.0,355.07911913863234,373.7499082046047
2024-10-21 12:01:59.277562747+00:00,1.0,1284.0,-386.3658042348341,-265.6083300159263
2024-10-21 12:02:01.448038651+00:00,200.0,-1802.0,-1.6348651548522175,27.967763110484007
2024-10-21 12:02:05.406537956+00:00,150.0,-1607.0,0.2933021704288075,-2.022104292131904
2024-10-21 12:02:05.406550192+00:00,0.0,826.0,29.608075048950425,64.71368012119363
2024-10-21 12:02:05.521390954+00:00,-200.0,-1257.0,1.696417883553593,1.4746018353594423
2024-10-21 12:02:07.782798949+00:00,-200.0,1802.0,30.118774959828745,26.415097155721483
2024-10-21 12:02:17.703470063+00:00,150.0,-1607.0,0.2933021704288075,-10.176291550990237
2024-10-21 12:02:17.703482613+00:00,0.0,826.0,29.608075048950425,-54.92223177398937
2024-10-21 12:02:17.758071973+00:00,0.0,100.0,-203.95353627459002,-84.5866906075026
2024-10-21 12:02:17.837786779+00:00,0.0,100.0,15.406276888974592,-9.761424068897028
2024-10-21 12:02:18.878119302+00:00,0.0,-64.16666666666667,84.0488071059615,-44.880471176855735
2024-10-21 12:02:18.878154633+00:00,0.0,165.6,23.41418128354844,-13.729791625566111
2024-10-21 12:02:18.939543004+00:00,0.0,-357.0,0.17005946860710056,7.1794561762271485
2024-10-21 12:02:30.307162147+00:00,0.0,59.833333333333336,-38.90313728200342,22.025232866961726
2024-10-21 12:02:44.176288366+00:00,100.0,100.0,5.795221131890529,-11.413014237326722
2024-10-21 12:02:44.176621537+00:00,-100.0,-100.0,22.68868867308598,-110.07397337385258
2024-10-21 12:02:48.812722097+00:00,-500.0,-1339.0,355.497212966392,345.6532083785642
2024-10-21 12:02:48.883865862+00:00,0.0,-143.33333333333334,127.09844043695466,75.42178263408262
2024-10-21 12:02:48.883880917+00:00,0.0,209.66666666666666,-179.14478337695036,-236.13697071440157
2024-10-21 12:02:49.759332649+00:00,0.0,66.66666666666667,-89.030879249306,-34.79065985073484
2024-10-21 12:02:54.518612296+00:00,0.0,-100.0,13.077632916001908,-14.287822227821767
2024-10-21 12:02:54.518624596+00:00,-400.0,-1058.0,2.492753274940815,-245.79430059668744
2024-10-21 12:02:54.523940080+00:00,0.0,484.6666666666667,28.455420755298,-33.37958459908323
2024-10-21 12:02:54.524017462+00:00,0.0,-351.0,1.192638175518364,0.13503259490757868
2024-10-21 12:02:56.706628033+00:00,0.0,-143.33333333333334,127.09844043695466,118.53565589640228
2024-10-21 12:02:56.706639645+00:00,0.0,209.66666666666666,-179.14478337695036,-69.65793517142319
2024-10-21 12:02:56.761416724+00:00,-200.0,1800.0,30.106329606386158,3.9203245221469634
2024-10-21 12:02:56.763029737+00:00,0.0,66.66666666666667,-89.030879249306,-76.1501247357098
2024-10-21 12:02:56.828592562+00:00,0.0,213.5,23.568588299987443,-79.61211149230672
2024-10-21 12:02:56.828630121+00:00,0.0,-279.8,0.35051709352397936,-51.72705890070275
2024-10-21 12:02:58.875085988+00:00,0.0,-66.66666666666667,117.51478905428252,1.1919973115676825
2024-10-21 12:02:58.875097976+00:00,0.0,133.33333333333334,-192.3037134011001,-146.67287125832658
2024-10-21 12:02:59.629692844+00:00,0.0,-143.33333333333334,127.09844043695466,3.741572188488899
2024-10-21 12:02:59.629704420+00:00,0.0,276.3333333333333,-282.41761752874464,-349.51480752568057
2024-10-21 12:03:04.465116162+00:00,0.0,133.33333333333334,-192.3037134011001,-170.33516966331973
2024-10-21 12:03:23.013257512+00:00,0.0,-143.33333333333334,127.09844043695466,-185.33910473067843
2024-10-21 12:03:23.013270046+00:00,0.0,276.3333333333333,-282.41761752874464,-134.86369310693644
2024-10-21 12:03:36.462240600+00:00,-200.0,200.0,15.043735309988147,183.6061730869074
2024-10-21 12:03:36.477257436+00:00,0.0,4.666666666666667,4.352924141188179,-90.56757882605623
2024-10-21 12:03:36.477483536+00:00,0.0,-82.8,115.24043194250298,-39.64421588152531
2024-10-21 12:03:36.477526397+00:00,0.0,-351.0,1.192638175518364,-37.78329921173357
2024-10-21 12:03:36.477570977+00:00,0.0,356.5,28.30140498292688,127.48011185185263
2024-10-21 12:03:37.922916443+00:00,0.0,-351.0,1.192638175518364,105.79924726252239
2024-10-21 12:03:37.922990125+00:00,0.0,356.5,28.30140498292688,-66.32098097293378
2024-10-21 12:03:38.391113474+00:00,1.0,1339.0,-413.2697746851622,-327.8173124987097
2024-10-21 12:03:38.520085682+00:00,0.0,64.16666666666667,-43.66412158337382,-157.76188069224776
2024-10-21 12:03:38.520115737+00:00,0.0,-4.0,19.70929854395152,19.826799550314867
2024-10-21 12:03:55.424131689+00:00,0.0,-64.16666666666667,84.0488071059615,97.67696066854164
2024-10-21 12:03:55.424188038+00:00,0.0,60.0,-39.25631695204984,-17.43918304092322
2024-10-21 12:03:55.618218602+00:00,150.0,-1606.0,0.29874718654144655,-35.641645511782976
2024-10-21 12:03:55.618231402+00:00,-200.0,200.0,15.043735309988147,17.039558738758593
2024-10-21 12:03:55.674377683+00:00,0.0,100.0,-203.95353627459002,-167.4597744643549
2024-10-21 12:03:55.688445687+00:00,0.0,-489.0,0.7117010914226923,-11.06744725995901
2024-10-21 12:03:55.688489469+00:00,0.0,477.0,27.43828706449937,-121.49768094696236
2024-10-21 12:03:55.728447009+00:00,-200.0,1801.0,30.112552283107448,-56.768706236331354
2024-10-21 12:03:56.332225034+00:00,0.0,-64.16666666666667,84.0488071059615,-53.67122374288702
2024-10-21 12:03:56.332253646+00:00,0.0,-351.0,1.192638175518364,16.46049596695609
2024-10-21 12:03:56.332311467+00:00,0.0,356.5,28.30140498292688,197.21017922359985
2024-10-21 12:03:56.332342495+00:00,0.0,75.0,-46.50143673414381,-104.92599585299459
2024-10-21 12:03:56.388992803+00:00,0.0,70.0,-94.48576652873295,-46.69681983472837
2024-10-21 12:03:56.896105724+00:00,0.0,-80.0,90.3202145223567,103.06807122812268
2024-10-21 12:03:56.896208906+00:00,0.0,74.6,-45.66524907862445,-52.04764754373649
2024-10-21 12:04:00.333416396+00:00,0.0,-119.0,63.51720501869869,68.61894641047559
2024-10-21 12:04:00.453606564+00:00,0.0,9.0,0.30012229199603707,-44.430129775286524
2024-10-21 12:04:00.453632315+00:00,0.0,-100.25,111.71613568437235,93.13873382935324
2024-10-21 12:04:01.301464181+00:00,0.0,577.5,-447.72593738596754,-420.9240201105564
2024-10-21 12:04:01.372206492+00:00,0.0,-66.66666666666667,117.51478905428252,7.0912222002336165
2024-10-21 12:04:01.372219216+00:00,0.0,195.5,-267.6235847055398,-190.5505186402412
2024-10-21 12:04:01.372796891+00:00,0.0,-5.4,25.530488251999643,-20.79603465827948
2024-10-21 12:04:01.644457609+00:00,0.0,-70.0,-7.497732350010542,-28.84877709876501
2024-10-21 12:04:05.632550110+00:00,0.0,6.5,0.059247975978168374,-100.56114301993756
2024-10-21 12:04:12.155049282+00:00,150.0,-1606.0,0.29874718654144655,141.9392747001436
2024-10-21 12:04:12.156256239+00:00,0.0,0.0,14.24195490248825,27.04913262246698
2024-10-21 12:04:12.260774944+00:00,0.0,542.0,29.3904082054545,-64.3805750939926
2024-10-21 12:04:16.430845992+00:00,0.0,66.66666666666667,15.330958125015929,9.495366692921596
2024-10-21 12:04:16.499853888+00:00,0.0,-66.66666666666667,117.51478905428252,75.95669398486844
2024-10-21 12:04:16.509417925+00:00,0.0,145.25,-158.107745289241,-242.08798615857998
2024-10-21 12:04:19.069602567+00:00,0.0,-109.0,109.95780872829374,81.46494971510464
2024-10-21 12:04:19.069614798+00:00,0.0,195.25,-267.20549087778016,-259.4098984227054
2024-10-21 12:04:19.070597243+00:00,0.0,-5.2,25.11239442423996,52.08476711066297
2024-10-21 12:04:19.070641181+00:00,0.0,45.5,-23.619047122541275,-10.132902734301888
2024-10-21 12:04:19.474987580+00:00,0.0,50.0,-94.85579068605091,-137.31714540408083
2024-10-21 12:04:19.884911653+00:00,0.0,-57.5,62.44253170632988,-16.6163775196405
2024-10-21 12:04:19.885049397+00:00,0.0,45.666666666666664,-23.9722267925877,-60.28587162728238
2024-10-21 12:04:26.481060587+00:00,0.0,-96.0,80.0221399907876,106.20997749023881
2024-10-21 12:04:26.481072450+00:00,0.0,121.0,-137.25091065872365,-182.25706410087957
2024-10-21 12:04:26.535918353+00:00,0.0,-66.66666666666667,13.152951679960573,-82.94845935086325
2024-10-21 12:04:26.535930308+00:00,0.0,133.33333333333334,16.41996134754361,-65.24608416526134
2024-10-21 12:04:26.555072803+00:00,0.0,-351.0,1.192638175518364,-36.90334957819887
2024-10-21 12:04:26.555132343+00:00,0.0,357.25,28.32007301309063,47.72995025316972
2024-10-21 12:04:26.566152901+00:00,0.0,50.0,-94.85579068605091,99.71472978156766
2024-10-21 12:04:26.621148067+00:00,0.0,-50.0,123.3397004910274,24.709634687056305
2024-10-21 12:04:26.621160396+00:00,0.0,5.333333333333333,-126.52352831280083,-89.76683768635786
2024-10-21 12:04:27.723319849+00:00,0.0,394.6666666666667,-507.4431973451207,-552.1220009530937
2024-10-21 12:04:27.735053874+00:00,0.0,-294.6666666666667,338.2042253702732,241.64859406071076
2024-10-21 12:04:27.735066380+00:00,0.0,121.0,-137.25091065872365,61.12985682539445
2024-10-21 12:04:40.612532228+00:00,0.0,5.666666666666667,14.931335377107994,-49.34563116146133
2024-10-21 12:04:47.058697813+00:00,-3.0,1456.0,27.42236269220315,17.256879590970083
2024-10-21 12:04:51.210492220+00:00,0.0,-219.75,5.476210670520865,5.15230628977788
2024-10-21 12:04:51.210504256+00:00,0.0,100.0,16.731025590997,38.05267827240146
2024-10-21 12:04:51.271373633+00:00,0.0,-57.5,62.44253170632988,-72.89642616050483
2024-10-21 12:04:51.271438407+00:00,0.0,5.4,2.9534215529768746,16.228593704158833
2024-10-21 12:04:51.271510236+00:00,0.0,269.5,25.156433749155568,82.7919597829073
2024-10-21 12:04:51.316443773+00:00,0.0,50.0,15.48649024674262,6.90420246626913
2024-10-21 12:04:54.735741554+00:00,0.0,1.6666666666666667,11.660134048693399,96.33675876891384
2024-10-21 12:05:01.936493423+00:00,0.0,-50.0,12.997419558233883,-16.86091699246228
2024-10-21 12:05:01.936505877+00:00,0.0,187.5,16.378596223902157,7.058918140202982
2024-10-21 12:05:05.090737406+00:00,0.0,-0.1,14.231974625239404,75.01620593663553
2024-10-21 12:05:15.858212657+00:00,0.0,-527.0,4.643622386070176,6.128415103462248
2024-10-21 12:05:15.858226719+00:00,0.0,257.25,24.66740016396213,55.610716020390846
2024-10-21 12:05:18.858600266+00:00,0.0,50.0,15.48649024674262,166.8109572761892
2024-10-21 12:05:27.769244591+00:00,0.0,0.0,14.24195490248825,50.55403663911213
2024-10-21 12:05:27.769244591+00:00,150.0,-1454.0,2.728107279759815,2.188884045281334
2024-10-21 12:05:27.769266569+00:00,100.0,1106.0,-403.865727838184,-259.5547106095868
2024-10-21 12:05:27.769279547+00:00,100.0,100.0,5.795221131890529,-10.464975168437768
2024-10-21 12:05:27.769282701+00:00,0.0,454.5,-301.97979387390455,-282.481838511913
2024-10-21 12:05:27.769319506+00:00,-100.0,-100.0,22.68868867308598,20.225487228526944
2024-10-21 12:05:27.769383987+00:00,-13.0,-1019.0,425.00097926274054,308.8990643660218
2024-10-21 12:05:27.870580890+00:00,-1.0,-1106.0,452.1097526963917,276.52007101256993
2024-10-21 12:05:30.107740673+00:00,1200.0,2206.0,-496.7797993147591,-392.3779946801831
2024-10-21 12:05:35.113109625+00:00,0.0,-76.4,77.9120033334381,-10.933452850905685
2024-10-21 12:05:35.113122799+00:00,0.0,107.5,-155.00188437981376,-163.10153113269936
2024-10-21 12:05:40.025196163+00:00,0.0,-66.66666666666667,13.152951679960573,48.81609317910433
2024-10-21 12:05:40.028003470+00:00,0.0,0.0,14.24195490248825,56.32619379061188
2024-10-21 12:05:40.028003470+00:00,50.0,-50.0,14.041509800613287,27.22775300334026
2024-10-21 12:05:40.028006695+00:00,281.0,1043.0,-631.6987387638694,-493.2796970314304
2024-10-21 12:05:40.028030027+00:00,0.0,1193.0,-885.0418788074895,-633.0246920876314
2024-10-21 12:05:40.028032659+00:00,0.0,758.6666666666666,-843.4261540536436,-424.57467456212976
2024-10-21 12:05:40.028041901+00:00,0.0,33.333333333333336,-37.39446217340885,-80.55902998339499
2024-10-21 12:05:40.028043931+00:00,0.0,50.0,-9.378212894333348,-83.42442885968723
2024-10-21 12:05:40.028048443+00:00,0.0,16.0,6.683501207505344,-22.95754544531261
2024-10-21 12:05:40.028054971+00:00,0.0,33.333333333333336,-37.39446217340885,77.88430602145758
2024-10-21 12:05:40.028063174+00:00,0.0,548.25,-613.2591620380389,-441.00693281121556
2024-10-21 12:05:40.028066207+00:00,0.0,-50.0,37.86212269930987,102.4068008096401
2024-10-21 12:05:40.028077104+00:00,0.0,-50.0,37.86212269930987,37.32399827526677
2024-10-21 12:05:40.028094970+00:00,0.0,0.0,14.24195490248825,-21.680192168623808
2024-10-21 12:05:40.028094970+00:00,30.0,-1547.0,-0.21918033052753144,15.777548858670382
2024-10-21 12:05:40.028097758+00:00,0.0,20.0,-27.567427873479815,65.80835478009034
2024-10-21 12:05:40.028115361+00:00,100.0,2581.0,-763.7115985484503,-559.0674466232556
2024-10-21 12:05:40.028121192+00:00,0.0,16.666666666666668,-21.076012102154884,-59.372132333990116
2024-10-21 12:05:40.028128644+00:00,0.0,-25.0,68.79082769675783,-61.17659259041308
2024-10-21 12:05:40.028156649+00:00,0.0,-25.0,68.79082769675783,-22.395723445968187
2024-10-21 12:05:40.028365786+00:00,-256.0,-2781.0,806.1803466185617,476.5985177384021
2024-10-21 12:05:40.028429209+00:00,0.0,-802.6666666666666,945.8950458355497,656.1307789998333
2024-10-21 12:05:40.028485091+00:00,0.0,-25.0,68.79082769675783,16.66827209224003
2024-10-21 12:05:40.028584035+00:00,0.0,-25.0,68.79082769675783,78.16863139973132
2024-10-21 12:05:40.055564914+00:00,-32.0,-2350.0,900.1670293172192,499.07852284071623
2024-10-21 12:05:40.071027333+00:00,326.0,2566.0,-843.4081962291652,-590.9815649364401
2024-10-21 12:05:40.096302346+00:00,200.0,-1518.0,5.285051056040668,73.51346868020934
2024-10-21 12:05:40.096345392+00:00,-28.0,1545.0,28.695072331429106,-20.433924974561442
2024-10-21 12:05:40.133764520+00:00,0.0,-762.0,889.9056208156446,564.4838727439267
2024-10-21 12:05:40.147760543+00:00,0.0,44.166666666666664,-113.21196855257864,103.82134013015101
2024-10-21 12:05:40.167062454+00:00,-200.0,1682.0,29.34386537960327,66.08930427669607
2024-10-21 12:05:40.279040532+00:00,0.0,-1203.0,727.4336629160333,531.4338011281375
2024-10-21 12:05:40.371306716+00:00,0.0,215.4,-352.3939582359853,-201.3077486195415
2024-10-21 12:05:40.371534341+00:00,28.0,-1545.0,-0.2111625264525938,48.85096511045716
2024-10-21 12:05:40.371545573+00:00,0.0,827.0,29.543401880481667,-34.88058591284993
2024-10-21 12:05:40.371797762+00:00,0.0,4.5,4.706103811234611,-8.588682424560735
2024-10-21 12:05:40.371831552+00:00,0.0,-3.857142857142857,19.51403627104212,-140.2303309080476
2024-10-21 12:05:40.422122396+00:00,0.0,73.0,-97.10205687692292,-31.853825574828534
2024-10-21 12:05:41.922932814+00:00,0.0,-4.5,23.777805993741893,-24.95052506880817
2024-10-21 12:05:41.923000912+00:00,0.0,111.33333333333333,-107.09669418044544,-90.8108964884868
2024-10-21 12:05:41.948630132+00:00,0.0,0.0,14.24195490248825,71.81153083792393
2024-10-21 12:05:41.951962933+00:00,0.0,-232.33333333333334,230.41004401953433,179.61572209828196
2024-10-21 12:05:41.951975929+00:00,0.0,100.0,-203.95353627459002,-285.6069787684229
2024-10-21 12:05:41.952567424+00:00,200.0,-1717.0,-0.9006936769025061,13.150468489005915
2024-10-21 12:05:41.952619801+00:00,0.0,427.6666666666667,27.44798213873414,37.47800393683526
2024-10-21 12:05:43.153724103+00:00,0.0,295.6666666666667,-218.44070595985656,-124.06792873751252
2024-10-21 12:05:43.258685033+00:00,0.0,0.0,14.24195490248825,24.895272218771694
2024-10-21 12:05:43.258685033+00:00,-250.0,-250.0,35.358789328982574,4.705619012810411
2024-10-21 12:05:43.258755715+00:00,0.0,-232.33333333333334,230.41004401953433,89.22220462307186
2024-10-21 12:05:43.337323654+00:00,0.0,140.0,-167.8435974284316,-19.01997070324809
2024-10-21 12:05:43.337453873+00:00,-200.0,200.0,15.043735309988147,-14.943391925988147
2024-10-21 12:05:43.337912322+00:00,0.0,-170.0,291.9870211204719,71.02492673142123
2024-10-21 12:05:43.337965586+00:00,0.0,18.875,-0.6323335650784699,118.95688060851188
2024-10-21 12:05:43.365778374+00:00,0.0,40.0,-69.3768106494479,-6.806142669413443
2024-10-21 12:05:43.393790686+00:00,200.0,-200.0,13.440174494988359,57.38081600773239
2024-10-21 12:05:43.393803680+00:00,-200.0,200.0,15.043735309988147,-6.236607838671684
2024-10-21 12:05:43.596064460+00:00,0.0,-40.0,97.8607204544244,111.1819364494928
2024-10-21 12:05:43.596076460+00:00,0.0,-69.0,29.610407103663135,-161.21605891666482
2024-10-21 12:05:45.922885872+00:00,0.0,-35.0,42.21392616621772,-23.52249911168418
2024-10-21 12:05:45.923016443+00:00,0.0,5.8,2.1172338974575133,62.72188723782702
2024-10-21 12:05:46.352758108+00:00,0.0,1199.0,-1008.6924376339822,-783.518078185085
2024-10-21 12:05:46.952418271+00:00,200.0,-1546.0,0.0948016215432817,-145.77052280173865
2024-10-21 12:05:46.952433308+00:00,-400.0,1883.0,30.215864940220303,-27.37402972631839
2024-10-21 12:05:47.007021590+00:00,0.0,222.0,-218.7433428106526,-174.45565986521262
2024-10-21 12:05:48.195531738+00:00,200.0,-1546.0,0.0948016215432817,-65.39660663875922
2024-10-21 12:05:48.195615637+00:00,0.0,0.0,14.24195490248825,-41.278550228923265
2024-10-21 12:05:48.195615637+00:00,-100.0,-2198.0,621.8432251117506,548.878867180365
2024-10-21 12:05:48.195615637+00:00,-1200.0,-2208.0,427.94412900489516,166.95284440915793
2024-10-21 12:05:48.195638794+00:00,-100.0,1583.0,29.013194328970446,-7.704519922577544
2024-10-21 12:05:48.195643749+00:00,0.0,789.0,26.363220917874724,47.83674456370227
2024-10-21 12:05:48.195651625+00:00,0.0,326.0,22.948392496864738,24.026571164096055
2024-10-21 12:05:48.195652834+00:00,-33.0,133.0,14.956409662968909,-87.60163142671384
2024-10-21 12:05:48.195667975+00:00,-100.0,1394.0,26.878645420814895,11.714920125514338
2024-10-21 12:05:48.195671113+00:00,0.0,-454.0,367.44520745695587,224.7456206294429
2024-10-21 12:05:48.195675914+00:00,0.0,25.0,14.864222574615438,63.374067515648
2024-10-21 12:05:48.195679038+00:00,0.0,33.333333333333336,14.786456513752091,-48.13795461069503
2024-10-21 12:05:48.195690635+00:00,0.0,-50.0,13.659793909245076,-20.180508486731313
2024-10-21 12:05:48.195701993+00:00,0.0,-33.333333333333336,13.697453291224415,-47.804511703995246
2024-10-21 12:05:48.195706051+00:00,0.0,-25.0,13.619687230361064,48.81682321161017
2024-10-21 12:05:48.195771617+00:00,0.0,-25.0,13.619687230361064,84.29816771910063
2024-10-21 12:05:48.195800135+00:00,33.0,-1144.0,4.603717633934761,-31.058607605064967
2024-10-21 12:05:48.195848770+00:00,0.0,-50.0,13.659793909245076,34.53006807487541
2024-10-21 12:05:48.195954138+00:00,0.0,-755.5,2.5107367525747013,-23.81808101650125
2024-10-21 12:05:48.259822838+00:00,0.0,297.25,-458.7194082624532,-366.8011112851303
2024-10-21 12:05:48.263346529+00:00,0.0,-5.8,26.366675907519006,43.1920921596667
2024-10-21 12:05:48.297202075+00:00,0.0,426.0,24.581897330656265,76.33738024760041
2024-10-21 12:05:48.297231678+00:00,0.0,-939.0,0.3742059073722843,-10.992974240049632
2024-10-21 12:05:48.313231819+00:00,0.0,100.0,15.406276888974592,-130.0318582599773
2024-10-21 12:05:48.453765847+00:00,200.0,-1683.0,-0.9301747277438808,105.77524075411704
2024-10-21 12:05:48.461428130+00:00,-200.0,200.0,15.043735309988147,-76.4781330204098
2024-10-21 12:05:48.825644162+00:00,0.0,50.0,-94.85579068605091,-248.00293468438952
2024-10-21 12:05:49.592099813+00:00,0.0,-220.0,238.82244344319378,304.1947560306735
2024-10-21 12:05:52.517180690+00:00,0.0,56.8,-29.386534066736235,-28.8671566435957
2024-10-21 12:05:55.930110286+00:00,0.0,-6.0,23.53650997614973,-110.45487520312105
2024-10-21 12:05:57.922929284+00:00,0.0,-71.0,66.62346998392668,-5.773485360446605
2024-10-21 12:05:57.923066098+00:00,0.0,7.5,-2.1227069357926154,51.34308521299678
2024-10-21 12:06:05.427139071+00:00,-5.0,1883.0,28.129748407791787,51.53419705194486
2024-10-21 12:06:06.690796307+00:00,0.0,-100.0,13.077632916001908,-73.45169364821373
2024-10-21 12:06:06.690808686+00:00,0.0,100.0,15.406276888974592,-34.57219048549971
2024-10-21 12:06:06.701910843+00:00,0.0,-313.5,1.1938331335088708,-96.68377465098654
2024-10-21 12:06:06.701967763+00:00,0.0,8.666666666666666,14.383525321416855,104.6604303275404
2024-10-21 12:06:06.737555073+00:00,0.0,-315.0,372.0299331578334,234.65910367377637
2024-10-21 12:06:06.737568257+00:00,0.0,363.3333333333333,-433.24886378008665,-285.9239974373296
2024-10-21 12:06:06.784651971+00:00,0.0,66.66666666666667,-89.030879249306,-134.98091661903857
2024-10-21 12:06:06.795491217+00:00,0.0,-66.66666666666667,117.51478905428252,66.01831003138709
2024-10-21 12:06:06.795502438+00:00,0.0,66.66666666666667,-89.030879249306,-135.1513389977451
2024-10-21 12:06:07.734697882+00:00,100.0,2291.0,-642.4448680048898,-568.2619941399565
2024-10-21 12:06:07.735102284+00:00,-1200.0,-2291.0,563.3297805102042,425.44951152664896
2024-10-21 12:06:07.797318931+00:00,0.0,-8.666666666666666,14.10038448355965,-34.6332952930022
2024-10-21 12:06:07.797428592+00:00,0.0,492.6666666666667,25.914039888707872,-64.8587866040299
2024-10-21 12:06:07.802356464+00:00,0.0,-741.5,-0.06399677705931184,18.775709732487446
2024-10-21 12:06:07.802368533+00:00,0.0,839.0,27.078361875194226,-59.48427278596005
2024-10-21 12:06:07.805948070+00:00,0.0,66.66666666666667,-89.030879249306,-61.02551292194775
2024-10-21 12:06:07.846428844+00:00,0.0,100.0,15.406276888974592,1.3847485137206972
2024-10-21 12:06:07.848909781+00:00,0.0,-66.66666666666667,117.51478905428252,129.80732848181765
2024-10-21 12:06:07.896522805+00:00,0.0,-100.0,13.077632916001908,-131.65537304949964
2024-10-21 12:06:07.896534876+00:00,0.0,100.0,15.406276888974592,129.25506013485307
2024-10-21 12:06:08.694025455+00:00,0.0,100.0,15.406276888974592,79.42834828609688
2024-10-21 12:06:17.680964159+00:00,0.0,-7.5,30.606616740769127,-107.0176880786857
2024-10-21 12:06:17.681006872+00:00,0.0,56.8,-29.386534066736235,33.216310822879464
2024-10-21 12:06:17.696105981+00:00,0.0,-484.6666666666667,0.10482991098122381,59.78080414179039
2024-10-21 12:06:18.819178890+00:00,100.0,2180.0,-624.4110629318516,-530.7127962611024
2024-10-21 12:06:18.819594049+00:00,-1200.0,-2190.0,538.2120925597093,484.8308180377512
2024-10-21 12:06:18.820239929+00:00,0.0,-296.3333333333333,343.20654932754525,522.236227071534
2024-10-21 12:06:18.821093344+00:00,200.0,-1717.0,-0.9006936769025061,-100.3722986637515
2024-10-21 12:06:18.873162917+00:00,0.0,329.6666666666667,-408.13117582959177,-284.74938554869755
2024-10-21 12:06:18.892219598+00:00,200.0,-1518.0,5.285051056040668,-59.06292670478466
2024-10-21 12:06:18.892231335+00:00,-400.0,1917.0,30.186383889378913,-47.62505842273757
2024-10-21 12:06:18.892290341+00:00,200.0,-200.0,13.440174494988359,38.271880580026924
2024-10-21 12:06:19.678000980+00:00,0.0,66.66666666666667,-89.030879249306,111.64678225094221
2024-10-21 12:06:19.696727473+00:00,0.0,-66.66666666666667,117.51478905428252,135.93422485144157
2024-10-21 12:06:19.696738939+00:00,0.0,133.33333333333334,-192.3037134011001,-151.8158690202632
2024-10-21 12:06:22.179031254+00:00,0.0,-66.66666666666667,117.51478905428252,100.51870443241202
2024-10-21 12:06:29.265587376+00:00,0.0,-71.0,66.62346998392668,68.33575083155304
2024-10-21 12:06:29.265653484+00:00,0.0,57.0,-29.804627894495916,-82.81151244997503
2024-10-21 12:06:29.265699161+00:00,0.0,14.0,14.404959980596342,27.774040646409425
2024-10-21 12:06:31.862439229+00:00,0.0,-71.0,66.62346998392668,3.1781176313458896
2024-10-21 12:06:31.862509699+00:00,0.0,56.4,-28.550346411216893,-44.06854228947314
2024-10-21 12:06:39.032886978+00:00,228.0,-1546.0,5.172801798990703,38.82354682883104
2024-10-21 12:06:39.137156502+00:00,-200.0,1745.0,29.547608559987054,-83.74428520154048
2024-10-21 12:06:46.758024329+00:00,0.0,66.66666666666667,-89.030879249306,-8.135806654251795
2024-10-21 12:06:46.812855420+00:00,0.0,-66.66666666666667,117.51478905428252,86.16976757357527
2024-10-21 12:06:46.812867723+00:00,0.0,66.66666666666667,-89.030879249306,21.211836419665463
2024-10-21 12:06:46.863385247+00:00,0.0,-71.0,66.62346998392668,82.29965227986298
2024-10-21 12:06:46.888617346+00:00,0.0,6.5,0.059247975978168374,-58.910226064132736
2024-10-21 12:06:48.285146479+00:00,228.0,-1546.0,5.172801798990703,11.797337896534545
2024-10-21 12:06:48.317330539+00:00,-200.0,1745.0,29.547608559987054,102.99909932031771
2024-10-21 12:06:48.791506901+00:00,-20.0,1702.0,29.77604037238555,9.64580917510886
2024-10-21 12:06:48.791534978+00:00,0.0,0.0,14.24195490248825,23.748724515125527
2024-10-21 12:06:48.791534978+00:00,200.0,-1745.0,-1.0636987550105135,17.485128079838333
2024-10-21 12:06:48.791573564+00:00,100.0,2287.0,-640.772492693851,-503.1304299872577
2024-10-21 12:06:48.791586310+00:00,0.0,1088.5,-916.488444172232,-717.9406664377691
2024-10-21 12:06:48.893768793+00:00,0.0,-1093.5,660.80966872823,458.8716012650119
2024-10-21 12:06:49.043764990+00:00,-1200.0,-2287.0,561.1478255984333,479.0442362355585
2024-10-21 12:06:49.574441885+00:00,0.0,-370.5,322.72414088115437,243.48072658179146
2024-10-21 12:06:51.353578115+00:00,0.0,-100.0,61.48229049613145,75.70744494728267
2024-10-21 12:06:51.353591847+00:00,0.0,362.0,-431.06690886831586,-287.9870089954609
2024-10-21 12:06:53.388459101+00:00,0.0,66.66666666666667,-89.030879249306,-155.61745126173705
2024-10-21 12:06:56.110160994+00:00,100.0,2287.0,-640.772492693851,-504.7142265672768
2024-10-21 12:06:56.110195323+00:00,228.0,-1546.0,5.172801798990703,-36.137449138525604
2024-10-21 12:06:56.110459619+00:00,-1200.0,-2287.0,561.1478255984333,463.2415570937411
2024-10-21 12:06:56.110506828+00:00,-200.0,200.0,15.043735309988147,-16.56858111263022
2024-10-21 12:06:56.200078370+00:00,0.0,66.66666666666667,-89.030879249306,-1.8936683827791452
2024-10-21 12:06:56.253414674+00:00,0.0,-66.66666666666667,117.51478905428252,100.07914752830499
2024-10-21 12:06:56.253426681+00:00,0.0,-270.5,275.4838052875111,239.27718613865014
2024-10-21 12:06:56.253770667+00:00,0.0,-100.0,61.48229049613145,17.499948662612724
2024-10-21 12:06:56.253914719+00:00,0.0,-8.666666666666666,27.667423342221518,40.111943271284886
2024-10-21 12:06:56.254006802+00:00,0.0,295.3333333333333,-327.0368362297448,-287.9127312435144
2024-10-21 12:06:56.262048229+00:00,0.0,-100.0,61.48229049613145,120.40030928325811
2024-10-21 12:06:56.262061304+00:00,0.0,290.0,-446.5946872574224,-270.04534147643216
2024-10-21 12:06:56.280865568+00:00,0.0,-420.0,548.6409458985765,305.1879752247572
2024-10-21 12:06:56.343913221+00:00,0.0,-357.5,309.29867244142105,245.6769563062558
2024-10-21 12:06:57.181891624+00:00,0.0,8.666666666666666,0.8164864627550078,133.79565663222766
2024-10-21 12:06:59.253990761+00:00,0.0,100.0,-32.998380691154935,-66.66525317606116
2024-10-21 12:06:59.254521031+00:00,0.0,-8.666666666666666,27.667423342221518,150.01389676463026
2024-10-21 12:06:59.254578130+00:00,0.0,296.3333333333333,-328.5859287420216,-291.24320898289176
2024-10-21 12:06:59.308464431+00:00,0.0,-100.0,61.48229049613145,167.88678201388308
2024-10-21 12:06:59.308477350+00:00,200.0,0.0,44.588822954936006,-50.67245625186889
2024-10-21 12:07:03.723636278+00:00,-200.0,1745.0,29.547608559987054,77.68627068713701
2024-10-21 12:07:06.239446409+00:00,-200.0,-200.0,31.135422443683723,143.07886044292837
2024-10-21 12:07:06.347474732+00:00,200.0,200.0,-2.6515126387072026,52.580923420464046
2024-10-21 12:07:21.424028257+00:00,228.0,-1546.0,5.172801798990703,112.66726688497457
2024-10-21 12:07:21.424041784+00:00,0.0,758.5,28.582823074379068,91.32399266082837
2024-10-21 12:07:21.478349682+00:00,200.0,2190.0,-545.070214464496,-578.7210579859043
2024-10-21 12:07:21.488058823+00:00,0.0,-215.0,342.095277594988,253.54962751232324
2024-10-21 12:07:21.488100749+00:00,0.0,196.5,-242.58190300685425,-122.25642728560933
2024-10-21 12:07:21.502492836+00:00,28.0,-28.0,14.129705645438273,69.94753880747014
2024-10-21 12:07:21.502548349+00:00,0.0,426.6666666666667,27.43164709039621,-108.0319483275828
2024-10-21 12:07:24.037331253+00:00,-200.0,-1143.0,1.715827266340441,112.56296533290507
2024-10-21 12:07:24.051643239+00:00,0.0,-659.0,6.086831463540561,126.27313606825956
2024-10-21 12:07:24.051685450+00:00,0.0,671.5,27.569862946136006,-44.83953520839555
2024-10-21 12:07:31.492189570+00:00,-200.0,1680.0,29.397749484382466,70.77903882487217
2024-10-21 12:07:31.505459563+00:00,0.0,-439.0,1.065408717083748,-37.57277296994273
2024-10-21 12:07:31.506518669+00:00,0.0,427.6666666666667,27.44798213873414,94.36216810166688
2024-10-21 12:07:32.030551990+00:00,-1200.0,-2087.0,457.1177529598623,285.97248663309006
2024-10-21 12:07:32.030564032+00:00,0.0,493.5,-290.33860277125643,-171.98512774836175
2024-10-21 12:07:33.189588145+00:00,200.0,-687.0,338.863480171494,206.8483102633826
2024-10-21 12:07:34.413504555+00:00,200.0,2187.0,-543.4337482806679,-422.86793003611365
2024-10-21 12:07:51.491296294+00:00,0.0,0.0,14.24195490248825,163.4354449809724
2024-10-21 12:07:51.491296294+00:00,0.0,0.0,14.24195490248825,-60.20326718789665
2024-10-21 12:07:51.493462211+00:00,0.0,0.0,14.24195490248825,165.34997703160144
2024-10-21 12:07:51.493723176+00:00,100.0,2177.0,-866.62434828826,-697.5955928790172
2024-10-21 12:07:51.493724386+00:00,0.0,1083.5,-888.287904147963,-720.9952402252325
2024-10-21 12:07:51.493756947+00:00,200.0,-1546.0,0.0948016215432817,-79.01074633696224
2024-10-21 12:07:51.494118408+00:00,-100.0,-2177.0,895.1082580932364,553.6336256762798
2024-10-21 12:07:51.502398180+00:00,-200.0,-2187.0,571.9176580856445,455.24282331990463
2024-10-21 12:07:51.568012126+00:00,200.0,200.0,-2.6515126387072026,94.37670880102075
2024-10-21 12:07:51.600943259+00:00,0.0,352.5,28.260814239986054,-171.76090029005837
2024-10-21 12:07:51.615820733+00:00,0.0,-318.25,1.304989426039867,-39.33830072415014
2024-10-21 12:07:51.619802962+00:00,0.0,-215.0,342.095277594988,185.39605183216378
2024-10-21 12:07:51.619884656+00:00,0.0,263.0,-243.4028815895381,-55.819147555303445
2024-10-21 12:07:51.619898253+00:00,0.0,-659.0,6.086831463540561,-17.01144913364837
2024-10-21 12:07:51.619921024+00:00,28.0,2307.0,-912.0588855275333,-815.6134156147111
2024-10-21 12:07:51.619959682+00:00,0.0,287.25,26.40730846549892,6.55387369379448
2024-10-21 12:07:51.628191317+00:00,0.0,-100.0,61.48229049613145,63.726970872005005
2024-10-21 12:07:51.628201644+00:00,0.0,-994.5,555.3288049563739,382.4670910263007
2024-10-21 12:07:51.628212387+00:00,0.0,212.75,-289.40018517985794,-199.42566761949158
2024-10-21 12:07:51.686536494+00:00,0.0,66.66666666666667,15.330958125015929,49.30153324541962
2024-10-21 12:07:51.794799198+00:00,0.0,50.0,-94.85579068605091,-173.75334566959617
2024-10-21 12:07:51.814032926+00:00,0.0,714.0,-667.9090699843158,-485.8636407695319
2024-10-21 12:07:52.076548886+00:00,0.0,0.0,14.24195490248825,174.57411805309317
2024-10-21 12:07:52.076590310+00:00,5.0,2102.0,-874.1627616211315,-768.0059482050536
2024-10-21 12:07:52.083763088+00:00,-28.0,-2107.0,893.3024597388664,646.2275815987662
2024-10-21 12:07:52.139320651+00:00,0.0,-190.25,257.42859461326344,172.14746682040416
2024-10-21 12:07:52.139355221+00:00,-200.0,-2261.0,642.9471228688018,386.5590862566812
2024-10-21 12:07:52.139430957+00:00,0.0,14.5,7.392106241409994,-31.625185077081614
2024-10-21 12:07:52.330233710+00:00,0.0,0.0,14.24195490248825,21.06533249665576
2024-10-21 12:07:52.330267041+00:00,5.0,2195.0,-911.2189229532354,-672.551952445833
2024-10-21 12:07:52.333762726+00:00,-200.0,-2290.0,649.7969715298798,507.13217836711146
2024-10-21 12:07:53.654833970+00:00,0.0,0.0,14.24195490248825,-26.680138235952672
2024-10-21 12:07:53.654870612+00:00,5.0,2195.0,-911.2189229532354,-650.0770623550513
2024-10-21 12:07:53.663763591+00:00,-200.0,-2290.0,649.7969715298798,396.65247406461526
2024-10-21 12:07:54.619783229+00:00,200.0,200.0,-2.6515126387072026,-112.53720093029861
2024-10-21 12:07:54.619937567+00:00,0.0,-66.66666666666667,13.152951679960573,73.74038062450367
2024-10-21 12:07:54.619949131+00:00,0.0,371.5,28.42859110048677,25.46115380788992
2024-10-21 12:07:54.620382308+00:00,29.0,2419.0,-960.4864746518222,-690.997274841431
2024-10-21 12:07:54.620490674+00:00,0.0,-223.8,2.263281641115651,-44.56993466618232
2024-10-21 12:07:54.620533693+00:00,0.0,216.8,25.92215333965941,11.93262279994444
2024-10-21 12:07:54.677762815+00:00,0.0,-100.0,61.48229049613145,-13.142739551546315
2024-10-21 12:07:54.677774981+00:00,200.0,229.0,-9.501361299785465,-35.80089706655857
2024-10-21 12:07:54.740560308+00:00,0.0,-1045.0,632.9035039886843,365.4360083446527
2024-10-21 12:07:54.740591753+00:00,0.0,-14.5,21.091803563566515,-3.9955589661753033
2024-10-21 12:07:54.740668620+00:00,0.0,995.0,-855.4315383801306,-686.8885589328161
2024-10-21 12:07:57.005348310+00:00,0.0,0.0,14.24195490248825,69.52123798321038
2024-10-21 12:07:57.005348926+00:00,0.0,0.0,14.24195490248825,52.504331978463966
2024-10-21 12:07:57.005648252+00:00,100.0,2180.0,-905.5505434388048,-755.1673930364178
2024-10-21 12:07:57.006073356+00:00,-200.0,-2190.0,900.8089157263021,655.0574973032489
2024-10-21 12:07:57.069351091+00:00,0.0,-50.0,12.997419558233883,-51.42061573755713
2024-10-21 12:07:57.258842550+00:00,0.0,0.0,14.24195490248825,-16.656904900688463
2024-10-21 12:07:58.008823092+00:00,0.0,0.0,14.24195490248825,-22.725634538906828
2024-10-21 12:07:58.008823092+00:00,50.0,-50.0,14.041509800613287,-53.71402974084661
2024-10-21 12:07:58.008889077+00:00,0.0,-286.75,2.0890466929200695,-118.86230313598035
2024-10-21 12:07:58.036947209+00:00,0.0,321.0,27.166688683913783,1.8488187834511471
2024-10-21 12:07:58.162656656+00:00,0.0,50.0,15.48649024674262,120.85250147228672
2024-10-21 12:08:07.337716526+00:00,200.0,200.0,-2.6515126387072026,-41.44471690954596
2024-10-21 12:08:07.341475627+00:00,0.0,954.5,-856.7133227356418,-591.9166943879691
2024-10-21 12:08:07.343053018+00:00,0.0,-653.6666666666666,877.0655995240288,757.5168749680386
2024-10-21 12:08:11.980882050+00:00,0.0,0.0,14.24195490248825,-70.14643783866264
2024-10-21 12:08:11.980882050+00:00,56.0,-56.0,14.01745638838828,-18.312764834971418
2024-10-21 12:08:11.980882050+00:00,-56.0,56.0,14.466453416588225,82.92837216569374
2024-10-21 12:08:22.863309742+00:00,27.0,-2146.0,628.2787096069796,458.3079313908673
2024-10-21 12:08:22.863323283+00:00,0.0,1180.5,-943.0623609063384,-643.7977277264941
2024-10-21 12:08:22.881949837+00:00,-400.0,-2461.0,659.8405904099972,565.6239482747507
2024-10-21 12:08:22.881992297+00:00,0.0,995.5,-855.667740058099,-774.3214491694886
2024-10-21 12:08:22.934444989+00:00,-200.0,-200.0,31.135422443683723,16.226588954624994
2024-10-21 12:08:25.917764011+00:00,200.0,200.0,-2.6515126387072026,14.71745646441283
2024-10-21 12:08:36.931191504+00:00,0.0,-50.0,12.997419558233883,-5.457496036813142
2024-10-21 12:08:36.931201585+00:00,0.0,-286.75,2.0890466929200695,-44.09173408298005
2024-10-21 12:08:36.931212780+00:00,0.0,371.0,28.411224028168157,85.46547820260895
2024-10-21 12:08:36.985980884+00:00,200.0,200.0,-2.6515126387072026,1.4354702335664626
2024-10-21 12:08:37.008605354+00:00,0.0,954.5,-856.9934852284327,-612.8092202702887
2024-10-21 12:08:37.008657827+00:00,0.0,-653.6666666666666,877.0655995240288,692.8110105021041
2024-10-21 12:08:37.017706043+00:00,0.0,221.2,23.544460154019575,-47.25520711480999
2024-10-21 12:08:37.017734583+00:00,0.0,-176.0,2.804895477777583,21.44635531385164
2024-10-21 12:08:37.054120455+00:00,0.0,50.0,15.48649024674262,-25.5970986149246
2024-10-21 12:08:37.140123992+00:00,0.0,50.0,15.48649024674262,3.2423593617898168
2024-10-21 12:08:37.210561446+00:00,-28.0,-2089.0,628.4187407833736,557.1853857334225
2024-10-21 12:08:37.210572545+00:00,200.0,2189.0,-872.0888042433579,-717.6278511524913
2024-10-21 12:08:37.269320274+00:00,0.0,50.0,15.48649024674262,134.35782546027428
2024-10-21 12:08:37.922862859+00:00,0.0,-223.8,2.263281641115651,99.57926976812351
2024-10-21 12:08:37.922947266+00:00,0.0,217.0,25.93083687581869,-54.83443447458294
2024-10-21 12:08:38.864074729+00:00,-100.0,1672.0,27.199210488537066,-25.47206476153961
2024-10-21 12:08:38.864096354+00:00,-28.0,-2089.0,628.4187407833736,486.11933990711816
2024-10-21 12:08:38.864439490+00:00,94.0,-1577.0,-0.1629825249948209,-27.29257610268253
2024-10-21 12:08:38.972450149+00:00,200.0,2189.0,-872.0888042433579,-622.0765044887271
2024-10-21 12:08:38.985809168+00:00,0.0,-316.0,3.1718272387264714,-17.623007774335537
2024-10-21 12:08:39.004863316+00:00,0.0,-66.66666666666667,13.152951679960573,-4.498744678459434
2024-10-21 12:08:39.004876187+00:00,0.0,321.25,27.17537222007305,-28.293454532957185
2024-10-21 12:08:39.005322111+00:00,29.0,2108.0,-899.0369982909215,-550.5029627558149
2024-10-21 12:08:39.005350151+00:00,0.0,-653.6666666666666,877.0655995240288,534.4826686836442
2024-10-21 12:08:39.007699591+00:00,0.0,-287.0,2.0828240161988405,16.597615255993755
2024-10-21 12:08:39.007712438+00:00,0.0,371.25,28.419907564327453,33.71543230880347
2024-10-21 12:08:39.069736562+00:00,200.0,-1861.0,609.1601877864107,384.8576228229145
2024-10-21 12:08:39.162773976+00:00,200.0,2190.0,-872.325005921326,-711.0280991123706
2024-10-21 12:08:41.638527966+00:00,200.0,200.0,-2.6515126387072026,90.05766312790979
2024-10-21 12:08:41.645312053+00:00,0.0,954.0,-856.4771210576736,-627.5798577469332
2024-10-21 12:08:41.701297052+00:00,0.0,-995.0,883.915448185107,555.6729043215175
2024-10-21 12:08:41.701320255+00:00,0.0,-1030.5,626.0536553276062,493.89061180007275
2024-10-21 12:08:41.701391064+00:00,0.0,995.5,-855.667740058099,-512.7623186226182
2024-10-21 12:08:44.045776235+00:00,0.0,0.0,14.24195490248825,-19.059419322306976
2024-10-21 12:08:44.045776717+00:00,44.0,-1746.0,-1.1681020481009823,-32.59256393578871
2024-10-21 12:08:44.045799937+00:00,100.0,2181.0,-906.0669076095631,-634.0878596644253
2024-10-21 12:08:44.045814276+00:00,0.0,1085.5,-742.5311001877053,-601.747958355809
2024-10-21 12:08:44.045826034+00:00,-57.0,-57.0,19.05659315172895,51.62962032318037
2024-10-21 12:08:44.045839714+00:00,0.0,-28.5,27.705450546676563,-27.15340611627535
2024-10-21 12:08:44.046075488+00:00,100.0,2175.0,-649.2644441731958,-485.5078721476799
2024-10-21 12:08:44.046577511+00:00,-57.0,-2185.0,765.6729760892893,501.56404347306557
2024-10-21 12:08:44.062697315+00:00,0.0,0.0,14.24195490248825,76.66747725230009
2024-10-21 12:08:44.062714891+00:00,0.0,0.0,14.24195490248825,89.91978044744023
2024-10-21 12:08:44.062714891+00:00,0.0,0.0,14.24195490248825,153.1378152797363
2024-10-21 12:08:44.070991133+00:00,0.0,0.0,14.24195490248825,-234.41586545257633
2024-10-21 12:08:44.071001755+00:00,100.0,2175.0,-649.2644441731958,-482.16902027689264
2024-10-21 12:08:44.071247115+00:00,-57.0,-2185.0,765.6729760892893,664.5908600027925
2024-10-21 12:08:44.078717275+00:00,154.0,-1703.0,4.077594427899745,68.0134069321703
2024-10-21 12:08:44.078717275+00:00,-40.0,1742.0,29.63597624492746,124.30569414224283
2024-10-21 12:08:44.078717275+00:00,9.0,-9.0,14.20587478415076,33.71050946997497
2024-10-21 12:08:44.078717275+00:00,-13.0,13.0,14.294070628975746,47.99781148897807
2024-10-21 12:08:44.078717275+00:00,0.0,0.0,14.24195490248825,4.82884971333465
2024-10-21 12:08:44.078717275+00:00,0.0,0.0,14.24195490248825,-20.445724671003052
2024-10-21 12:08:44.078746374+00:00,254.0,472.0,-659.4288046477844,-369.7259471675883
2024-10-21 12:08:44.078758339+00:00,0.0,1103.5,-381.0266498344065,-327.4223831418274
2024-10-21 12:08:44.078760028+00:00,0.0,33.333333333333336,-37.39446217340885,27.36001719149362
2024-10-21 12:08:44.078772524+00:00,-57.0,-314.0,95.72968647863351,222.62170002329077
2024-10-21 12:08:44.078783923+00:00,0.0,-1058.5,468.28956882096315,340.0223853138474
2024-10-21 12:08:44.115212449+00:00,0.0,-1040.0,-13.070901410669224,-108.4666770683458
2024-10-21 12:08:44.115267046+00:00,0.0,9.666666666666666,14.399860369754766,-10.991957138568466
2024-10-21 12:08:44.149196088+00:00,0.0,-490.25,626.405366830125,419.00517623403584
2024-10-21 12:08:44.179409160+00:00,0.0,-1064.0,760.8583378400485,597.3804711236411
2024-10-21 12:08:44.303766562+00:00,0.0,-1040.5,926.1040836439427,646.7622833144103
2024-10-21 12:08:44.333763421+00:00,-200.0,-2191.0,901.0451174042705,647.9804362441507
2024-10-21 12:08:45.554994588+00:00,0.0,14.285714285714286,14.793410916439582,-41.1380247766961
2024-10-21 12:08:46.626940215+00:00,1.0,2082.0,-897.7046411766715,-708.97186261618
2024-10-21 12:08:56.736391728+00:00,-200.0,-2191.0,901.0451174042705,649.0980140776483
2024-10-21 12:09:01.138241817+00:00,-30.0,-2091.0,628.5876754587856,453.1164710763471
2024-10-21 12:09:01.138255251+00:00,0.0,1080.5,-895.8220253126954,-709.6110673964238
2024-10-21 12:09:01.157397025+00:00,0.0,10.0,-1.2489702202808788,168.73977230166278
2024-10-21 12:09:01.157426276+00:00,-200.0,-2291.0,650.0331732078482,575.740781292847
2024-10-21 12:09:02.549437699+00:00,0.0,200.0,16.570598875460938,100.93481421048395
2024-10-21 12:09:02.576510264+00:00,0.0,-9.666666666666666,14.084049435221743,73.30045641917754
2024-10-21 12:09:02.576563332+00:00,0.0,416.3333333333333,22.71468868811809,25.449984714512986
2024-10-21 12:09:04.138843955+00:00,0.0,-15.0,21.32800524153473,82.40245964119077
2024-10-21 12:09:04.138894379+00:00,30.0,2191.0,-898.3560454438748,-707.6978375148727
2024-10-21 12:09:04.194606283+00:00,200.0,230.0,-9.73756297775368,12.274705202528073
2024-10-21 12:09:06.506604143+00:00,0.0,-1030.5,626.0536553276062,530.7268813249636
2024-10-21 12:09:06.565023952+00:00,0.0,995.5,-855.667740058099,-627.0166288605373
2024-10-21 12:09:06.773392628+00:00,200.0,200.0,-2.6515126387072026,-110.09212006414074
2024-10-21 12:09:10.542530771+00:00,10.0,2091.0,-898.4648472160258,-607.974071598799
2024-10-21 12:09:12.689157352+00:00,0.0,-1624.5,-13.791184112661131,-123.00212003616322
2024-10-21 12:09:12.689170703+00:00,0.0,724.5,23.87901067460443,38.409387822899426
2024-10-21 12:09:12.782576498+00:00,0.0,100.0,15.406276888974592,0.7347608497970564
2024-10-21 12:09:13.223494596+00:00,0.0,100.0,-32.998380691154935,-119.47747992817077
2024-10-21 12:09:13.230924474+00:00,0.0,-653.6666666666666,877.0655995240288,691.9564307637435
2024-10-21 12:09:13.230979969+00:00,0.0,626.0,-848.8307457330455,-593.9715138323184
2024-10-21 12:09:13.352263576+00:00,0.0,-1073.3333333333333,-13.622357424620503,176.94391653439348
2024-10-21 12:09:13.352324097+00:00,0.0,212.0,20.241947480538425,-61.94124370258358
2024-10-21 12:09:14.174258870+00:00,0.0,-100.0,13.077632916001908,51.90214808766105
2024-10-21 12:09:14.174269739+00:00,0.0,-1624.0,-13.92545540369173,39.76815623630339
2024-10-21 12:09:14.199409178+00:00,0.0,724.0,23.58427591208015,-27.106692546673063
2024-10-21 12:09:15.368368108+00:00,0.0,-994.0,883.4430448291704,537.871350734722
2024-10-21 12:09:15.368381335+00:00,0.0,750.3333333333334,-1041.4345814261421,-826.5678788425196
2024-10-21 12:09:15.368882161+00:00,0.0,-1180.5,971.5462707113153,712.663619504981
2024-10-21 12:09:15.368983400+00:00,0.0,626.3333333333334,-849.3471099038047,-744.1677210237262
2024-10-21 12:09:15.972801291+00:00,0.0,0.0,14.24195490248825,-43.46579524491978
2024-10-21 12:09:16.178054946+00:00,0.0,0.0,14.24195490248825,47.748372807002696
2024-10-21 12:09:17.673639410+00:00,0.0,0.0,14.24195490248825,48.591273241310326
2024-10-21 12:09:18.369344833+00:00,0.0,1147.5,-827.2340327139663,-741.507878858239
2024-10-21 12:09:18.369370009+00:00,0.0,-462.75,863.3728229275304,588.6744815905278
2024-10-21 12:09:18.424025933+00:00,0.0,113.0,-46.42384913088818,-25.218654914137723
2024-10-21 12:09:26.336360989+00:00,0.0,-993.5,883.2068431512025,743.8839882250898
2024-10-21 12:09:26.336373029+00:00,0.0,1038.5,-895.5547171559301,-597.5786310965408
2024-10-21 12:09:26.336385729+00:00,0.0,100.0,15.406276888974592,138.57639773935017
2024-10-21 12:09:26.401883038+00:00,0.0,100.0,-32.998380691154935,-32.89114969557356
2024-10-21 12:09:30.048768796+00:00,0.0,-100.0,13.077632916001908,67.76185679325533
2024-10-21 12:09:30.048780765+00:00,0.0,100.0,15.406276888974592,79.18444523113982
2024-10-21 12:09:30.065483395+00:00,0.0,-705.0,-11.44435097956508,-27.91696205256765
2024-10-21 12:09:30.066245031+00:00,0.0,10.0,14.405305385867408,-23.250848612707987
2024-10-21 12:09:32.077963808+00:00,1.0,1.0,14.157487564782274,-21.547972129691644
2024-10-21 12:09:37.644355301+00:00,0.0,100.0,-32.998380691154935,-54.98868590583675
2024-10-21 12:09:38.208139554+00:00,2.0,2080.0,-719.4961306121753,-459.4554060604132
2024-10-21 12:09:42.372615871+00:00,0.0,-1626.0,-22.026899876699257,-34.01722951241334
2024-10-21 12:09:42.372627823+00:00,0.0,1725.0,43.43393969946249,-22.00880746544029
2024-10-21 12:09:43.901315169+00:00,0.0,989.0,-604.2911043721406,-669.6110295318285
2024-10-21 12:09:45.133407519+00:00,0.0,0.0,14.24195490248825,-97.94084746662593
2024-10-21 12:09:45.628579880+00:00,0.0,10.0,5.0851504205721945,76.40024812259098
2024-10-21 12:09:48.089350946+00:00,0.0,100.0,15.406276888974592,-7.620721796702411
2024-10-21 12:09:48.587030358+00:00,0.0,-100.0,13.077632916001908,-64.28961739278073
2024-10-21 12:09:48.587043020+00:00,0.0,100.0,15.406276888974592,12.442644692674715
2024-10-21 12:09:49.792724444+00:00,0.0,100.0,15.406276888974592,192.29141684388816
2024-10-21 12:09:53.122453611+00:00,-10.0,-2078.0,748.4546153105367,494.10104728561794
2024-10-21 12:09:53.247009420+00:00,0.0,468.0,-511.2992817734802,-385.8057457281503
2024-10-21 12:09:53.247043259+00:00,0.0,-366.2,627.556182397522,472.40461770239807
2024-10-21 12:09:53.299918437+00:00,0.0,66.66666666666667,-89.030879249306,-71.95306059041528
2024-10-21 12:09:54.363979828+00:00,0.0,-100.0,13.077632916001908,37.75972577168017
2024-10-21 12:09:54.363990119+00:00,0.0,-1626.0,-22.026899876699257,-53.68742569510003
2024-10-21 12:09:54.402345010+00:00,0.0,1725.0,43.43393969946249,18.544011410125883
2024-10-21 12:09:57.392602293+00:00,0.0,100.0,15.406276888974592,140.8355729763071
2024-10-21 12:09:57.432954262+00:00,0.0,-10.0,14.078604419109102,-9.65318216063206
2024-10-21 12:09:57.433015324+00:00,0.0,415.6666666666667,22.70379865589279,78.79992472935001
2024-10-21 12:10:00.023818184+00:00,0.0,0.0,14.24195490248825,-82.8218280123035
2024-10-21 12:10:01.648302231+00:00,0.0,-657.0,889.318637543324,704.037794334022
2024-10-21 12:10:01.648314395+00:00,0.0,687.0,-718.7097685826208,-499.98489090324335
2024-10-21 12:10:01.702573654+00:00,0.0,100.0,15.406276888974592,-33.15494135928349
2024-10-21 12:10:01.719020950+00:00,0.0,-1623.5,-13.779540892796158,24.545747696539678
2024-10-21 12:10:01.719033080+00:00,0.0,723.5,23.868120642379164,13.862026565763628
2024-10-21 12:10:01.724626959+00:00,0.0,425.0,27.905346297343446,-53.712020757663744
2024-10-21 12:10:01.726066241+00:00,0.0,66.66666666666667,-89.030879249306,-56.31261600983473
2024-10-21 12:10:01.751841665+00:00,0.0,-415.6666666666667,5.780111149083685,39.72908138070891
2024-10-21 12:10:01.781661443+00:00,0.0,-66.66666666666667,117.51478905428252,112.61592354217298
2024-10-21 12:10:01.781673802+00:00,0.0,133.33333333333334,-192.3037134011001,-121.91642155449239
2024-10-21 12:10:01.842775879+00:00,0.0,-1073.3333333333333,-13.622357424620503,8.796051960392338
2024-10-21 12:10:02.294097461+00:00,0.0,211.75,20.23572480381713,-44.649071896419066
2024-10-21 12:10:03.086137168+00:00,0.0,0.0,14.24195490248825,107.82132908486093
2024-10-21 12:10:03.188596704+00:00,0.0,-657.0,889.318637543324,644.1489553843885
2024-10-21 12:10:03.188608784+00:00,0.0,753.6666666666666,-821.9826027344152,-550.3836353347817
2024-10-21 12:10:03.188621108+00:00,0.0,100.0,15.406276888974592,22.894254345012605
2024-10-21 12:10:03.197531287+00:00,0.0,368.4,-494.9346199351991,-439.509633050312
2024-10-21 12:10:03.247731199+00:00,0.0,-100.0,13.077632916001908,-74.92323050140367
2024-10-21 12:10:03.247744906+00:00,0.0,200.0,16.570598875460938,-54.83258470344072
2024-10-21 12:10:03.255005064+00:00,0.0,-464.25,641.7388893240324,456.16332243346335
2024-10-21 12:10:03.257914828+00:00,0.0,-705.0,-11.44435097956508,-49.98033117539411
2024-10-21 12:10:03.459955473+00:00,0.0,-1611.0,-21.852251578726396,-132.84897653446697
2024-10-21 12:10:03.459967128+00:00,0.0,1810.0,44.434911202569666,50.99782334416001
2024-10-21 12:10:03.514882942+00:00,0.0,133.33333333333334,-192.3037134011001,-116.39117737002893
2024-10-21 12:10:12.927978411+00:00,0.0,-485.25,873.8277124205547,671.06359297994
2024-10-21 12:10:12.928036467+00:00,0.0,465.0,-614.8914457028839,-485.66761657593884
2024-10-21 12:10:12.928066550+00:00,0.0,212.0,20.241947480538425,193.99446134113728
2024-10-21 12:10:13.161741583+00:00,0.0,-656.6666666666666,888.8022733725653,742.8436379140549
2024-10-21 12:10:13.161754596+00:00,0.0,686.6666666666666,-718.1642798546783,-605.5349213194497
2024-10-21 12:10:17.086432603+00:00,0.0,0.0,14.24195490248825,6.87687482619871
2024-10-21 12:10:20.742267983+00:00,20.0,2086.0,-615.0180164191678,-405.2183627091747
2024-10-21 12:10:22.088936277+00:00,0.0,0.0,14.24195490248825,-93.567130126869
2024-10-21 12:10:23.455694731+00:00,0.0,50.0,-94.85579068605091,-251.67456850423466
2024-10-21 12:10:23.510549173+00:00,0.0,-50.0,123.3397004910274,100.4131788587906
2024-10-21 12:10:23.510561501+00:00,0.0,100.0,-203.95353627459002,-268.92426664350495
2024-10-21 12:10:24.014526498+00:00,0.0,100.0,-203.95353627459002,-46.74112101512005
2024-10-21 12:10:29.982925320+00:00,0.0,-1135.5,852.5192422690993,603.0457731303276
2024-10-21 12:10:32.696534026+00:00,0.0,-485.25,873.8277124205547,655.6057191092882
2024-10-21 12:10:32.696591804+00:00,0.0,464.75,-614.3459569749413,-433.3906830360525
2024-10-21 12:10:36.255768918+00:00,0.0,-66.66666666666667,117.51478905428252,47.091165844320535
2024-10-21 12:10:36.667879809+00:00,0.0,-1624.0,-13.92545540369173,-140.46634462901136
2024-10-21 12:10:36.667890580+00:00,0.0,824.0,24.74859789856648,-22.989164767412795
2024-10-21 12:10:36.718839166+00:00,0.0,66.66666666666667,-89.030879249306,42.3572990470023
2024-10-21 12:10:36.743886554+00:00,0.0,-705.0,-11.44435097956508,-122.14540937689596
2024-10-21 12:10:36.743997154+00:00,0.0,169.6,20.310851544803317,95.20136572818049
2024-10-21 12:10:42.064737913+00:00,0.0,-656.3333333333334,888.285909201806,674.2711792611594
2024-10-21 12:10:42.064751203+00:00,0.0,686.3333333333334,-717.6187911267356,-673.4895109081517
2024-10-21 12:10:43.289649676+00:00,0.0,200.0,16.570598875460938,12.373497599229013
2024-10-21 12:10:43.377793688+00:00,0.0,-563.8,-11.438128302843985,-34.09607901501112
2024-10-21 12:10:43.377874040+00:00,0.0,7.0,14.416189850683866,-79.37029113969017
2024-10-21 12:10:45.117298924+00:00,0.0,66.66666666666667,-89.030879249306,-37.88389063676283
2024-10-21 12:10:50.849951366+00:00,0.0,66.66666666666667,-89.030879249306,-117.95640669069248
2024-10-21 12:10:52.970596564+00:00,0.0,-554.2,-19.20702875357735,-8.842174510898221
2024-10-21 12:10:53.810283344+00:00,-11.0,-2180.0,936.4553855102154,721.6263930401124
2024-10-21 12:10:53.881437911+00:00,0.0,-989.5,889.0514470978553,571.6488226245169
2024-10-21 12:10:53.881449961+00:00,0.0,1084.5,-907.0423349904721,-772.6701325302672
2024-10-21 12:10:54.127647992+00:00,0.0,-989.5,889.0514470978553,640.3455301831488
2024-10-21 12:10:54.127659727+00:00,0.0,780.3333333333334,-1051.8894709191666,-785.5301437628154
2024-10-21 12:10:54.146847471+00:00,0.0,-1175.5,976.9184713020309,737.0288337813158
2024-10-21 12:10:54.146889193+00:00,0.0,656.0,-859.2856352260702,-583.8467412507347
2024-10-21 12:10:54.146930519+00:00,0.0,9.0,14.388970337529488,-32.93898981186245
2024-10-21 12:10:54.147042446+00:00,0.0,-7.0,14.06771995429264,-38.55304738770899
2024-10-21 12:10:54.198356340+00:00,0.0,100.0,15.406276888974592,-19.871655892946933
2024-10-21 12:10:57.184732013+00:00,0.0,100.0,-32.998380691154935,-93.37123156910408
2024-10-21 12:10:57.589931819+00:00,0.0,100.0,-32.998380691154935,134.2430058282856
2024-10-21 12:10:57.806606311+00:00,0.0,-989.0,888.8152454198867,579.4951591535867
2024-10-21 12:10:57.806619389+00:00,0.0,1184.0,-953.7663064133562,-734.5851177934816
2024-10-21 12:10:59.771109174+00:00,0.0,-650.3333333333334,882.4378001147448,804.6827046102319
2024-10-21 12:10:59.771161194+00:00,0.0,657.0,-860.834727738347,-674.977016473469
2024-10-21 12:11:00.807617417+00:00,0.0,-650.3333333333334,882.4378001147448,744.051310010631
2024-10-21 12:11:00.807657573+00:00,0.0,1183.5,-1058.0307145463398,-686.6392720714731
2024-10-21 12:11:00.863155159+00:00,0.0,113.0,-46.42384913088818,-39.8201910709526
2024-10-21 12:11:02.807100841+00:00,0.0,100.0,-32.998380691154935,-96.02193710748844
2024-10-21 12:11:08.220315875+00:00,0.0,-988.5,888.5790437419189,735.1377416130019
2024-10-21 12:11:08.291449117+00:00,0.0,780.3333333333334,-1051.8894709191666,-748.2847602127576
2024-10-21 12:11:08.292006615+00:00,0.0,464.5,-613.8004682469983,-386.1341599075014
2024-10-21 12:11:08.292044305+00:00,0.0,-1184.0,982.2502162183329,708.735577512382
2024-10-21 12:11:10.442610415+00:00,0.0,200.0,-80.23871628479812,-87.04414429812397
2024-10-21 12:11:10.454786222+00:00,0.0,-650.3333333333334,882.4378001147448,663.0744196872563
2024-10-21 12:11:10.454836386+00:00,0.0,656.0,-859.2856352260702,-643.5548580213701
2024-10-21 12:11:11.346234393+00:00,0.0,100.0,-32.998380691154935,-68.16516913156443
2024-10-21 12:11:18.869640062+00:00,0.0,-989.0,888.8152454198867,583.7139200765591
2024-10-21 12:11:18.869653217+00:00,0.0,1184.0,-953.7663064133562,-653.2579728735595
2024-10-21 12:11:21.873343400+00:00,0.0,-650.3333333333334,882.4378001147448,497.65358081132337
2024-10-21 12:11:21.873432987+00:00,0.0,1183.5,-1058.0307145463398,-674.4291705763604
2024-10-21 12:11:21.928253749+00:00,0.0,113.0,-46.42384913088818,-68.38515217315077
2024-10-21 12:11:22.072355634+00:00,0.0,-988.5,888.5790437419189,758.4465656669304
2024-10-21 12:11:22.072368471+00:00,0.0,780.3333333333334,-1051.8894709191666,-884.1220017747586
2024-10-21 12:11:22.072864187+00:00,0.0,-1175.5,976.9184713020309,703.8355783190082
2024-10-21 12:11:22.937969054+00:00,0.0,0.0,14.24195490248825,6.311602617126068
2024-10-21 12:11:23.000862969+00:00,0.0,657.0,-860.834727738347,-647.2716530734987
2024-10-21 12:11:25.072916074+00:00,0.0,-1706.0,-20.550707866309455,36.6956756871147
2024-10-21 12:11:25.072929618+00:00,0.0,1799.5,52.350827088344516,92.65783736622166
2024-10-21 12:11:25.073291984+00:00,0.0,-650.3333333333334,882.4378001147448,714.1988476237008
2024-10-21 12:11:25.073388717+00:00,0.0,1183.5,-1058.0307145463398,-823.2034881159067
2024-10-21 12:11:25.073972612+00:00,0.0,-9.0,14.094939467447013,29.87559545420562
2024-10-21 12:11:25.074100004+00:00,0.0,559.8,39.748367384634264,122.60628462174553
2024-10-21 12:11:25.129294511+00:00,0.0,113.0,-46.42384913088818,-114.86968490628064
2024-10-21 12:11:27.120005157+00:00,0.0,-988.5,888.5790437419189,706.2204907647717
2024-10-21 12:11:27.120018111+00:00,0.0,780.3333333333334,-1051.8894709191666,-608.4865042219625
2024-10-21 12:11:27.120506757+00:00,0.0,-1175.5,976.9184713020309,825.7833562931537
2024-10-21 12:11:27.120548454+00:00,0.0,656.6666666666666,-860.3183635675882,-577.4016415434032
2024-10-21 12:11:27.120650159+00:00,0.0,9.0,14.388970337529488,-37.880304420891036
2024-10-21 12:11:27.120720548+00:00,0.0,-554.2,-19.20702875357735,-16.591975991701418
2024-10-21 12:11:27.177529449+00:00,0.0,100.0,15.406276888974592,-73.75835265254315
2024-10-21 12:11:30.179103980+00:00,0.0,100.0,-32.998380691154935,95.46024998622272
2024-10-21 12:11:34.156391256+00:00,0.0,-990.0,889.2876487758232,565.4103611338239
2024-10-21 12:11:34.156403417+00:00,0.0,1185.0,-954.7990347548747,-767.9823679869871
2024-10-21 12:11:36.738675617+00:00,-1.0,-1.0,14.326422240194224,50.17908218810433
2024-10-21 12:11:37.210931791+00:00,0.0,100.0,-32.998380691154935,71.69968930498422
2024-10-21 12:11:40.138482175+00:00,0.0,-990.0,889.2876487758232,585.083485635045
2024-10-21 12:11:40.138496802+00:00,0.0,1185.0,-954.7990347548747,-720.1178146074753
2024-10-21 12:11:43.193475620+00:00,0.0,100.0,-32.998380691154935,-37.40175581325606
2024-10-21 12:11:45.774723015+00:00,0.0,0.0,14.24195490248825,10.04347161356896
2024-10-21 12:11:45.843943302+00:00,0.0,-990.0,889.2876487758232,612.4113561507925
2024-10-21 12:11:45.843955896+00:00,0.0,1185.0,-954.7990347548747,-653.4066115241476
2024-10-21 12:11:48.580722768+00:00,0.0,200.0,-80.23871628479812,-152.95964344379777
2024-10-21 12:11:48.598471411+00:00,0.0,-650.3333333333334,882.4378001147448,580.7469511389199
2024-10-21 12:11:48.598514970+00:00,0.0,656.3333333333334,-859.8019993968293,-643.0201388707532
2024-10-21 12:11:48.899046660+00:00,0.0,100.0,-32.998380691154935,47.08767605778882
2024-10-21 12:11:50.834920978+00:00,0.0,-989.5,889.0514470978553,637.4492053288984
2024-10-21 12:11:50.924089402+00:00,0.0,1084.5,-907.0423349904721,-662.5051595088214
2024-10-21 12:11:53.326572732+00:00,0.0,-989.5,889.0514470978553,651.6623228613306
2024-10-21 12:11:53.326585955+00:00,0.0,1184.5,-954.2826705841154,-698.1546146706285
2024-10-21 12:11:56.382477901+00:00,0.0,100.0,-32.998380691154935,-67.87900992528023
2024-10-21 12:12:02.086529609+00:00,-20.0,3571.0,44.2193369888698,-135.27551690031217
2024-10-21 12:12:02.213802116+00:00,0.0,-989.5,889.0514470978553,669.0530574915396
2024-10-21 12:12:02.316648939+00:00,0.0,1084.5,-907.0423349904721,-586.2793086272995
2024-10-21 12:12:08.967185824+00:00,154.0,-3553.0,-23.319966210656585,-84.5144511737323
2024-10-21 12:12:08.996704242+00:00,0.0,0.0,14.24195490248825,198.55465600449094
2024-10-21 12:12:08.996733815+00:00,0.0,-989.5,889.0514470978553,775.1041041479133
2024-10-21 12:12:09.099739392+00:00,0.0,1084.5,-907.0423349904721,-855.0285234594995
2024-10-21 12:12:10.232691130+00:00,0.0,100.0,-32.998380691154935,-1.8844801362657657
2024-10-21 12:12:22.882127538+00:00,0.0,-989.5,889.0514470978553,641.2709343588486
2024-10-21 12:12:22.882140909+00:00,0.0,1184.5,-954.2826705841154,-717.0866879021577
2024-10-21 12:12:25.936845190+00:00,0.0,100.0,-32.998380691154935,-49.53273754615928
2024-10-21 12:12:28.133772380+00:00,0.0,100.0,-32.998380691154935,-120.0568124814886
2024-10-21 12:12:28.677449361+00:00,0.0,-989.5,889.0514470978553,646.6120182211994
2024-10-21 12:12:28.677461375+00:00,0.0,1184.5,-954.2826705841154,-766.6553032659752
2024-10-21 12:12:31.318823338+00:00,0.0,-1706.0,-20.550707866309455,106.33771132814587
2024-10-21 12:12:31.397839079+00:00,0.0,0.0,14.24195490248825,94.27079928232071
2024-10-21 12:12:31.425804077+00:00,0.0,1699.5,51.18650510185801,142.1390868915254
2024-10-21 12:12:31.453857757+00:00,0.0,200.0,-80.23871628479812,-85.59523360355968
2024-10-21 12:12:31.678952187+00:00,0.0,-650.3333333333334,882.4378001147448,630.7323217030478
2024-10-21 12:12:31.679008317+00:00,0.0,1185.5,-1058.9755212582131,-870.5692347933352
2024-10-21 12:12:31.733377635+00:00,0.0,115.0,-48.48930581392406,-152.55913680686425
2024-10-21 12:12:41.238712131+00:00,0.0,100.0,15.406276888974592,34.99780687503677
2024-10-21 12:12:43.651347870+00:00,0.0,-990.5,889.5238504537913,609.6683975377558
2024-10-21 12:12:43.731132036+00:00,0.0,780.3333333333334,-1051.8894709191666,-688.7723183531506
2024-10-21 12:12:43.731655758+00:00,0.0,-1175.5,976.9184713020309,672.3097553291848
2024-10-21 12:12:43.731785539+00:00,0.0,656.6666666666666,-860.3183635675882,-635.8521432453531
2024-10-21 12:12:46.780372537+00:00,0.0,100.0,-32.998380691154935,38.05364593287659
2024-10-21 12:12:47.484476304+00:00,0.0,-990.0,889.2876487758232,727.0249397222067
2024-10-21 12:12:47.484693420+00:00,-100.0,3651.0,44.540049151869724,30.37422723469093
2024-10-21 12:12:47.485023375+00:00,154.0,-3553.0,-23.319966210656585,60.13880320025029
2024-10-21 12:12:47.604468075+00:00,0.0,1185.0,-954.7990347548747,-756.6729133873346
2024-10-21 12:12:47.736191420+00:00,0.0,100.0,15.406276888974592,24.06051012897008
2024-10-21 12:12:48.104146428+00:00,0.0,0.0,14.24195490248825,106.02421451853719
2024-10-21 12:12:48.104146428+00:00,-400.0,-2380.0,923.0745838582142,689.7742245500513
2024-10-21 12:12:48.104167967+00:00,-100.0,3851.0,45.62905237439731,33.54786686185617
2024-10-21 12:12:48.104178898+00:00,-29.0,-2090.0,643.5925695856105,471.9975153698765
2024-10-21 12:12:48.104181225+00:00,-100.0,100.0,14.642845106238205,118.7909899138116
2024-10-21 12:12:48.104185923+00:00,100.0,-100.0,13.841064698738304,-128.87336854247013
2024-10-21 12:12:48.104190565+00:00,-14.0,1865.0,27.414085968984136,3.9410570532066496
2024-10-21 12:12:48.104196514+00:00,-16.0,16.0,14.306097335088246,124.28745414132719
2024-10-21 12:12:48.104209602+00:00,0.0,8.0,14.335100661407157,18.145077664475433
2024-10-21 12:12:48.104217612+00:00,0.0,-50.0,13.659793909245076,-37.70592714159691
2024-10-21 12:12:48.176175311+00:00,0.0,989.0,-860.3313356149106,-605.9922530272759
2024-10-21 12:12:48.176204532+00:00,-27.0,-2088.0,643.4236349101986,419.90968507427976
2024-10-21 12:12:48.176852661+00:00,-1200.0,-2161.0,472.0677149201464,311.9596453586049
2024-10-21 12:12:48.179929431+00:00,0.0,245.0,26.858377263360286,50.96286165064154
2024-10-21 12:12:48.179967058+00:00,0.0,-4.5,14.066343729246983,124.97043163456277
2024-10-21 12:12:48.204254179+00:00,14.0,-14.0,14.18583027396326,38.53439227886151
2024-10-21 12:12:48.204281167+00:00,0.0,-876.5,2.0151761043500427,-72.17271898182695
2024-10-21 12:12:48.213961498+00:00,0.0,630.5,-423.6977646125879,-260.84193641764125
2024-10-21 12:12:48.232970230+00:00,0.0,-66.66666666666667,13.152951679960573,-115.57256664861438
2024-10-21 12:12:48.232983049+00:00,0.0,66.66666666666667,15.330958125015929,31.447754611907506
2024-10-21 12:12:48.247336117+00:00,0.0,-480.5,370.70690967297355,273.98519165134377
2024-10-21 12:12:48.247348435+00:00,0.0,420.0,-535.246397558131,-386.5178116042186
2024-10-21 12:12:48.306851049+00:00,400.0,1601.0,-303.5033579125207,-178.11460240724654
2024-10-21 12:12:48.347879918+00:00,0.0,-1066.3333333333333,-13.659611186813345,-69.78404600594025
2024-10-21 12:12:48.347893041+00:00,0.0,533.0,25.572205771031967,-65.31643557503085
2024-10-21 12:12:48.363762750+00:00,154.0,-3753.0,-16.605626073560796,63.91372953554271
2024-10-21 12:12:49.107274312+00:00,-1200.0,-2161.0,472.0677149201464,389.7290652279571
2024-10-21 12:12:49.117556478+00:00,200.0,2261.0,-629.5525745283562,-528.9741549897859
2024-10-21 12:12:49.170094147+00:00,0.0,194.5,-249.04508105345616,-242.10653540112523
2024-10-21 12:12:49.179568062+00:00,200.0,200.0,-2.6515126387072026,118.12865743642172
2024-10-21 12:12:50.108656247+00:00,-200.0,-200.0,31.135422443683723,-5.035569107182985
2024-10-21 12:12:50.108666090+00:00,-1200.0,-2089.0,473.23984276591096,364.65956572199434
2024-10-21 12:12:50.212175433+00:00,400.0,2379.0,-566.7903938684652,-550.0181980826775
2024-10-21 12:12:50.565304171+00:00,0.0,-215.0,357.184639059519,238.80977307694042
2024-10-21 12:12:50.565427767+00:00,0.0,988.5,-860.0951339369424,-727.2480611837838
2024-10-21 12:12:50.565500981+00:00,0.0,-1057.3333333333333,-21.391257875354146,26.749709727845225
2024-10-21 12:12:50.565554902+00:00,0.0,10.0,14.405305385867408,-69.32804587887566
2024-10-21 12:12:50.573844808+00:00,-200.0,-200.0,31.135422443683723,-117.8629440254062
2024-10-21 12:12:50.619549454+00:00,-26.0,-2087.0,643.3391675724927,517.0394837977763
2024-10-21 12:12:50.619562205+00:00,0.0,100.0,15.406276888974592,128.7808226432347
2024-10-21 12:12:50.622623771+00:00,0.0,100.0,15.406276888974592,76.38895476865834
2024-10-21 12:12:50.641554545+00:00,200.0,2177.0,-876.9886014781379,-712.3030375946607
2024-10-21 12:12:50.682363924+00:00,0.0,-1707.5,-20.568172696106775,-29.86675728275371
2024-10-21 12:12:50.682376586+00:00,0.0,1801.0,52.367162136682246,-45.73998638410687
2024-10-21 12:12:50.736513051+00:00,-26.0,-2087.0,643.3391675724927,479.62723570928824
2024-10-21 12:12:50.837707032+00:00,200.0,2177.0,-876.9886014781379,-651.3443696090573
2024-10-21 12:12:50.886487788+00:00,-26.0,-2087.0,643.3391675724927,430.2032316213896
2024-10-21 12:12:50.986777714+00:00,200.0,2177.0,-876.9886014781379,-586.806156365481
2024-10-21 12:12:51.039337327+00:00,-26.0,-2087.0,643.3391675724927,482.94284085469724
2024-10-21 12:12:51.147897247+00:00,200.0,2177.0,-876.9886014781379,-643.5571058099454
2024-10-21 12:12:51.221379329+00:00,-26.0,-2087.0,643.3391675724927,473.84573589816034
2024-10-21 12:12:51.329937404+00:00,200.0,2177.0,-876.9886014781379,-612.206351845426
2024-10-21 12:12:51.374411634+00:00,-26.0,-2087.0,643.3391675724927,475.0293341662473
2024-10-21 12:12:51.475039269+00:00,200.0,2177.0,-876.9886014781379,-579.1480686467165
2024-10-21 12:12:51.507076220+00:00,-26.0,-2087.0,643.3391675724927,603.694194901082
2024-10-21 12:12:51.709226597+00:00,200.0,2177.0,-876.9886014781379,-614.2750878562583
2024-10-21 12:12:52.481246232+00:00,-26.0,-2087.0,643.3391675724927,530.159361452505
2024-10-21 12:12:52.582845276+00:00,200.0,2177.0,-876.9886014781379,-557.2847563963489
2024-10-21 12:12:53.922861024+00:00,0.0,-1030.5,641.1430167921375,489.4462721770173
2024-10-21 12:12:53.922963386+00:00,0.0,989.0,-860.3313356149106,-668.7249659451162
2024-10-21 12:12:59.628865467+00:00,200.0,200.0,-2.6515126387072026,30.673567295688372
2024-10-21 12:12:59.643737494+00:00,0.0,997.0,-865.4268788532438,-675.5949034580171
2024-10-21 12:12:59.691625988+00:00,0.0,-650.3333333333334,882.4378001147448,668.9374729419426
2024-10-21 12:12:59.691649558+00:00,0.0,-1030.5,641.1430167921375,571.846676790295
2024-10-21 12:12:59.691721965+00:00,0.0,988.5,-860.0951339369424,-543.8759569671786
2024-10-21 12:13:11.883729412+00:00,0.0,-1707.5,-20.568172696106775,39.74115348374012
2024-10-21 12:13:11.920609443+00:00,0.0,1701.0,51.20284015019593,83.42425181284153
2024-10-21 12:13:11.948637105+00:00,0.0,100.0,15.406276888974592,-155.76289473727397
2024-10-21 12:13:21.542992246+00:00,0.0,-100.0,13.077632916001908,-2.0889515147371625
2024-10-21 12:13:21.543002194+00:00,0.0,-1707.5,-20.568172696106775,-62.51063474259237
2024-10-21 12:13:21.543013145+00:00,0.0,1801.0,52.367162136682246,118.9483404181778
2024-10-21 12:13:21.617135979+00:00,0.0,-1030.5,641.1430167921375,583.0770835022006
2024-10-21 12:13:21.617220419+00:00,0.0,988.5,-860.0951339369424,-594.1746439985178
2024-10-21 12:13:22.557831797+00:00,0.0,200.0,16.570598875460938,59.54705038437324
2024-10-21 12:13:25.371930587+00:00,200.0,200.0,-2.6515126387072026,-19.34559727731287
2024-10-21 12:13:25.495542627+00:00,0.0,-1030.5,641.1430167921375,504.7063158800208
2024-10-21 12:13:25.495588580+00:00,0.0,989.0,-860.3313356149106,-720.2285890727967
2024-10-21 12:13:29.150340169+00:00,0.0,700.0,39.683225137652826,10.560924165551363
2024-10-21 12:13:29.268636112+00:00,0.0,-10.0,14.078604419109102,159.04664956988654
2024-10-21 12:13:32.213682828+00:00,0.0,-1601.0,-21.70524588665051,37.51186427344321
2024-10-21 12:13:32.213695191+00:00,0.0,1800.0,44.1898755556807,127.95182328298384
2024-10-21 12:13:32.278804796+00:00,200.0,200.0,-2.6515126387072026,116.97247395620352
2024-10-21 12:13:32.362327800+00:00,0.0,-693.0,-19.213251430298552,-128.3266183533181
2024-10-21 12:13:32.401872088+00:00,0.0,-1030.5,641.1430167921375,511.734845383183
2024-10-21 12:13:32.412631196+00:00,0.0,1065.6666666666667,42.13263095956457,-9.438233380808034
2024-10-21 12:13:34.144724456+00:00,100.0,2251.0,-909.6409596740099,-625.0601569749779
2024-10-21 12:13:34.145172866+00:00,-200.0,-2261.0,658.0364843333326,358.135152346699
2024-10-21 12:13:34.215278319+00:00,0.0,-1057.3333333333333,-21.391257875354146,87.76890894494285
2024-10-21 12:13:34.277424242+00:00,0.0,100.0,15.406276888974592,-60.07674255026563
2024-10-21 12:13:35.061077358+00:00,200.0,200.0,-2.6515126387072026,-17.46721116964346
2024-10-21 12:13:35.075174042+00:00,-1200.0,-2161.0,472.0677149201464,322.66982533070995
2024-10-21 12:13:35.075183720+00:00,200.0,2261.0,-629.5525745283562,-521.4893259788603
2024-10-21 12:13:35.077473825+00:00,0.0,-1692.5,-20.393524398133774,95.84139479040718
2024-10-21 12:13:35.077485044+00:00,0.0,1686.0,51.03948966681677,32.69888625776254
2024-10-21 12:13:35.086566953+00:00,-1200.0,-2161.0,472.0677149201464,421.01625221438155
2024-10-21 12:13:35.086579076+00:00,400.0,2461.0,-646.4460420695514,-419.2607669121217
2024-10-21 12:13:35.108095991+00:00,0.0,0.0,14.24195490248825,-25.84032488022604
2024-10-21 12:13:35.108095991+00:00,0.0,0.0,14.24195490248825,60.83199369341112
2024-10-21 12:13:35.108095991+00:00,0.0,0.0,14.24195490248825,-21.79155114807699
2024-10-21 12:13:35.146372690+00:00,-1200.0,-2161.0,472.0677149201464,325.50652546399164
2024-10-21 12:13:35.146384339+00:00,200.0,200.0,-2.6515126387072026,-3.6930515172226643
2024-10-21 12:13:35.167869345+00:00,-200.0,-200.0,31.135422443683723,-91.75760807456138
2024-10-21 12:13:35.175791647+00:00,0.0,353.3333333333333,-431.9735634063366,-327.46332100719764
2024-10-21 12:13:35.333929432+00:00,0.0,66.66666666666667,-89.030879249306,-3.936937424096964
2024-10-21 12:13:35.352296693+00:00,200.0,-760.0,353.5772404538101,198.43397696264176
2024-10-21 12:13:35.424351548+00:00,200.0,2261.0,-629.5525745283562,-488.07207375206383
2024-10-21 12:13:38.131971887+00:00,200.0,200.0,-2.6515126387072026,-35.35476993569816
2024-10-21 12:13:42.509087486+00:00,0.0,990.0,-860.8037389708468,-516.627962374992
2024-10-21 12:13:42.509120725+00:00,0.0,9.666666666666666,14.399860369754766,-123.40417348960835
2024-10-21 12:13:45.327353906+00:00,0.0,100.0,15.406276888974592,-19.13616899102165
2024-10-21 12:13:45.348280342+00:00,0.0,-9.666666666666666,14.084049435221743,-53.9463947197638
2024-10-21 12:13:45.348322946+00:00,0.0,1065.3333333333333,42.127185943451984,-24.069710568162932
2024-10-21 12:13:45.469056600+00:00,0.0,0.0,14.24195490248825,105.25991008511825
2024-10-21 12:13:45.811467280+00:00,23.0,-23.0,14.149750155625764,-6.216961502845832
2024-10-21 12:13:45.811467280+00:00,-3.0,3.0,14.253981608600752,100.68765954714756
2024-10-21 12:13:45.811467280+00:00,-20.0,20.0,14.322132943238246,19.362358569046332
2024-10-21 12:13:45.811467280+00:00,0.0,0.0,14.24195490248825,99.5441969191497
2024-10-21 12:13:45.811476289+00:00,23.0,-1610.5,-21.634824480459812,82.96287956041589
2024-10-21 12:13:45.811491355+00:00,100.0,2270.0,-916.0054329318285,-584.819709482917
2024-10-21 12:13:45.811500957+00:00,100.0,2260.0,-750.2311814220975,-537.0689968620909
2024-10-21 12:13:45.811510984+00:00,80.0,-80.0,13.921242739488296,168.17717746857775
2024-10-21 12:13:45.811510984+00:00,-80.0,80.0,14.562667065488208,-10.690193858646083
2024-10-21 12:13:45.811510984+00:00,27.0,-27.0,14.133714547475765,-45.15329384518485
2024-10-21 12:13:45.811510984+00:00,50.0,-50.0,14.041509800613287,-51.76916789151311
2024-10-21 12:13:45.811510984+00:00,2.0,-2.0,14.233937098413252,-41.71807780627506
2024-10-21 12:13:45.811510984+00:00,51.0,-51.0,14.037500898575784,-58.264838265657595
2024-10-21 12:13:45.811510984+00:00,26.0,-3411.0,-20.497755851108646,-30.817660090224404
2024-10-21 12:13:45.811530148+00:00,0.0,-1085.0,936.0426089662078,615.9437780151968
2024-10-21 12:13:45.811542984+00:00,100.0,2260.0,-750.2311814220975,-595.7159825894086
2024-10-21 12:13:45.811544514+00:00,24.0,24.0,12.214738797544799,184.12397431625612
2024-10-21 12:13:45.811549682+00:00,0.0,1122.5,-680.5432318797361,-521.343988559113
2024-10-21 12:13:45.811550754+00:00,28.0,28.0,11.87686944672089,-78.14430673705992
2024-10-21 12:13:45.811554820+00:00,100.0,100.0,5.795221131890529,-38.57523053721703
2024-10-21 12:13:45.811565809+00:00,100.0,2173.0,-442.9171718218753,-225.9254662928489
2024-10-21 12:13:45.811576962+00:00,100.0,100.0,5.795221131890529,33.740715778621116
2024-10-21 12:13:45.811587865+00:00,100.0,100.0,5.795221131890529,38.06724555260691
2024-10-21 12:13:45.811599315+00:00,0.0,50.0,-9.378212894333348,-3.199229025837204
2024-10-21 12:13:45.811625820+00:00,-100.0,-100.0,22.68868867308598,-15.898883396158539
2024-10-21 12:13:45.811631245+00:00,0.0,0.0,14.24195490248825,-12.011940902772954
2024-10-21 12:13:45.811639570+00:00,0.0,-50.0,37.86212269930987,144.21240542124787
2024-10-21 12:13:45.811642361+00:00,-100.0,-100.0,22.68868867308598,-73.22080695235428
2024-10-21 12:13:45.811656818+00:00,-100.0,-100.0,22.68868867308598,145.6586922407044
2024-10-21 12:13:45.811672313+00:00,-100.0,-100.0,22.68868867308598,-70.62284461282326
2024-10-21 12:13:45.811687403+00:00,-100.0,-100.0,22.68868867308598,-75.46748952422178
2024-10-21 12:13:45.811702067+00:00,0.0,-1086.5,692.0206208710009,606.4444346146096
2024-10-21 12:13:45.812035805+00:00,0.0,511.25,-420.01224127002627,-473.7528807187489
2024-10-21 12:13:45.812481448+00:00,0.0,-511.25,633.7705568119941,549.544726646087
2024-10-21 12:13:45.813014463+00:00,0.0,0.0,14.24195490248825,-2.5837047899082264
2024-10-21 12:13:45.813822327+00:00,0.0,-686.6666666666666,746.6481896596548,549.3049999132113
2024-10-21 12:13:45.885550872+00:00,400.0,-3387.0,-5.809798579604243,-117.37995011063504
2024-10-21 12:13:45.885603142+00:00,0.0,1003.6666666666666,46.690360649066214,-45.10184472442981
2024-10-21 12:13:45.911619430+00:00,-24.0,-24.0,16.269171007431705,-8.802563525392895
2024-10-21 12:13:45.911645974+00:00,0.0,-1085.0,936.0426089662078,618.460562542538
2024-10-21 12:13:45.935267342+00:00,0.0,100.0,-32.998380691154935,-54.11184058565571
2024-10-21 12:13:45.969596688+00:00,-200.0,3399.0,50.99482022661346,-77.22014383240672
2024-10-21 12:13:45.972210032+00:00,400.0,-3412.0,-19.815833269021883,-130.22916275866152
2024-10-21 12:13:45.973580511+00:00,0.0,742.75,48.93547390280834,67.05206041936235
2024-10-21 12:13:46.001375930+00:00,0.0,50.0,15.48649024674262,4.731072005984409
2024-10-21 12:13:46.030378750+00:00,0.0,-50.0,12.997419558233883,109.4155308320063
2024-10-21 12:13:46.030391116+00:00,-400.0,828.0,18.347616978047718,18.266750470234197
2024-10-21 12:13:46.063235483+00:00,-200.0,-2180.0,906.1811163170187,724.9837417070099
2024-10-21 12:13:46.072722298+00:00,400.0,-3412.0,-19.815833269021883,-30.163468347809285
2024-10-21 12:13:46.072745549+00:00,-200.0,200.0,15.043735309988147,-80.29997586278226
2024-10-21 12:13:46.073052339+00:00,0.0,-1030.5,641.1430167921375,419.2016540449111
2024-10-21 12:13:46.073137112+00:00,27.0,2178.0,-903.4748440214734,-690.5131838998666
2024-10-21 12:13:46.123324204+00:00,200.0,227.0,-9.028957943849033,45.09820096324809
2024-10-21 12:13:46.134353286+00:00,-27.0,-2088.0,643.4236349101986,581.9130120648504
2024-10-21 12:13:46.134366429+00:00,0.0,1075.5,-901.1942259034121,-574.9383283794572
2024-10-21 12:13:46.134809159+00:00,-200.0,-2261.0,658.0364843333326,523.5643247624794
2024-10-21 12:13:47.415362307+00:00,0.0,989.0,-860.3313356149106,-761.3550912312052
2024-10-21 12:13:48.136368928+00:00,200.0,-200.0,13.440174494988359,-81.66179044753214
2024-10-21 12:13:48.136382005+00:00,0.0,1499.5,49.028717832627265,56.6946049139506
2024-10-21 12:13:54.483288659+00:00,0.0,100.0,15.406276888974592,-56.56059297378198
2024-10-21 12:13:54.519759447+00:00,0.0,-100.0,13.077632916001908,-75.68792929204707
2024-10-21 12:13:54.519772638+00:00,0.0,100.0,15.406276888974592,-46.53687257902231
2024-10-21 12:13:55.034111535+00:00,0.0,-746.0,-18.059435409048504,102.4339320496255
2024-10-21 12:13:55.034202690+00:00,0.0,9.333333333333334,14.394415353642133,1.862913890404637
2024-10-21 12:13:56.094538941+00:00,-27.0,-2088.0,643.4236349101986,455.4791853570201
2024-10-21 12:13:56.094551306+00:00,200.0,200.0,-2.6515126387072026,60.823033935046126
2024-10-21 12:13:56.154206963+00:00,0.0,100.0,15.406276888974592,51.069431249109016
2024-10-21 12:13:56.211718188+00:00,0.0,-100.0,13.077632916001908,12.848882356738596
2024-10-21 12:13:56.211731379+00:00,0.0,100.0,15.406276888974592,32.344185628143315
2024-10-21 12:14:01.070964390+00:00,0.0,-9.333333333333334,14.089494451334383,5.489184361575093
2024-10-21 12:14:01.071015450+00:00,0.0,933.0,47.84417667031649,4.158967245809498
2024-10-21 12:14:01.088137086+00:00,-27.0,-27.0,16.522573020549643,34.943288708250655
2024-10-21 12:14:06.103454338+00:00,5.0,2156.0,-901.6165625919416,-728.8417382734347
2024-10-21 12:14:07.746740079+00:00,0.0,-1030.5,641.1430167921375,536.5113568847789
2024-10-21 12:14:07.746754069+00:00,0.0,1075.5,-901.1942259034121,-618.3983517049036
2024-10-21 12:14:10.801342166+00:00,0.0,100.0,-32.998380691154935,-15.691216114740417
2024-10-21 12:14:17.947438449+00:00,0.0,100.0,-32.998380691154935,26.927804455754778
2024-10-21 12:14:17.957382887+00:00,0.0,-1030.5,641.1430167921375,507.897104257034
2024-10-21 12:14:17.957395933+00:00,0.0,1075.5,-901.1942259034121,-657.2714445734296
2024-10-21 12:14:17.957453277+00:00,0.0,-1506.0,-18.22206389333674,-91.25428619733825
2024-10-21 12:14:17.957465815+00:00,0.0,1499.5,49.008498656802786,2.7446025842831787
2024-10-21 12:14:18.056884935+00:00,0.0,100.0,-32.998380691154935,25.214749866385453
2024-10-21 12:14:21.022254267+00:00,0.0,100.0,-32.998380691154935,-28.73823840283261
2024-10-21 12:14:21.336689135+00:00,0.0,-1506.0,-18.22206389333674,39.408223751805714
2024-10-21 12:14:21.336700928+00:00,0.0,66.66666666666667,15.330958125015929,-23.514153887492235
2024-10-21 12:14:21.392627701+00:00,0.0,100.0,-32.998380691154935,-66.15602458019023
2024-10-21 12:14:21.426981432+00:00,0.0,-1593.5,-5.370559751090793,39.04701226023017
2024-10-21 12:14:21.740586460+00:00,0.0,656.6666666666666,-860.3183635675882,-581.2512885029281
2024-10-21 12:14:21.740617322+00:00,0.0,1004.0,46.69580566517892,106.54971458266716
2024-10-21 12:14:28.747219089+00:00,0.0,100.0,-32.998380691154935,-95.66284198655973
2024-10-21 12:14:37.348164372+00:00,0.0,-990.0,889.2876487758232,682.1777057804925
2024-10-21 12:14:37.348177626+00:00,0.0,1085.0,-907.5586991612314,-823.1449471809665
2024-10-21 12:14:37.485431160+00:00,0.0,100.0,-32.998380691154935,-28.835756000771188
2024-10-21 12:14:41.549166803+00:00,0.0,-650.3333333333334,882.4378001147448,642.7072805743846
2024-10-21 12:14:41.549212050+00:00,0.0,1084.5,-955.2302837504819,-744.2430729396799
2024-10-21 12:14:41.599590898+00:00,0.0,114.0,-47.45657747240613,-173.0648642017328
2024-10-21 12:14:43.205958056+00:00,0.0,1500.0,49.034940509348566,19.995552390398686
2024-10-21 12:14:49.824694031+00:00,0.0,100.0,15.406276888974592,77.41524904062602
2024-10-21 12:14:52.413893215+00:00,0.0,-989.5,889.0514470978553,682.0432502244031
2024-10-21 12:14:52.413904869+00:00,0.0,1084.5,-907.0423349904721,-524.5852543319173
2024-10-21 12:14:52.473339217+00:00,0.0,-100.0,13.077632916001908,27.92690967596109
2024-10-21 12:14:52.473352225+00:00,0.0,100.0,15.406276888974592,-63.97428247646627
2024-10-21 12:14:52.474399706+00:00,0.0,-746.0,-18.059435409048504,45.032381898532506
2024-10-21 12:14:52.474453011+00:00,0.0,9.666666666666666,14.399860369754766,28.38694354957316
2024-10-21 12:14:53.024665699+00:00,0.0,100.0,15.406276888974592,59.87108158732732
2024-10-21 12:14:59.069065580+00:00,0.0,100.0,-32.998380691154935,0.8256778028122325
2024-10-21 12:15:05.174000161+00:00,0.0,-100.0,13.077632916001908,40.52762739528753
2024-10-21 12:15:05.174010189+00:00,0.0,-1508.0,-4.375064452644991,58.13758495428458
2024-10-21 12:15:05.174024191+00:00,0.0,1607.0,47.87101768389055,41.798714231248994
2024-10-21 12:15:08.174665588+00:00,0.0,100.0,15.406276888974592,55.974697305617624
2024-10-21 12:15:12.192615974+00:00,-100.0,3701.0,52.78515948197011,43.55756927412682
2024-10-21 12:15:12.193015032+00:00,400.0,-3814.0,-22.154990680400164,-1.3647268389630955
2024-10-21 12:15:12.197769369+00:00,-148.0,3749.0,52.9775867797701,-93.22011596086004
2024-10-21 12:15:12.197802997+00:00,0.0,-989.5,889.0514470978553,660.4993494357284
2024-10-21 12:15:12.201874823+00:00,400.0,-3814.0,-22.154990680400164,-39.43193745641108
2024-10-21 12:15:12.264450843+00:00,0.0,656.3333333333334,-859.8019993968293,-482.72158232198285
2024-10-21 12:15:12.264477828+00:00,0.0,-989.5,889.0514470978553,667.7143681959625
2024-10-21 12:15:12.268335051+00:00,0.0,188.0,-273.9580008085196,-327.4788423994243
2024-10-21 12:15:12.268635983+00:00,0.0,-1075.5,655.3114297971946,565.1345967332004
2024-10-21 12:15:12.270227323+00:00,0.0,-9.666666666666666,14.084049435221743,101.21067787876211
2024-10-21 12:15:12.270326143+00:00,-27.0,3599.0,52.31205200831576,133.63129647438254
2024-10-21 12:15:12.270365637+00:00,0.0,1065.3333333333333,42.127185943451984,26.47864168875283
2024-10-21 12:15:12.318866641+00:00,0.0,50.0,-94.85579068605091,-209.76468307236286
2024-10-21 12:15:12.318878820+00:00,0.0,-50.0,12.997419558233883,68.55931151189944
2024-10-21 12:15:12.318890689+00:00,0.0,-790.6666666666666,-17.03524498524326,24.742144701811654
2024-10-21 12:15:12.327814809+00:00,-200.0,3423.0,42.7953047514984,-58.24535367555302
2024-10-21 12:15:12.391011950+00:00,0.0,-1599.0,-21.683465822199953,37.55487917779901
2024-10-21 12:15:12.404688523+00:00,0.0,50.0,-94.85579068605091,-1.9529815041122802
2024-10-21 12:15:12.446815675+00:00,0.0,67.0,-89.57636797724865,-141.90699661964433
2024-10-21 12:15:12.518757844+00:00,0.0,66.66666666666667,-89.030879249306,-66.10764872265894
2024-10-21 12:15:12.518889885+00:00,400.0,-3411.0,-19.819803098404105,-79.0598276714564
2024-10-21 12:15:12.518901713+00:00,-400.0,3598.0,51.7709364421764,-34.49970904466825
2024-10-21 12:15:12.521642022+00:00,200.0,-200.0,13.440174494988359,-74.95355691709196
2024-10-21 12:15:12.529592990+00:00,0.0,-66.66666666666667,117.51478905428252,90.89523298298967
2024-10-21 12:15:12.529605412+00:00,0.0,-230.5,263.22033204299146,181.1014617730249
2024-10-21 12:15:12.575103526+00:00,0.0,1175.5,-948.434561497055,-727.2326021636068
2024-10-21 12:15:12.619373396+00:00,400.0,-3411.0,-19.819803098404105,30.17029474256464
2024-10-21 12:15:12.619385902+00:00,0.0,100.0,15.406276888974592,61.69401778551479
2024-10-21 12:15:12.655937741+00:00,0.0,-13.0,14.090593044245024,-18.497905071495616
2024-10-21 12:15:12.669684284+00:00,0.0,100.0,-32.998380691154935,-127.15641302283653
2024-10-21 12:15:13.051576352+00:00,0.0,700.25,47.877618860192015,164.04431729774737
2024-10-21 12:15:13.051605161+00:00,0.0,656.0,-859.2856352260702,-585.9948076462152
2024-10-21 12:15:13.945967888+00:00,0.0,100.0,15.406276888974592,-63.54365306317595
2024-10-21 12:15:13.946489728+00:00,0.0,-746.0,-18.059435409048504,-169.72476157965082
2024-10-21 12:15:13.946532120+00:00,0.0,9.0,14.388970337529488,-55.69389066820943
2024-10-21 12:15:14.001009338+00:00,0.0,-100.0,13.077632916001908,-60.842926847770194
2024-10-21 12:15:14.001022189+00:00,-400.0,800.0,18.174159690460726,-41.77683180324558
2024-10-21 12:15:14.207183672+00:00,0.0,50.0,-9.378212894333348,-154.16304610811082
2024-10-21 12:15:14.207479344+00:00,0.0,-50.0,37.86212269930987,36.042771793198206
2024-10-21 12:15:14.278377067+00:00,200.0,-200.0,13.440174494988359,74.4234566306753
2024-10-21 12:15:14.278559734+00:00,400.0,-3414.0,-5.966982047779865,-72.27786547364703
2024-10-21 12:15:14.278572418+00:00,0.0,1606.0,47.86012765166525,-28.78666277962833
2024-10-21 12:15:14.278970387+00:00,0.0,-9.0,14.094939467447013,48.055113145563524
2024-10-21 12:15:14.280591359+00:00,0.0,100.0,15.406276888974592,-14.517169008147164
2024-10-21 12:15:15.248901194+00:00,0.0,-100.0,13.077632916001908,33.685022172155065
2024-10-21 12:15:15.248912868+00:00,0.0,200.0,16.570598875460938,164.05811651340667
2024-10-21 12:15:17.923034484+00:00,0.0,699.5,47.85895083002823,-12.189161752261056
2024-10-21 12:15:24.014190176+00:00,0.0,-989.0,888.8152454198867,608.8699109646066
2024-10-21 12:15:24.014202142+00:00,0.0,1184.0,-953.7663064133562,-704.0103894409997
2024-10-21 12:15:24.014850794+00:00,0.0,-650.3333333333334,882.4378001147448,511.04277586462814
2024-10-21 12:15:24.014897264+00:00,0.0,656.6666666666666,-860.3183635675882,-631.4024006643754
2024-10-21 12:15:24.015005588+00:00,0.0,-746.0,-18.059435409048504,-78.18057693873692
2024-10-21 12:15:24.015059897+00:00,0.0,10.0,14.405305385867408,-15.312701982249447
2024-10-21 12:15:24.066509814+00:00,-200.0,600.0,17.37237928296083,-52.24020363736619
2024-10-21 12:15:27.519238798+00:00,0.0,-990.0,889.2876487758232,616.7244945560044
2024-10-21 12:15:27.519251700+00:00,0.0,1085.0,-907.5586991612314,-719.5281863976293
2024-10-21 12:15:29.175215826+00:00,-495.0,1517.0,944.347957484048,586.7720899394924
2024-10-21 12:15:29.175215826+00:00,205.0,-1440.0,-943.5816460412619,-675.9741201818057
2024-10-21 12:15:29.175239385+00:00,-495.0,807.5,937.0390733406662,679.5182266283507
2024-10-21 12:15:29.175244705+00:00,0.0,769.0,25.419123359833947,-82.5167013794817
2024-10-21 12:15:29.175252395+00:00,0.0,33.333333333333336,14.786456513752091,-25.353168924094348
2024-10-21 12:15:29.175261243+00:00,0.0,0.0,14.24195490248825,154.35750055879726
2024-10-21 12:15:29.175261243+00:00,187.0,-187.0,13.492290221475852,-21.36871922252518
2024-10-21 12:15:29.175265540+00:00,0.0,19.0,14.463176079920657,44.78537164986843
2024-10-21 12:15:29.175269965+00:00,0.0,0.0,14.24195490248825,53.774471062954326
2024-10-21 12:15:29.175269965+00:00,76.0,-3676.0,-16.32021356818993,32.12037135974833
2024-10-21 12:15:29.175287761+00:00,0.0,-50.0,13.659793909245076,6.770427308865733
2024-10-21 12:15:29.175293157+00:00,38.0,-38.0,14.089616625063268,-29.834816616477593
2024-10-21 12:15:29.175298862+00:00,0.0,-1701.0,-22.74226016347864,-45.595307237919734
2024-10-21 12:15:29.175307953+00:00,0.0,1719.0,43.5563460092625,142.33793092133965
2024-10-21 12:15:29.175318339+00:00,0.0,-1067.3333333333333,-21.577938176992262,-114.97828045748876
2024-10-21 12:15:29.175376083+00:00,38.0,2208.0,-910.7684579940582,-572.5017560271335
2024-10-21 12:15:29.175388906+00:00,0.0,1049.0,-727.1399436174703,-471.0727875239554
2024-10-21 12:15:29.246390784+00:00,0.0,-656.6666666666666,888.8022733725653,669.4324762878048
2024-10-21 12:15:29.246423576+00:00,0.0,557.75,-817.2677637696241,-423.63762764716506
2024-10-21 12:15:29.246816914+00:00,0.0,-780.3333333333334,1080.3733807241435,798.0926952315093
2024-10-21 12:15:29.246910849+00:00,0.0,464.75,-614.3459569749413,-388.157035628104
2024-10-21 12:15:29.283764753+00:00,0.0,-1707.5,-20.55687488151279,25.80092116302079
2024-10-21 12:15:29.283775550+00:00,0.0,-1184.5,982.766580389092,699.3782401515818
2024-10-21 12:15:29.283823523+00:00,0.0,1801.0,52.390491954941425,-89.82262130454865
2024-10-21 12:15:29.425332139+00:00,400.0,-3815.0,-22.160435696512803,133.05652997641766
2024-10-21 12:15:29.425342648+00:00,-400.0,-2379.0,922.8383821802458,703.5835615773075
2024-10-21 12:15:29.496494580+00:00,-200.0,-200.0,31.135422443683723,9.992404099462272
2024-10-21 12:15:38.712816410+00:00,200.0,-200.0,13.440174494988359,103.83452172958852
2024-10-21 12:15:38.816614723+00:00,-200.0,200.0,15.043735309988147,-39.02485085604398
2024-10-21 12:15:39.207080252+00:00,-22.0,3624.0,52.4786877997663,104.64871463804518
2024-10-21 12:15:39.207103673+00:00,-28.0,-2089.0,643.5081022479045,519.785329403936
2024-10-21 12:15:39.207167970+00:00,0.0,-100.0,13.077632916001908,-23.48685062054328
2024-10-21 12:15:39.207241805+00:00,0.0,-1707.5,-20.55687488151279,3.4295334624152236
2024-10-21 12:15:39.207535631+00:00,400.0,-3417.0,-5.984446877577237,82.28473435153785
2024-10-21 12:15:39.274707573+00:00,-1200.0,-2161.0,472.0677149201464,316.22060709601925
2024-10-21 12:15:39.274794258+00:00,0.0,444.5,-335.8307404084115,-294.9942923533274
2024-10-21 12:15:39.314122970+00:00,200.0,2179.0,-549.1105632833093,-367.0772456710564
2024-10-21 12:15:39.314137186+00:00,-400.0,3815.0,50.64434550148921,-169.33862613182217
2024-10-21 12:15:40.360537773+00:00,400.0,-3417.0,-5.984446877577237,39.78162745473206
2024-10-21 12:15:40.360548894+00:00,0.0,1707.5,49.04078468648945,19.11635860993369
2024-10-21 12:15:40.361097351+00:00,0.0,-10.0,14.078604419109102,44.30414448831634
2024-10-21 12:15:40.361146693+00:00,0.0,699.5,47.85895083002823,-24.77152351370531
2024-10-21 12:15:43.400846263+00:00,-1200.0,-2089.0,465.6754554605606,201.61781322788622
2024-10-21 12:15:43.400859035+00:00,200.0,2179.0,-549.1105632833093,-376.6216779207408
2024-10-21 12:15:43.425405296+00:00,0.0,-746.0,-18.059435409048504,-242.09151525181562
2024-10-21 12:15:43.425456541+00:00,0.0,699.25,47.852728153306934,-73.87022134638119
2024-10-21 12:15:43.454335483+00:00,0.0,200.0,16.570598875460938,-101.70106712213254
2024-10-21 12:15:43.462325554+00:00,-400.0,-2611.0,-16.603266622909782,90.33473448883625
2024-10-21 12:15:43.490467184+00:00,0.0,7.5,-2.1227069357926154,131.72285262172625
2024-10-21 12:15:43.546099003+00:00,0.0,-297.0,373.19192835304705,262.02596782561
2024-10-21 12:15:43.594813115+00:00,-200.0,3398.0,50.988597549892255,50.16277206313792
2024-10-21 12:15:43.981284269+00:00,0.0,705.75,39.88786818819278,8.206450833655754
2024-10-21 12:15:43.981579878+00:00,0.0,-554.2,-19.20702875357735,-29.936231906625093
2024-10-21 12:15:46.504444030+00:00,-1200.0,-2191.0,479.15376525919277,337.0543273861368
2024-10-21 12:15:46.504456348+00:00,200.0,2291.0,-645.0434996511252,-550.5454391410012
2024-10-21 12:15:46.504469490+00:00,-200.0,200.0,15.043735309988147,-48.90059668561196
2024-10-21 12:15:46.593690522+00:00,0.0,706.75,39.91768061395384,91.9919892765663
2024-10-21 12:15:46.594059334+00:00,0.0,-554.2,-19.20702875357735,-27.75576510307415
2024-10-21 12:15:50.469736889+00:00,200.0,-200.0,13.440174494988359,-78.93846572133744
2024-10-21 12:15:55.593458354+00:00,0.0,-10.0,29.732880025257398,-124.08741766474715
2024-10-21 12:15:55.593967834+00:00,0.0,990.0,-860.8037389708468,-667.0362658032357
2024-10-21 12:15:55.643523614+00:00,200.0,200.0,-2.6515126387072026,-82.50341828843845
2024-10-21 12:16:00.253343668+00:00,-200.0,200.0,15.043735309988147,104.65358374479393
2024-10-21 12:16:02.523121028+00:00,-29.0,-2090.0,643.5925695856105,483.4848134637682
2024-10-21 12:16:02.523132984+00:00,200.0,2180.0,-877.6972065120423,-567.1111706612239
2024-10-21 12:16:02.592915859+00:00,0.0,9.0,14.388970337529488,101.19695085980611
2024-10-21 12:16:02.697358278+00:00,0.0,-746.0,-18.059435409048504,-25.24518126954958
2024-10-21 12:16:04.305690771+00:00,200.0,200.0,-2.6515126387072026,100.22009210579925
2024-10-21 12:16:08.452195034+00:00,-29.0,-2090.0,643.5925695856105,492.27154010848335
2024-10-21 12:16:08.452206841+00:00,200.0,2180.0,-877.6972065120423,-682.318043353527
2024-10-21 12:16:09.449805017+00:00,0.0,-1030.5,641.1430167921375,422.4222119196168
2024-10-21 12:16:09.449860480+00:00,0.0,260.3333333333333,-249.8078105217724,-304.89346933181537
2024-10-21 12:16:09.753811454+00:00,-1200.0,-2091.0,466.14785881649726,468.0524628932183
2024-10-21 12:16:09.753823460+00:00,200.0,2181.0,-550.1432916248272,-534.8802942820183
2024-10-21 12:16:09.794081348+00:00,-200.0,200.0,15.043735309988147,-30.13598860540707
2024-10-21 12:16:09.813020869+00:00,200.0,200.0,-2.6515126387072026,-152.83808858183696
2024-10-21 12:16:10.366504475+00:00,-200.0,200.0,15.043735309988147,32.88035727461093
2024-10-21 12:16:10.387079865+00:00,0.0,-9.0,14.094939467447013,97.0566166263965
2024-10-21 12:16:10.387136109+00:00,0.0,933.6666666666666,47.85506670254177,86.1896310150047
2024-10-21 12:16:12.011021598+00:00,400.0,-3414.0,-19.837267928201424,-4.814129431738628
2024-10-21 12:16:12.011034600+00:00,-200.0,3401.0,50.985491083014416,122.25307041938547
2024-10-21 12:16:12.100581387+00:00,-200.0,200.0,15.043735309988147,-71.48030513156245
2024-10-21 12:16:13.573710917+00:00,-200.0,200.0,15.043735309988147,-90.93179500944434
2024-10-21 12:16:14.439151195+00:00,400.0,-3414.0,-19.837267928201424,56.05654179424713
2024-10-21 12:16:14.439163159+00:00,-200.0,3401.0,50.985491083014416,82.33876684115944
2024-10-21 12:16:14.647213365+00:00,-200.0,200.0,15.043735309988147,-143.63627240233666
2024-10-21 12:16:20.281774908+00:00,-1200.0,-2091.0,466.14785881649726,324.42625212561705
2024-10-21 12:16:20.281786576+00:00,200.0,2181.0,-550.1432916248272,-381.28276937777116
2024-10-21 12:16:20.339168043+00:00,200.0,200.0,-2.6515126387072026,97.49895492765765
2024-10-21 12:16:20.352089791+00:00,200.0,200.0,-2.6515126387072026,-50.36978509488693
2024-10-21 12:16:20.353055730+00:00,-200.0,-200.0,31.135422443683723,33.44460621755937
2024-10-21 12:16:20.448469192+00:00,-200.0,200.0,15.043735309988147,-94.2543278514593
2024-10-21 12:16:34.456311187+00:00,0.0,-995.0,-18.064880425161064,41.396785951653634
2024-10-21 12:16:34.456367935+00:00,0.0,934.0,47.86051171865436,-49.057356581427385
2024-10-21 12:16:35.928124957+00:00,0.0,-287.0,357.70100323027793,188.97195556792184
2024-10-21 12:16:35.928176126+00:00,0.0,259.6666666666667,-248.7750821802545,-124.87585497130456
2024-10-21 12:16:36.290091431+00:00,0.0,1650.0,42.44339257595115,88.93430223036574
2024-10-21 12:16:37.672726079+00:00,0.0,-287.0,357.70100323027793,180.6310377556645
2024-10-21 12:16:37.672903531+00:00,0.0,259.3333333333333,-248.25871800949557,-106.91573209141389
2024-10-21 12:16:41.310907658+00:00,-1200.0,-2088.0,465.43925378259263,238.05541059014814
2024-10-21 12:16:41.310921026+00:00,0.0,489.0,-295.49905360313863,-158.37701317256716
2024-10-21 12:16:42.498007357+00:00,0.0,144.83333333333334,20.384234872556227,62.61298423525866
2024-10-21 12:16:44.366509790+00:00,200.0,1400.0,-286.0935262005663,-198.6859970687574
2024-10-21 12:16:44.533794596+00:00,-18.0,1617.0,28.912302709569804,-31.155441061986835
2024-10-21 12:16:44.802532155+00:00,0.0,-174.0,8.090991396260968,128.95954916626866
2024-10-21 12:16:44.802578420+00:00,0.0,324.0,28.023168837052637,-79.0968932657038
2024-10-21 12:16:47.612239006+00:00,0.0,100.0,15.406276888974592,98.72345537592267
2024-10-21 12:16:47.666876898+00:00,0.0,-100.0,13.077632916001908,-92.8608883655671
2024-10-21 12:16:47.666890051+00:00,0.0,100.0,15.406276888974592,67.9840716693922
2024-10-21 12:16:47.926797838+00:00,-1200.0,-2088.0,465.43925378259263,353.4757206106266
2024-10-21 12:16:47.926810269+00:00,0.0,100.0,-32.998380691154935,126.42868320962273
2024-10-21 12:16:48.065603630+00:00,0.0,-317.5,5.601920707752243,-6.418103873713923
2024-10-21 12:16:48.065661214+00:00,0.0,466.0,28.635329704971944,32.77048955647757
2024-10-21 12:16:48.122967378+00:00,0.0,100.0,15.406276888974592,56.45863066157726
2024-10-21 12:16:48.228366485+00:00,0.0,100.0,15.406276888974592,22.09118096805865
2024-10-21 12:16:48.283159712+00:00,0.0,-100.0,13.077632916001908,-67.34842440928308
2024-10-21 12:16:48.283173265+00:00,0.0,100.0,15.406276888974592,-51.15881802231293
2024-10-21 12:16:49.563776410+00:00,200.0,-1599.0,4.086812000947941,-62.83914947391479
2024-10-21 12:16:49.564755651+00:00,0.0,-100.0,61.48229049613145,-26.4093626138176
2024-10-21 12:16:49.635124163+00:00,29.0,-3399.0,-14.754953384916465,110.73271514072225
2024-10-21 12:16:49.635136826+00:00,-400.0,1799.0,25.19887821152842,90.86239634425255
2024-10-21 12:16:49.635541646+00:00,0.0,-1685.0,-14.638695225828908,8.49426012567183
2024-10-21 12:16:49.635636984+00:00,0.0,433.0,23.039894564490815,5.913067446310999
2024-10-21 12:16:49.669495875+00:00,0.0,100.0,-32.998380691154935,36.34197375234454
2024-10-21 12:16:49.706243840+00:00,200.0,-200.0,13.440174494988359,-99.5799785742804
2024-10-21 12:16:49.706441749+00:00,100.0,-3399.0,-14.626251124376244,-40.16541984186513
2024-10-21 12:16:49.706453582+00:00,-200.0,1599.0,24.423835965233852,-22.056129477782036
2024-10-21 12:16:49.707051448+00:00,0.0,-1090.0,-14.056534232585635,80.42024814216136
2024-10-21 12:16:49.709446277+00:00,-200.0,200.0,15.043735309988147,-23.884907947845882
2024-10-21 12:16:50.277262708+00:00,0.0,-13.5,20.619400207630083,9.27950914074227
2024-10-21 12:16:50.277350058+00:00,0.0,6.75,14.409967173962594,-14.765214778889138
2024-10-21 12:16:50.277381197+00:00,0.0,489.0,-343.96716485593936,-159.6753353341529
2024-10-21 12:16:50.981459165+00:00,200.0,-661.0,340.80753568908256,256.1094102658514
2024-10-21 12:16:51.768772781+00:00,141.0,2319.0,-590.8509617815407,-492.39208075447516
2024-10-21 12:16:54.799759269+00:00,0.0,0.0,14.24195490248825,20.931940042855015
2024-10-21 12:16:54.862528040+00:00,0.0,-6.75,14.07394263101391,42.49959443010632
2024-10-21 12:16:54.862652964+00:00,0.0,225.0,20.579598710353707,-103.19242333228355
2024-10-21 12:17:02.456505763+00:00,200.0,-200.0,13.440174494988359,3.4814162098607264
2024-10-21 12:17:02.456518211+00:00,-400.0,400.0,15.84551571748804,32.70342170685858
2024-10-21 12:17:02.692703742+00:00,0.0,100.0,-32.998380691154935,-32.09257141613239
2024-10-21 12:17:02.695735412+00:00,0.0,1197.5,-1038.0456432582919,-651.2085446488778
2024-10-21 12:17:02.695762734+00:00,0.0,-187.75,262.80079520397976,160.68376266058067
2024-10-21 12:17:02.743941560+00:00,0.0,-66.66666666666667,117.51478905428252,-38.786157548655055
2024-10-21 12:17:02.743954174+00:00,0.0,1084.0,-906.5259708197132,-667.851565701766
2024-10-21 12:17:04.308725875+00:00,0.0,-717.5,-11.878527787530322,-64.4010640634532
2024-10-21 12:17:04.308776780+00:00,0.0,224.0,20.554708003468573,4.619139608854206
2024-10-21 12:17:06.048294911+00:00,0.0,-989.0,888.8152454198867,644.4553073361849
2024-10-21 12:17:06.048308319+00:00,0.0,1084.0,-906.5259708197132,-652.0550771708331
2024-10-21 12:17:07.403868087+00:00,0.0,100.0,-32.998380691154935,-14.502062923344877
2024-10-21 12:17:07.458672320+00:00,0.0,-100.0,61.48229049613145,-20.39217888661817
2024-10-21 12:17:07.458684918+00:00,0.0,100.0,-32.998380691154935,88.8261306104183
2024-10-21 12:17:10.980069944+00:00,0.0,-989.0,888.8152454198867,600.596173954281
2024-10-21 12:17:10.980083268+00:00,0.0,1084.0,-906.5259708197132,-564.7261288806787
2024-10-21 12:17:16.046891679+00:00,0.0,100.0,-32.998380691154935,-19.509634717505463
2024-10-21 12:17:16.101320234+00:00,0.0,-100.0,61.48229049613145,-27.80479085209445
2024-10-21 12:17:16.101332500+00:00,0.0,100.0,-32.998380691154935,-23.955007026130314
2024-10-21 12:17:18.814227520+00:00,10.0,2209.0,-751.2224123693709,-512.9045981318633
2024-10-21 12:17:20.656823195+00:00,0.0,-656.0,887.7695450310471,576.8670397574758
2024-10-21 12:17:20.662283454+00:00,-100.0,1895.0,30.37062051849389,71.28617106447051
2024-10-21 12:17:20.662744252+00:00,400.0,-1796.0,3.565473548209576,7.413437557199117
2024-10-21 12:17:20.719761250+00:00,200.0,-200.0,13.440174494988359,25.904574080092562
2024-10-21 12:17:20.762539880+00:00,0.0,686.0,-717.0733023987929,-548.759637376202
2024-10-21 12:17:21.078904005+00:00,0.0,66.66666666666667,-89.030879249306,-116.06637702509057
2024-10-21 12:17:21.133609901+00:00,0.0,-66.66666666666667,117.51478905428252,87.46235849854666
2024-10-21 12:17:21.133623109+00:00,0.0,133.33333333333334,-192.3037134011001,-117.06000149380894
2024-10-21 12:17:21.840211165+00:00,100.0,-3396.0,-14.749632383181567,20.56525128645961
2024-10-21 12:17:21.840224418+00:00,0.0,365.3333333333333,21.643711225996295,48.75024024097802
2024-10-21 12:17:22.072304747+00:00,0.0,-1348.0,-10.855776219972524,73.82774960796229
2024-10-21 12:17:22.085707892+00:00,-50.0,1646.0,24.604323766169806,-61.02855289656774
2024-10-21 12:17:24.840366131+00:00,0.0,66.66666666666667,15.330958125015929,-51.386251632658514
2024-10-21 12:17:24.840795392+00:00,0.0,14.0,14.404959980596342,5.2382246569691695
2024-10-21 12:17:24.840821231+00:00,0.0,-717.5,-11.878527787530322,8.991011088149763
2024-10-21 12:17:24.896015668+00:00,0.0,-66.66666666666667,13.152951679960573,42.10234444410189
2024-10-21 12:17:24.896030774+00:00,0.0,799.0,24.74327314612832,31.26427158230374
2024-10-21 12:17:26.219727754+00:00,0.0,-9.333333333333334,14.089494451334383,-66.38619197311279
2024-10-21 12:17:26.219824269+00:00,0.0,465.3333333333333,28.624439672746682,153.04788826032834
2024-10-21 12:17:26.286945437+00:00,0.0,100.0,15.406276888974592,-33.2881197538596
2024-10-21 12:17:30.761645371+00:00,0.0,-698.5,4.9002356283127435,-17.688140578781184
2024-10-21 12:17:30.761657680+00:00,0.0,798.0,29.788761659233046,78.2566406576431
2024-10-21 12:17:30.762940179+00:00,0.0,100.0,15.406276888974592,49.56572321732922
2024-10-21 12:17:30.764592400+00:00,0.0,-456.6666666666667,5.0574190964883385,34.67121325647827
2024-10-21 12:17:30.764692359+00:00,0.0,179.6,24.63356465047661,1.2409072561606136
2024-10-21 12:17:33.378283593+00:00,0.0,-656.0,887.7695450310471,591.2491134231586
2024-10-21 12:17:33.378297030+00:00,0.0,686.0,-717.0733023987929,-568.8304465150882
2024-10-21 12:17:33.764809990+00:00,0.0,454.6666666666667,29.144796151407597,-43.10839704979753
2024-10-21 12:17:33.764834502+00:00,0.0,-144.83333333333334,4.102167703119689,5.074661374871454
2024-10-21 12:17:33.822822391+00:00,0.0,-100.0,13.077632916001908,-30.720819016954042
2024-10-21 12:17:33.822835795+00:00,0.0,100.0,15.406276888974592,45.63768109553036
2024-10-21 12:17:35.461400679+00:00,0.0,-699.5,4.888592408447853,-31.279034531987982
2024-10-21 12:17:35.461412055+00:00,0.0,899.0,30.963973677944622,-130.01419268211447
2024-10-21 12:17:35.469991264+00:00,0.0,-456.6666666666667,5.0574190964883385,-68.6001102324383
2024-10-21 12:17:35.470045707+00:00,0.0,179.4,24.624881114317287,55.68412444641922
2024-10-21 12:17:37.663629357+00:00,0.0,66.66666666666667,-89.030879249306,48.05281411321374
2024-10-21 12:17:37.718594298+00:00,0.0,-66.66666666666667,117.51478905428252,68.12249407104915
2024-10-21 12:17:37.718605853+00:00,0.0,133.33333333333334,-192.3037134011001,-208.95856876997314
2024-10-21 12:17:38.521127910+00:00,0.0,100.0,15.406276888974592,10.01572619244542
2024-10-21 12:17:39.973547435+00:00,0.0,-174.0,8.090991396260968,-100.045810099003
2024-10-21 12:17:39.973585910+00:00,0.0,9.0,14.388970337529488,-34.040823605864986
2024-10-21 12:17:47.135873221+00:00,0.0,0.0,14.24195490248825,26.104322766367037
2024-10-21 12:17:47.135873221+00:00,-141.0,-2509.0,994.1601108348763,747.9081129289498
2024-10-21 12:17:47.135873221+00:00,-400.0,-2378.0,922.6021805022776,633.7443475454495
2024-10-21 12:17:47.135900626+00:00,-100.0,1746.0,30.426410432078942,-47.74530663765826
2024-10-21 12:17:47.135905168+00:00,-100.0,1783.0,30.906882590088887,154.11614156403664
2024-10-21 12:17:47.135906292+00:00,-162.0,1940.0,29.039419306056665,75.03881119050746
2024-10-21 12:17:47.135913885+00:00,-100.0,1440.0,25.761734781108945,54.13630316756924
2024-10-21 12:17:47.135916592+00:00,0.0,25.0,14.864222574615438,-18.391728730127937
2024-10-21 12:17:47.135925594+00:00,0.0,33.333333333333336,14.786456513752091,-13.874638274599677
2024-10-21 12:17:47.135933669+00:00,0.0,737.5,27.397686880296405,77.42933256288269
2024-10-21 12:17:47.135937314+00:00,0.0,-20.0,13.373601286557886,-54.55865525645129
2024-10-21 12:17:47.135940686+00:00,0.0,25.0,14.864222574615438,-51.76389963726764
2024-10-21 12:17:47.135946914+00:00,35.0,-1610.0,1.7031748698350222,-53.18352445038287
2024-10-21 12:17:47.135952535+00:00,0.0,-369.5,1.802756226744947,54.291760258994664
2024-10-21 12:17:47.135958456+00:00,-27.0,-2088.0,643.4236349101986,500.91569559524316
2024-10-21 12:17:47.135968023+00:00,0.0,-1009.0,-3.972321908727123,-68.8766275522146
2024-10-21 12:17:47.136008874+00:00,0.0,-50.0,13.659793909245076,110.90132932939973
2024-10-21 12:17:47.136054541+00:00,0.0,-50.0,13.659793909245076,71.72870695900309
2024-10-21 12:17:47.136218636+00:00,0.0,-50.0,13.659793909245076,-69.95586556144815
2024-10-21 12:17:47.136225295+00:00,0.0,-50.0,13.659793909245076,68.50518658485686
2024-10-21 12:17:47.136565013+00:00,-100.0,1648.0,27.476375693559056,118.34709599993707
2024-10-21 12:17:47.137037920+00:00,35.0,-1653.0,-1.7839895070668705,-160.21029050367065
2024-10-21 12:17:47.156890091+00:00,200.0,2178.0,-877.224803156106,-593.2069572575399
2024-10-21 12:17:47.189701537+00:00,200.0,200.0,-2.6515126387072026,124.38118857734476
2024-10-21 12:17:47.200038724+00:00,-200.0,-200.0,31.135422443683723,168.57224812580938
2024-10-21 12:17:47.200048226+00:00,-27.0,-2088.0,643.4236349101986,466.2705839209094
2024-10-21 12:17:47.200058794+00:00,0.0,383.6666666666667,-440.86255370259187,-241.87186031146098
2024-10-21 12:17:47.203657195+00:00,-1200.0,-2461.0,553.542479664737,390.73990659128197
2024-10-21 12:17:47.203729908+00:00,0.0,259.6666666666667,-248.7750821802545,-121.89353859815668
2024-10-21 12:17:47.207076580+00:00,0.0,-444.5,364.314650213388,256.7767573412965
2024-10-21 12:17:47.240037346+00:00,0.0,489.5,-296.01541777389764,-148.3173440321819
2024-10-21 12:17:47.240066169+00:00,0.0,-823.0,-1.5416104233525523,52.24327133220246
2024-10-21 12:17:47.260085243+00:00,0.0,66.66666666666667,15.330958125015929,-171.84390335835403
2024-10-21 12:17:47.386463721+00:00,50.0,-1647.0,3.545636573085805,107.34763068673587
2024-10-21 12:17:57.663911195+00:00,0.0,-9.0,14.094939467447013,27.285100607958643
2024-10-21 12:17:57.664016909+00:00,0.0,465.6666666666667,28.629884688859313,62.76815190568085
2024-10-21 12:17:57.861764830+00:00,0.0,-699.0,4.894414018380288,86.9566531439917
2024-10-21 12:17:57.861778012+00:00,0.0,798.5,29.794206675345663,100.28462385235562
2024-10-21 12:17:57.861832789+00:00,0.0,-699.0,4.894414018380288,-22.071024132920975
2024-10-21 12:17:57.861881332+00:00,0.0,898.5,30.95852866183202,11.819164743011784
2024-10-21 12:17:57.862245512+00:00,0.0,-456.6666666666667,5.0574190964883385,74.14183897619964
2024-10-21 12:17:57.917042270+00:00,0.0,100.0,15.406276888974592,-41.63935317244133
2024-10-21 12:17:58.077227750+00:00,0.0,100.0,15.406276888974592,-61.076849636753664
2024-10-21 12:18:00.232353557+00:00,0.0,9.666666666666666,14.399860369754766,-33.999742073115186
2024-10-21 12:18:00.862130755+00:00,0.0,100.0,15.406276888974592,-19.919198094983827
2024-10-21 12:18:01.682081842+00:00,0.0,-100.0,13.077632916001908,25.738738423895157
2024-10-21 12:18:01.684033789+00:00,0.0,-1699.5,-14.807521913869392,-27.89490847607787
2024-10-21 12:18:01.684046790+00:00,0.0,799.5,24.74871816224095,108.24896353008599
2024-10-21 12:18:02.545068859+00:00,0.0,100.0,15.406276888974592,88.66070974913727
2024-10-21 12:18:03.624100762+00:00,0.0,-1699.5,-14.807521913869392,-62.72335979370906
2024-10-21 12:18:03.624112266+00:00,0.0,799.5,24.74871816224095,-33.37321559130068
2024-10-21 12:18:03.629412395+00:00,0.0,-287.0,357.70100323027793,274.5925902977536
2024-10-21 12:18:03.629498033+00:00,0.0,13.0,8.100711275314639,-30.212383807860647
2024-10-21 12:18:03.696618449+00:00,0.0,488.5,-294.98268943237974,-107.01599077715174
2024-10-21 12:18:04.737516809+00:00,0.0,100.0,15.406276888974592,160.3591306283047
2024-10-21 12:18:05.203361341+00:00,0.0,-1699.5,-14.807521913869392,79.75827847670163
2024-10-21 12:18:05.203373864+00:00,0.0,799.5,24.74871816224095,-0.35939783768277334
2024-10-21 12:18:08.259009052+00:00,0.0,100.0,15.406276888974592,-101.13659058954158
2024-10-21 12:18:08.926535769+00:00,0.0,-1699.5,-14.807521913869392,-2.9377663412914967
2024-10-21 12:18:08.926548505+00:00,0.0,799.5,24.74871816224095,27.070659020742596
2024-10-21 12:18:10.662438649+00:00,0.0,100.0,15.406276888974592,128.3827893158863
2024-10-21 12:18:11.927260518+00:00,0.0,100.0,15.406276888974592,142.56279401043915
2024-10-21 12:18:20.285727761+00:00,0.0,-9.666666666666666,14.084049435221743,111.33735942124967
2024-10-21 12:18:20.285772241+00:00,0.0,465.3333333333333,28.624439672746682,12.224155131510258
2024-10-21 12:18:20.342095696+00:00,0.0,-100.0,13.077632916001908,26.239716498876355
2024-10-21 12:18:20.342109232+00:00,-200.0,250.0,15.334815806609734,-113.55852650223694
2024-10-21 12:18:30.059494751+00:00,-200.0,200.0,15.043735309988147,-23.4359904632436
2024-10-21 12:18:30.076519305+00:00,-200.0,200.0,15.043735309988147,96.39640070644464
2024-10-21 12:18:38.165859345+00:00,50.0,-1447.0,4.699790526437746,10.055663135553058
2024-10-21 12:18:38.165871291+00:00,-200.0,1646.0,29.717300576868173,-76.78606421704708
2024-10-21 12:18:38.170782768+00:00,0.0,-443.5,363.8422468574515,134.5548949613212
2024-10-21 12:18:38.170792741+00:00,0.0,66.66666666666667,-89.030879249306,-0.03579428135291707
2024-10-21 12:18:38.189694615+00:00,0.0,-580.5,417.94724526661685,144.56054853778178
2024-10-21 12:18:38.189791855+00:00,0.0,296.0,-343.15892603579374,-166.07332822049415
2024-10-21 12:18:40.408086849+00:00,0.0,-320.0,370.47070799500545,178.81532821992627
2024-10-21 12:18:40.408137058+00:00,0.0,295.3333333333333,-342.12619769427573,-306.8249825778182
2024-10-21 12:18:41.179991523+00:00,0.0,-320.0,370.47070799500545,337.95311785156355
2024-10-21 12:18:41.180118662+00:00,0.0,545.5,-439.5759779161422,-346.9795054553771
2024-10-21 12:18:41.233925482+00:00,200.0,2181.0,-550.1432916248272,-397.22130802629016
2024-10-21 12:18:44.453502831+00:00,-200.0,200.0,15.043735309988147,38.01573435136405
2024-10-21 12:18:44.458571638+00:00,-1200.0,-2091.0,466.14785881649726,346.6466554079373
2024-10-21 12:18:44.458583443+00:00,0.0,66.66666666666667,-89.030879249306,-20.347312854187248
2024-10-21 12:18:44.477818456+00:00,0.0,-580.5,417.94724526661685,219.38691899399555
2024-10-21 12:18:44.477924999+00:00,0.0,296.0,-343.15892603579374,-315.66778929586
2024-10-21 12:18:47.144489374+00:00,-200.0,200.0,15.043735309988147,55.56858516482643
2024-10-21 12:18:47.206323404+00:00,0.0,100.0,-32.998380691154935,21.47523257180251
2024-10-21 12:18:47.260861161+00:00,0.0,-100.0,61.48229049613145,83.7637892509317
2024-10-21 12:18:47.260873969+00:00,200.0,0.0,44.588822954936006,-58.40718365431573
2024-10-21 12:18:47.459461214+00:00,200.0,200.0,-2.6515126387072026,-212.60940985320556
2024-10-21 12:18:47.513983492+00:00,-200.0,-200.0,31.135422443683723,78.95774488143194
2024-10-21 12:18:47.513995474+00:00,200.0,2179.0,-549.8969263272697,-444.5241445038372
2024-10-21 12:18:48.012656935+00:00,50.0,-1447.0,4.699790526437746,-12.178517552541216
2024-10-21 12:18:48.012670562+00:00,0.0,798.0,29.788761659233046,75.25730324995548
2024-10-21 12:18:48.012835297+00:00,0.0,100.0,15.406276888974592,50.07464059928395
2024-10-21 12:18:48.013209412+00:00,0.0,-456.6666666666667,5.0574190964883385,33.18663700636344
2024-10-21 12:18:48.013312876+00:00,0.0,9.333333333333334,14.394415353642133,-66.57191958897927
2024-10-21 12:18:48.070285169+00:00,0.0,-100.0,13.077632916001908,52.37395749777264
2024-10-21 12:18:48.070297042+00:00,-200.0,250.0,15.334815806609734,48.72490929809537
2024-10-21 12:18:48.199908254+00:00,-1200.0,-2089.0,473.23984276591096,254.91362904298643
2024-10-21 12:18:48.199920865+00:00,0.0,489.5,-296.80178081785823,-216.62084192970465
2024-10-21 12:18:48.199942139+00:00,0.0,-444.5,371.8790375187384,223.0280936944751
2024-10-21 12:18:48.200029266+00:00,0.0,326.0,-352.3179152052503,-460.4184628368832
2024-10-21 12:18:48.200502296+00:00,0.0,-215.0,357.184639059519,254.00344695950042
2024-10-21 12:18:48.200553666+00:00,0.0,489.0,-349.7629517355005,-272.138878789584
2024-10-21 12:18:48.213222660+00:00,0.0,-530.5,460.69367488928145,314.0176218822245
2024-10-21 12:18:49.922943623+00:00,0.0,-9.333333333333334,14.089494451334383,58.31753912013919
2024-10-21 12:18:49.923091366+00:00,0.0,465.6666666666667,28.629884688859313,99.78000704066187
2024-10-21 12:18:51.254925630+00:00,0.0,100.5,-33.514744861913904,25.720980875799686
2024-10-21 12:18:51.423329256+00:00,0.0,-456.6666666666667,5.0574190964883385,58.74659132695723
2024-10-21 12:18:51.423381788+00:00,0.0,466.3333333333333,28.64077472108467,-72.47819450332324
2024-10-21 12:18:51.430250460+00:00,0.0,100.0,-32.998380691154935,1.4206021036572514
2024-10-21 12:18:53.922913086+00:00,0.0,194.25,-248.4995923255134,-101.48674536511606
2024-10-21 12:19:00.083834280+00:00,0.0,-100.0,61.48229049613145,108.41324840230423
2024-10-21 12:19:00.083843895+00:00,0.0,-444.0,371.36267334797935,203.33362717855198
2024-10-21 12:19:00.083854884+00:00,0.0,489.0,-296.2562920899155,-197.48420978908703
2024-10-21 12:19:00.143474250+00:00,0.0,100.0,-32.998380691154935,-76.83795669530518
2024-10-21 12:19:00.197516009+00:00,0.0,100.0,-32.998380691154935,-24.08116990774104
2024-10-21 12:19:00.198016624+00:00,0.0,-215.0,357.184639059519,240.9915639224517
2024-10-21 12:19:00.198056773+00:00,0.0,9.0,0.30012229199603707,24.654350780702973
2024-10-21 12:19:00.251362837+00:00,0.0,-100.0,61.48229049613145,33.90209169472498
2024-10-21 12:19:00.251375630+00:00,200.0,1400.0,-286.0935262005663,-257.92786446277483
2024-10-21 12:19:02.578739513+00:00,-1200.0,-2188.0,478.44516022528836,351.4378986849434
2024-10-21 12:19:02.578752989+00:00,0.0,544.0,-390.39926162943675,-203.11408629990953
2024-10-21 12:19:02.578784855+00:00,0.0,-494.0,377.0843549781154,210.38011061078822
2024-10-21 12:19:02.583722081+00:00,0.0,353.3333333333333,-431.9735634063366,-305.1996481726021
2024-10-21 12:19:05.633956677+00:00,200.0,1428.0,-300.5517229818176,-325.97914168935114
2024-10-21 12:19:06.744561325+00:00,-200.0,200.0,15.043735309988147,59.28753582015731
2024-10-21 12:19:07.485167707+00:00,-1200.0,-2188.0,478.44516022528836,374.3238952196926
2024-10-21 12:19:07.485180575+00:00,0.0,100.0,-32.998380691154935,18.478038552965632
2024-10-21 12:19:07.567472916+00:00,0.0,454.3333333333333,28.506285503587726,69.67467414036138
2024-10-21 12:19:07.624621845+00:00,0.0,-342.25,0.006485567271050817,105.71211329088345
2024-10-21 12:19:08.123983275+00:00,50.0,-1447.0,4.699790526437746,-88.6880850129479
2024-10-21 12:19:08.201710146+00:00,-200.0,1646.0,29.717300576868173,17.452294250182486
2024-10-21 12:19:10.540372657+00:00,0.0,544.0,-390.39926162943675,-273.61627750480113
2024-10-21 12:19:10.824415398+00:00,0.0,-4.875,13.752743505350569,18.30765084900011
2024-10-21 12:19:10.828162441+00:00,0.0,4.875,14.731166299625936,18.197791216638443
2024-10-21 12:19:14.207440891+00:00,0.0,100.0,-32.998380691154935,-31.912024938758645
2024-10-21 12:19:21.463656720+00:00,0.0,-4.875,13.752743505350569,16.653720666103375
2024-10-21 12:19:21.463763491+00:00,0.0,-7.625,13.476778101837002,14.67947234611469
2024-10-21 12:19:31.377322230+00:00,50.0,-1347.0,5.251246540389085,10.76009775569143
2024-10-21 12:19:31.377334380+00:00,-200.0,1546.0,28.462912379079224,70.14566675356436
2024-10-21 12:19:31.410847128+00:00,50.0,-1347.0,5.251246540389085,63.38327649247512
2024-10-21 12:19:31.410860369+00:00,0.0,100.0,15.406276888974592,-10.52524520743789
2024-10-21 12:19:31.424732441+00:00,0.0,-9.0,28.18378751298048,-45.824853849386756
2024-10-21 12:19:31.424790390+00:00,0.0,260.3333333333333,-249.8078105217724,-147.46715361444768
2024-10-21 12:19:31.428123190+00:00,0.0,-13.5,14.084771434312595,-66.02918816076043
2024-10-21 12:19:31.428166239+00:00,0.0,433.0,27.38638652329569,-21.732613285089336
2024-10-21 12:19:31.428177171+00:00,0.0,-100.0,61.48229049613145,-13.070720759164145
2024-10-21 12:19:31.428190903+00:00,0.0,200.0,-80.23871628479812,26.128254715286058
2024-10-21 12:19:35.701549120+00:00,0.0,-100.0,61.48229049613145,46.63314891146083
2024-10-21 12:19:38.701678685+00:00,0.0,100.0,-32.998380691154935,89.6648418213068
2024-10-21 12:19:38.756179281+00:00,0.0,-100.0,61.48229049613145,21.61353384862803
2024-10-21 12:19:38.756191248+00:00,200.0,1400.0,-286.0935262005663,-233.59529465126178
2024-10-21 12:19:40.083326842+00:00,0.0,100.0,15.406276888974592,58.047810815467166
2024-10-21 12:19:40.137972145+00:00,0.0,-100.0,13.077632916001908,2.130466970499097
2024-10-21 12:19:40.137983855+00:00,0.0,100.0,15.406276888974592,-22.644199924803523
2024-10-21 12:19:42.737152214+00:00,-1200.0,-2091.0,466.14785881649726,237.3167650131175
2024-10-21 12:19:42.737165303+00:00,0.0,490.5,-297.0481461154156,-238.11511625946667
2024-10-21 12:19:45.745918365+00:00,0.0,100.0,-32.998380691154935,-74.49720449366214
2024-10-21 12:19:45.800477942+00:00,0.0,-100.0,61.48229049613145,28.01259340201804
2024-10-21 12:19:45.800491117+00:00,200.0,1400.0,-286.0935262005663,-86.47019856241579
2024-10-21 12:19:57.871002706+00:00,200.0,200.0,-2.6515126387072026,-80.61597439554266
2024-10-21 12:20:02.012790106+00:00,-1200.0,-2091.0,466.14785881649726,351.83797282561096
2024-10-21 12:20:02.012801350+00:00,200.0,2181.0,-550.1432916248272,-373.6522514612014
2024-10-21 12:20:02.012823085+00:00,0.0,100.0,15.406276888974592,111.95946094712627
2024-10-21 12:20:02.068202840+00:00,200.0,200.0,-2.6515126387072026,55.3004638751262
2024-10-21 12:20:02.174072577+00:00,0.0,-100.0,13.077632916001908,54.864262558998014
2024-10-21 12:20:02.174084216+00:00,0.0,100.0,15.406276888974592,-30.005892026767192
2024-10-21 12:20:02.195761354+00:00,0.0,421.0,27.147485108845924,-36.367934987432506
2024-10-21 12:20:02.197099790+00:00,0.0,-317.25,1.2608737650600184,54.980212417587914
2024-10-21 12:20:17.529659579+00:00,0.0,-648.5,5.45169164226404,-59.558497760702
2024-10-21 12:20:17.529671598+00:00,0.0,748.0,28.53437346144413,-25.858245661388935
2024-10-21 12:20:18.175151492+00:00,200.0,200.0,-2.6515126387072026,-66.59044702757569
2024-10-21 12:20:26.003671349+00:00,-1200.0,-2091.0,466.14785881649726,314.3339185695479
2024-10-21 12:20:26.003684074+00:00,0.0,490.5,-297.0481461154156,-238.81636808362094
2024-10-21 12:20:29.005849003+00:00,0.0,100.0,-32.998380691154935,-5.822979271675259
2024-10-21 12:20:29.035461864+00:00,5.0,2376.0,-697.5320094766015,-536.8793831328139
2024-10-21 12:20:32.533970326+00:00,0.0,-423.3333333333333,5.608875110439704,-18.76781454125835
2024-10-21 12:20:32.534015766+00:00,0.0,432.0,27.370051474957744,84.41143498644858
2024-10-21 12:20:32.588585911+00:00,-200.0,250.0,15.334815806609734,-22.964183535983977
2024-10-21 12:20:32.846313500+00:00,50.0,-1347.0,5.251246540389085,29.305920591889564
2024-10-21 12:20:32.846324686+00:00,0.0,848.0,29.698695447930447,31.269780465821114
2024-10-21 12:20:32.900943370+00:00,-200.0,250.0,15.334815806609734,-109.87848564121666
2024-10-21 12:20:33.387796787+00:00,-200.0,200.0,15.043735309988147,166.60739541619265
2024-10-21 12:20:34.158518772+00:00,-200.0,200.0,15.043735309988147,95.9747402059369
2024-10-21 12:20:53.732903004+00:00,750.0,3016.0,-1012.2665018708869,-739.1924990359715
2024-10-21 12:20:54.066325257+00:00,200.0,-200.0,13.440174494988359,-102.11869395134084
2024-10-21 12:20:54.066539893+00:00,50.0,-1347.0,5.251246540389085,-83.9280938441769
2024-10-21 12:20:54.087884313+00:00,-200.0,1546.0,28.462912379079224,-41.76176761209353
2024-10-21 12:20:54.138010479+00:00,50.0,-1347.0,5.251246540389085,-2.2642787781738956
2024-10-21 12:20:54.138024196+00:00,0.0,748.0,28.53437346144413,-34.24897839437187
2024-10-21 12:20:54.138635039+00:00,0.0,-423.3333333333333,5.608875110439704,-55.28245610006703
2024-10-21 12:20:54.138679423+00:00,0.0,9.666666666666666,14.399860369754766,-114.83235314409056
2024-10-21 12:20:54.140701289+00:00,0.0,100.0,15.406276888974592,-41.11379072118117
2024-10-21 12:20:54.259923109+00:00,0.0,-100.0,13.077632916001908,162.36085772200505
2024-10-21 12:20:54.259936081+00:00,-400.0,450.0,16.13659621410963,-59.60396193802577
2024-10-21 12:20:54.367974373+00:00,0.0,-50.0,123.3397004910274,191.02397236259134
2024-10-21 12:20:54.367988079+00:00,0.0,466.6666666666667,-743.6173527805406,-555.0125946007191
2024-10-21 12:20:54.646524020+00:00,0.0,66.66666666666667,-89.030879249306,-171.8425388865182
2024-10-21 12:20:54.647311583+00:00,0.0,-148.2,219.24123888931982,268.94607077715455
2024-10-21 12:20:54.647352236+00:00,0.0,752.3333333333334,-830.6932322093573,-684.3218495990685
2024-10-21 12:20:54.647382777+00:00,0.0,-9.666666666666666,14.084049435221743,28.380676684068185
2024-10-21 12:20:54.647423336+00:00,0.0,432.0,27.370051474957744,-14.794678221735618
2024-10-21 12:20:54.647922749+00:00,200.0,-200.0,13.440174494988359,-3.5704800387781352
2024-10-21 12:20:54.648117162+00:00,50.0,-1347.0,5.251246540389085,-51.64431437000946
2024-10-21 12:20:54.648128723+00:00,0.0,848.0,29.698695447930447,153.06367141376572
2024-10-21 12:20:54.648446832+00:00,0.0,-423.3333333333333,5.608875110439704,-16.45178816252258
2024-10-21 12:20:54.697200659+00:00,0.0,-50.0,123.3397004910274,46.02559195875229
2024-10-21 12:20:54.697212843+00:00,0.0,75.33333333333333,-103.21358617581606,-113.9436361873935
2024-10-21 12:20:54.708231641+00:00,-200.0,250.0,15.334815806609734,59.36110302886253
2024-10-21 12:20:56.393593183+00:00,0.0,433.0,27.38638652329569,3.444085213643418
2024-10-21 12:20:56.654348888+00:00,50.0,-1350.0,5.2337817105918,-31.633429038586453
2024-10-21 12:20:56.654361253+00:00,0.0,849.5,29.715030496268362,74.45284980769134
2024-10-21 12:20:56.655676466+00:00,0.0,-423.3333333333333,5.608875110439704,-22.011451946940856
2024-10-21 12:21:00.388313049+00:00,0.0,8.666666666666666,14.383525321416855,173.16978353796054
2024-10-21 12:21:01.707857424+00:00,-200.0,-3096.0,-13.33786492382671,-40.52522846517743
2024-10-21 12:21:01.856825426+00:00,200.0,-200.0,13.440174494988359,-19.644271613125824
2024-10-21 12:21:01.856837629+00:00,0.0,848.0,25.345249086438074,38.469212823440024
2024-10-21 12:21:06.853945458+00:00,0.0,-655.6666666666666,887.2531808602879,625.2782831306963
2024-10-21 12:21:06.917506080+00:00,0.0,-8.666666666666666,14.10038448355965,-74.57832867219486
2024-10-21 12:21:06.917557816+00:00,0.0,432.6666666666667,27.380941507182992,-51.81075979517206
2024-10-21 12:21:06.921270364+00:00,0.0,-423.3333333333333,5.608875110439704,25.38317792698202
2024-10-21 12:21:06.921738635+00:00,0.0,132.2,-109.90249411371936,-138.92919343244344
2024-10-21 12:21:06.921761416+00:00,0.0,-657.0,855.2429056383662,713.8638357657646
2024-10-21 12:21:06.954173708+00:00,0.0,687.0,-867.7618017967482,-590.0981674471267
2024-10-21 12:21:07.982705400+00:00,0.0,135.0,-82.96868746415367,-115.58216976995223
2024-10-21 12:21:07.982732401+00:00,0.0,-105.16666666666667,125.84358908590542,153.71158177001675
2024-10-21 12:21:08.049468728+00:00,0.0,66.66666666666667,-89.030879249306,-8.632037862982823
2024-10-21 12:21:08.155736487+00:00,0.0,66.66666666666667,-89.030879249306,-40.420625908020185
2024-10-21 12:21:08.156275244+00:00,100.0,100.0,5.795221131890529,40.98349870394449
2024-10-21 12:21:08.214593412+00:00,0.0,-66.66666666666667,117.51478905428252,21.06483292036013
2024-10-21 12:21:08.214604801+00:00,0.0,133.33333333333334,-192.3037134011001,-20.60135592333223
2024-10-21 12:21:09.374232780+00:00,0.0,431.6666666666667,27.364606458845127,43.831601219398706
2024-10-21 12:21:13.168540873+00:00,-100.0,-100.0,22.68868867308598,115.87801559355107
2024-10-21 12:21:16.960024614+00:00,0.0,-656.6666666666666,854.6974169104235,548.5492205935891
2024-10-21 12:21:16.960037598+00:00,0.0,686.6666666666666,-867.3437079689885,-614.0780852532349
2024-10-21 12:21:17.837910042+00:00,0.0,-648.0,5.4575132521965,21.571847668022382
2024-10-21 12:21:17.837922361+00:00,0.0,847.5,29.69325043181777,10.886296414688868
2024-10-21 12:21:17.892771425+00:00,0.0,66.66666666666667,-89.030879249306,-93.01855083390896
2024-10-21 12:21:18.021293469+00:00,0.0,-148.2,219.24123888931982,136.20351009055221
2024-10-21 12:21:18.047828600+00:00,0.0,66.66666666666667,-89.030879249306,1.9251712781475163
2024-10-21 12:21:18.102401275+00:00,0.0,-66.66666666666667,117.51478905428252,11.155240387697267
2024-10-21 12:21:18.102413183+00:00,0.0,133.33333333333334,-192.3037134011001,-177.09144950837518
2024-10-21 12:21:18.739881846+00:00,0.0,-100.0,13.077632916001908,-50.352670903723066
2024-10-21 12:21:21.742772097+00:00,0.0,100.0,15.406276888974592,135.27574688143304
2024-10-21 12:21:26.102195386+00:00,0.0,133.33333333333334,-192.3037134011001,-149.5081755393261
2024-10-21 12:21:26.482363138+00:00,0.0,-66.66666666666667,117.51478905428252,105.41580767287228
2024-10-21 12:21:26.509547941+00:00,0.0,66.66666666666667,-89.030879249306,20.885454452052617
2024-10-21 12:21:26.750764565+00:00,0.0,-66.66666666666667,117.51478905428252,101.95305635557028
2024-10-21 12:21:26.750773173+00:00,0.0,-650.3333333333334,882.4378001147448,632.2081709383675
2024-10-21 12:21:26.750785721+00:00,0.0,780.3333333333334,-1051.8894709191666,-879.0465943765295
2024-10-21 12:21:26.804818995+00:00,0.0,-100.0,13.077632916001908,131.30876783585023
2024-10-21 12:21:26.804831024+00:00,0.0,200.0,16.570598875460938,56.19102035617589
2024-10-21 12:21:26.876199312+00:00,0.0,133.33333333333334,-192.3037134011001,-160.98750219384536
2024-10-21 12:21:28.271344736+00:00,0.0,133.33333333333334,-192.3037134011001,-78.62760311107718
2024-10-21 12:21:29.830172186+00:00,0.0,132.0,-109.48440028595965,-155.20792913176496
2024-10-21 12:21:43.255561253+00:00,0.0,-648.0,5.4575132521965,98.11590986761901
2024-10-21 12:21:43.255575289+00:00,0.0,200.0,16.570598875460938,-3.903624486301588
2024-10-21 12:21:43.310928524+00:00,0.0,747.5,28.52892844533149,-18.925136439013855
2024-10-21 12:21:45.092124924+00:00,0.0,133.33333333333334,-192.3037134011001,-121.58947495987698
2024-10-21 12:21:45.108232814+00:00,0.0,-148.2,219.24123888931982,216.29067076051663
2024-10-21 12:21:45.108296167+00:00,0.0,7.25,-1.57721820784992,28.167854781982992
2024-10-21 12:21:48.360630060+00:00,0.0,-648.0,5.4575132521965,84.51186000498387
2024-10-21 12:21:48.360641832+00:00,0.0,489.6666666666667,28.31203926244421,72.45558278943592
2024-10-21 12:21:48.415524174+00:00,0.0,133.33333333333334,-192.3037134011001,-127.13084534120223
2024-10-21 12:21:48.426249325+00:00,0.0,-7.25,30.061128012826433,66.11604303143605
2024-10-21 12:21:48.426358775+00:00,0.0,464.25,-613.2549795190561,-482.0774131715076
2024-10-21 12:21:48.440341021+00:00,0.0,-735.0,4.444553123953391,-90.24985752812339
2024-10-21 12:21:48.582445356+00:00,0.0,-655.6666666666666,887.2531808602879,585.9947460971238
2024-10-21 12:21:48.582457462+00:00,0.0,685.6666666666666,-716.5278136708499,-543.9073710624332
2024-10-21 12:21:48.968862759+00:00,0.0,100.0,15.406276888974592,44.49421412633143
2024-10-21 12:21:49.023156980+00:00,0.0,-100.0,13.077632916001908,-9.659920713436497
2024-10-21 12:21:49.023170310+00:00,0.0,100.0,15.406276888974592,74.9515015575168
2024-10-21 12:21:53.593348279+00:00,0.0,66.66666666666667,-89.030879249306,-52.87841018659
2024-10-21 12:21:53.647894830+00:00,0.0,-66.66666666666667,117.51478905428252,158.96921653686906
2024-10-21 12:21:53.647907823+00:00,0.0,133.33333333333334,-192.3037134011001,-63.01915944905281
2024-10-21 12:21:55.660629861+00:00,0.0,0.0,14.24195490248825,81.25269494174626
2024-10-21 12:22:01.337904135+00:00,0.0,100.0,15.406276888974592,-96.56665106179966
2024-10-21 12:22:03.706361217+00:00,-5.0,-2372.0,982.156188736104,566.1487515883844
2024-10-21 12:22:03.777516702+00:00,0.0,-988.5,888.5790437419189,621.2552875888397
2024-10-21 12:22:03.777529729+00:00,0.0,1083.5,-906.0096066489544,-665.8757586427267
2024-10-21 12:22:03.781981187+00:00,0.0,100.0,15.406276888974592,-49.4160555709004
2024-10-21 12:22:09.127308929+00:00,0.0,432.3333333333333,27.37549649107039,-64.69525985442205
2024-10-21 12:22:16.157355560+00:00,0.0,-650.3333333333334,882.4378001147448,510.156406840087
2024-10-21 12:22:16.158383793+00:00,0.0,14.0,7.628307919378209,78.58233540509636
2024-10-21 12:22:20.068422134+00:00,0.0,1084.5,-907.0423349904721,-678.6225767866109
2024-10-21 12:22:20.078770275+00:00,0.0,14.5,7.392106241409994,15.31594456535411
2024-10-21 12:22:20.078850920+00:00,0.0,-650.3333333333334,882.4378001147448,552.1246498978311
2024-10-21 12:22:20.140239259+00:00,0.0,-423.3333333333333,5.608875110439704,-1.1895074701426909
2024-10-21 12:22:20.140291372+00:00,0.0,433.0,27.38638652329569,-44.175689860100405
2024-10-21 12:22:20.142525001+00:00,0.0,-100.0,13.077632916001908,78.03659419042086
2024-10-21 12:22:20.142535602+00:00,0.0,-650.0,5.434226812466757,-1.6785670810578013
2024-10-21 12:22:20.142546696+00:00,0.0,749.5,28.550708509781995,-40.47102805754122
2024-10-21 12:22:20.146234448+00:00,0.0,-423.3333333333333,5.608875110439704,40.400392041515886
2024-10-21 12:22:20.260745295+00:00,0.0,100.0,15.406276888974592,-75.37878392134701
2024-10-21 12:22:20.322223273+00:00,0.0,100.0,15.406276888974592,-114.25963374683835
2024-10-21 12:22:21.536007375+00:00,0.0,431.6666666666667,27.364606458845127,10.383422552072803
2024-10-21 12:22:21.539297131+00:00,0.0,-423.3333333333333,5.608875110439704,190.89513661158455
2024-10-21 12:22:21.583281944+00:00,0.0,1085.0,-907.5586991612314,-747.5520040487966
2024-10-21 12:22:22.095263170+00:00,0.0,432.0,27.370051474957744,-33.46607547013179
2024-10-21 12:22:22.945397458+00:00,0.0,-100.0,13.077632916001908,-103.21358627046092
2024-10-21 12:22:22.945406901+00:00,0.0,-648.5,5.45169164226404,93.89063079358891
2024-10-21 12:22:22.945697032+00:00,0.0,748.0,28.53437346144413,79.84449458840177
2024-10-21 12:22:22.986296201+00:00,0.0,100.0,15.406276888974592,102.20488693986064
2024-10-21 12:22:23.024563308+00:00,0.0,-100.0,13.077632916001908,-54.0120102308832
2024-10-21 12:22:23.028903196+00:00,0.0,-648.5,5.45169164226404,-25.67077256091744
2024-10-21 12:22:23.028915916+00:00,0.0,748.0,28.53437346144413,-8.80922571290372
2024-10-21 12:22:23.079803882+00:00,3.0,2068.0,-719.5986902576373,-596.7795103877024
2024-10-21 12:22:23.079851405+00:00,0.0,0.0,14.24195490248825,33.13423488845295
2024-10-21 12:22:23.079869699+00:00,48.0,-48.0,14.049527604688278,80.1327769291258
2024-10-21 12:22:23.079869699+00:00,-48.0,48.0,14.434382200288224,28.62134696946581
2024-10-21 12:22:23.079869699+00:00,0.0,0.0,14.24195490248825,122.45758454954394
2024-10-21 12:22:23.079869699+00:00,0.0,0.0,14.24195490248825,88.02973680360527
2024-10-21 12:22:23.079869699+00:00,0.0,0.0,14.24195490248825,32.82305249454136
2024-10-21 12:22:23.079955251+00:00,48.0,-672.5,5.259264344464085,59.41589766860921
2024-10-21 12:22:23.083910618+00:00,-5.0,-2175.0,936.4649456547379,641.4420812359406
2024-10-21 12:22:23.088151194+00:00,100.0,2165.0,-727.792022015117,-541.1038591327308
2024-10-21 12:22:23.116151189+00:00,0.0,748.0,28.53437346144413,-24.210310476499707
2024-10-21 12:22:23.241854315+00:00,0.0,100.0,15.406276888974592,107.82619263958452
2024-10-21 12:22:26.043027067+00:00,0.0,100.0,15.406276888974592,139.46332480535335
2024-10-21 12:22:26.221438925+00:00,0.0,66.66666666666667,-89.030879249306,11.847551331776618
2024-10-21 12:22:29.394160247+00:00,0.0,66.66666666666667,-89.030879249306,-82.46987346770811
2024-10-21 12:22:36.707463498+00:00,0.0,-423.3333333333333,5.608875110439704,60.97316918771338
2024-10-21 12:22:36.707506060+00:00,0.0,431.6666666666667,27.364606458845127,114.30229760732736
2024-10-21 12:22:40.428425309+00:00,0.0,0.0,14.24195490248825,-121.26754570862686
2024-10-21 12:22:40.428425309+00:00,0.0,0.0,14.24195490248825,-24.60928772239708
2024-10-21 12:23:09.008613373+00:00,4.0,2154.0,-631.8265050084578,-441.4884969351767
2024-10-21 12:23:09.008621599+00:00,0.0,1075.0,-443.4473969881889,-294.8220932819211
2024-10-21 12:23:09.008973422+00:00,0.0,-1075.0,659.9725454626105,579.9004450243822
2024-10-21 12:23:09.009065871+00:00,723.0,2777.0,-481.8419210646616,-328.9185633668208
2024-10-21 12:23:09.047049975+00:00,0.0,-1075.0,659.9725454626105,441.8181937494693
2024-10-21 12:23:09.047528450+00:00,0.0,-1032.5,747.8291980494959,564.5091792151609
2024-10-21 12:23:09.079779485+00:00,0.0,-100.0,13.077632916001908,-16.765613136989774
2024-10-21 12:23:09.081699019+00:00,0.0,66.66666666666667,-89.030879249306,-39.411840386428125
2024-10-21 12:23:09.087775155+00:00,0.0,-66.66666666666667,117.51478905428252,161.31918389151883
2024-10-21 12:23:09.087785825+00:00,0.0,-656.6666666666666,888.8022733725653,643.2754639979768
2024-10-21 12:23:09.087797026+00:00,0.0,686.6666666666666,-718.1642798546783,-484.5040682783541
2024-10-21 12:23:09.133329159+00:00,0.0,66.66666666666667,-89.030879249306,-177.10543784923786
2024-10-21 12:23:09.155634175+00:00,0.0,-485.25,873.8277124205547,458.214963463237
2024-10-21 12:23:09.155732424+00:00,0.0,464.25,-613.2549795190561,-460.2069595554527
2024-10-21 12:23:09.242822823+00:00,0.0,-423.3333333333333,5.608875110439704,28.47832829766349
2024-10-21 12:23:09.242876186+00:00,0.0,159.6,23.37917645268767,-76.38233416020788
2024-10-21 12:23:09.312635376+00:00,0.0,102.5,-35.5802015449498,-24.064108116787807
2024-10-21 12:23:09.319468618+00:00,0.0,100.0,15.406276888974592,-35.345495086176896
2024-10-21 12:23:09.729465211+00:00,0.0,-100.0,13.077632916001908,85.68280481273167
2024-10-21 12:23:09.784075201+00:00,0.0,100.0,-32.998380691154935,-27.669097872247068
2024-10-21 12:23:11.099071185+00:00,0.0,0.0,14.24195490248825,56.130630618654195
2024-10-21 12:23:11.099071185+00:00,-200.0,-200.0,31.135422443683723,-142.3777129909279
2024-10-21 12:23:11.099138993+00:00,0.0,-986.0,888.4341892501291,670.0474775390237
2024-10-21 12:23:11.171874633+00:00,0.0,100.0,15.406276888974592,-35.96180572066065
2024-10-21 12:23:11.208162821+00:00,0.0,1031.0,-663.0771359664939,-234.252536541959
2024-10-21 12:23:12.139603042+00:00,0.0,100.0,-32.998380691154935,-164.0397062720593
2024-10-21 12:23:12.190123660+00:00,0.0,-154.0,8.642447410212313,-33.98818990364533
2024-10-21 12:23:12.190244811+00:00,0.0,432.3333333333333,27.37549649107039,83.42868661996741
2024-10-21 12:23:12.195254017+00:00,0.0,-423.3333333333333,5.608875110439704,-10.479967509152797
2024-10-21 12:23:13.923503589+00:00,0.0,159.2,23.361809380369092,-10.278043201766696
2024-10-21 12:23:14.014125157+00:00,0.0,-986.0,888.4341892501291,637.7166254504925
2024-10-21 12:23:14.014138266+00:00,0.0,200.0,-80.23871628479812,-130.7945662353372
2024-10-21 12:23:24.180057341+00:00,0.0,1031.0,-663.0771359664939,-462.50826377569274
2024-10-21 12:23:24.244388472+00:00,0.0,-485.25,873.8277124205547,563.2241349685141
2024-10-21 12:23:24.244727755+00:00,0.0,465.0,-614.8914457028839,-367.83832106485124
2024-10-21 12:23:24.253824768+00:00,0.0,100.0,-32.998380691154935,172.5829734839838
2024-10-21 12:23:24.273148439+00:00,0.0,-154.0,8.642447410212313,-7.23524118739013
2024-10-21 12:23:24.273199301+00:00,0.0,433.0,27.38638652329569,94.63678071432611
2024-10-21 12:23:24.281024032+00:00,0.0,-423.3333333333333,5.608875110439704,90.34842078946863
2024-10-21 12:23:25.922987113+00:00,0.0,159.6,23.37917645268767,71.89892635529084
2024-10-21 12:23:26.667483730+00:00,0.0,-154.0,8.642447410212313,13.696489226861132
2024-10-21 12:23:26.667566801+00:00,0.0,431.6666666666667,27.364606458845127,-54.98176385546398
2024-10-21 12:23:26.671669972+00:00,0.0,-423.3333333333333,5.608875110439704,164.3372778209207
2024-10-21 12:23:29.923042073+00:00,0.0,159.0,23.353125844209746,50.03861660849623
2024-10-21 12:23:31.049271170+00:00,0.0,-987.5,889.9832817624061,611.2214515002695
2024-10-21 12:23:31.049283153+00:00,0.0,1032.5,-664.7136021503219,-470.98001819705814
2024-10-21 12:23:31.105200821+00:00,0.0,100.0,-32.998380691154935,-75.6746522599886
2024-10-21 12:23:33.817825903+00:00,0.0,-987.5,889.9832817624061,578.2273772994122
2024-10-21 12:23:33.817837243+00:00,0.0,200.0,-80.23871628479812,-65.00839391474621
2024-10-21 12:23:34.381673108+00:00,0.0,-154.0,8.642447410212313,-23.40262224653755
2024-10-21 12:23:34.381786514+00:00,0.0,159.2,23.361809380369092,101.66791344747368
2024-10-21 12:23:35.765078516+00:00,-100.0,-100.0,22.68868867308598,-41.58258085843024
2024-10-21 12:23:35.765078516+00:00,100.0,100.0,5.795221131890529,-95.24640429982487
2024-10-21 12:23:35.765293055+00:00,-100.0,-100.0,22.68868867308598,-79.50152637194178
2024-10-21 12:23:35.765293055+00:00,-405.0,-2385.0,923.4969205467443,612.7040498327839
2024-10-21 12:23:35.765317844+00:00,-124.0,1759.0,30.301835571914463,50.68038787725765
2024-10-21 12:23:35.765319866+00:00,0.0,815.0,27.304453268286796,-115.99191320947911
2024-10-21 12:23:35.765327695+00:00,0.0,50.0,14.82411589573143,-127.20011551304046
2024-10-21 12:23:35.765330068+00:00,0.0,50.0,14.82411589573143,89.8110397674082
2024-10-21 12:23:35.765336405+00:00,0.0,19.0,14.463176079920657,15.216873340580989
2024-10-21 12:23:35.765353728+00:00,0.0,-50.0,13.659793909245076,-134.0218216311035
2024-10-21 12:23:35.765358258+00:00,-300.0,-500.0,47.62799978112923,71.4614631026201
2024-10-21 12:23:35.765377342+00:00,0.0,-50.0,13.659793909245076,-40.45913734308848
2024-10-21 12:23:35.765712149+00:00,0.0,-50.0,13.659793909245076,229.70086590386722
2024-10-21 12:23:35.833227941+00:00,0.0,-1030.5,641.1430167921375,482.8859572137782
2024-10-21 12:23:35.833269631+00:00,0.0,990.5,-861.0399406488151,-695.3342785396338
2024-10-21 12:23:35.833775320+00:00,100.0,2076.0,-870.4624698987859,-717.8190823823841
2024-10-21 12:23:35.833795471+00:00,38.0,-1673.0,-1.473160191713011,-130.64581491869433
2024-10-21 12:23:35.836802755+00:00,0.0,-650.3333333333334,882.4378001147448,645.1774468497699
2024-10-21 12:23:35.873762810+00:00,2.0,-1698.0,-0.24813365221282857,-16.845193635467613
2024-10-21 12:23:35.901086187+00:00,0.0,285.25,-408.9528202614215,-335.0481547048375
2024-10-21 12:23:35.969121189+00:00,0.0,100.0,-203.95353627459002,-163.2066980446861
2024-10-21 12:23:36.000147454+00:00,0.0,533.3333333333334,-846.8901869323349,-545.7030738400545
2024-10-21 12:23:36.364328399+00:00,0.0,464.5,-613.8004682469983,-325.8453239321995
2024-10-21 12:23:36.417876919+00:00,0.0,133.33333333333334,-192.3037134011001,-104.8314554012385
2024-10-21 12:23:37.809399308+00:00,0.0,-100.0,13.077632916001908,-29.932291254801296
2024-10-21 12:23:37.809411756+00:00,0.0,100.0,15.406276888974592,-18.079844547762114
2024-10-21 12:23:37.892403782+00:00,0.0,100.0,15.406276888974592,29.172434656865214
2024-10-21 12:23:39.411730598+00:00,0.0,-154.0,8.642447410212313,72.32140507350191
2024-10-21 12:23:39.411789045+00:00,0.0,433.0,27.38638652329569,14.439532999833482
2024-10-21 12:23:40.838462060+00:00,0.0,-485.25,873.8277124205547,520.1099500963234
2024-10-21 12:23:40.838495937+00:00,0.0,464.75,-614.3459569749413,-384.3498063403005
2024-10-21 12:23:40.883854903+00:00,0.0,102.5,-35.5802015449498,-54.535522566475414
2024-10-21 12:23:53.580500087+00:00,-4.0,1442.0,28.117151724347217,46.68914159973036
2024-10-21 12:23:53.580531557+00:00,0.0,-987.0,889.4669175916467,566.9715725208728
2024-10-21 12:23:53.584590487+00:00,2.0,-1501.0,-0.07481650888048409,-40.13423700019756
2024-10-21 12:23:53.687318686+00:00,0.0,1032.0,-664.1681134223795,-428.3075947404791
2024-10-21 12:23:56.151717030+00:00,0.0,0.0,14.24195490248825,148.87863876184994
2024-10-21 12:23:56.151717030+00:00,-200.0,-2174.0,906.3603851328422,504.385372059796
2024-10-21 12:23:56.151739820+00:00,-100.0,1538.0,28.502006319947153,-15.516127816787165
2024-10-21 12:23:56.151743006+00:00,0.0,716.5,25.55776606668341,128.80371964094078
2024-10-21 12:23:56.151744249+00:00,0.0,479.0,23.45689740712884,-117.69360188608651
2024-10-21 12:23:56.151751835+00:00,0.0,33.333333333333336,14.786456513752091,-53.32904504574246
2024-10-21 12:23:56.151753407+00:00,-5.0,-1884.0,890.0182853976489,573.5277807405565
2024-10-21 12:23:56.151760470+00:00,0.0,15.0,14.416603200461205,67.35375413707048
2024-10-21 12:23:56.151774406+00:00,0.0,221.0,22.06733102886237,-36.22077332734355
2024-10-21 12:23:56.151794726+00:00,55.0,-1118.0,4.168892175494333,-64.40140558683804
2024-10-21 12:23:56.151815406+00:00,25.0,-25.0,14.141732351550766,27.807555114557793
2024-10-21 12:23:56.151818053+00:00,0.0,-50.0,13.659793909245076,74.19482009525879
2024-10-21 12:23:56.151908869+00:00,-100.0,993.0,23.731872753112956,-56.68002550757576
2024-10-21 12:23:56.152059304+00:00,0.0,-287.6666666666667,5.553703774043163,8.938590567250616
2024-10-21 12:23:56.152100943+00:00,-7.0,7.0,14.270017216750748,34.433728764591905
2024-10-21 12:23:56.152326897+00:00,100.0,-100.0,13.841064698738304,-47.953401800332536
2024-10-21 12:23:56.156195112+00:00,30.0,-1393.0,3.213389372438335,-54.50497722064906
2024-10-21 12:23:56.222863616+00:00,0.0,780.3333333333334,-1051.8894709191666,-832.0259179043136
2024-10-21 12:23:56.223377764+00:00,0.0,-1175.5,976.9184713020309,644.6637557470322
2024-10-21 12:23:56.223447893+00:00,0.0,656.6666666666666,-860.3183635675882,-616.6548833564543
2024-10-21 12:23:56.253764723+00:00,0.0,-719.0,0.3827936887793,125.07176674410694
2024-10-21 12:23:56.403764720+00:00,2.0,-1501.0,-0.07481650888048409,32.876044138632196
2024-10-21 12:23:59.004911131+00:00,0.0,-990.0,889.2876487758232,652.5393531175366
2024-10-21 12:23:59.004923443+00:00,0.0,285.25,-408.9528202614215,-335.686823925732
2024-10-21 12:23:59.008280403+00:00,0.0,421.6666666666667,27.158375141071158,94.93274320354783
2024-10-21 12:23:59.008322912+00:00,0.0,-317.25,1.2608737650600184,9.833172222294227
2024-10-21 12:23:59.011947596+00:00,0.0,-649.5,5.440048422399169,94.20161287728666
2024-10-21 12:23:59.011960403+00:00,0.0,489.6666666666667,28.31203926244421,43.33786349436316
2024-10-21 12:23:59.013517894+00:00,0.0,-423.3333333333333,5.608875110439704,12.593896437279259
2024-10-21 12:23:59.013530559+00:00,0.0,556.3333333333334,29.401042484971878,70.19057510421614
2024-10-21 12:23:59.014238552+00:00,0.0,-835.0,3.280231137467033,-46.93902137047887
2024-10-21 12:23:59.017196811+00:00,0.0,-1175.5,752.7884770694272,538.6419678184589
2024-10-21 12:23:59.017282783+00:00,0.0,153.4,-201.627768606095,-129.87407471913784
2024-10-21 12:23:59.074518650+00:00,0.0,100.0,15.406276888974592,57.11279326728446
2024-10-21 12:24:00.591545399+00:00,0.0,6.75,-0.48624075196452754,-11.097060617357478
2024-10-21 12:24:00.591577923+00:00,0.0,-150.0,262.2553064760373,192.87655719217088
2024-10-21 12:24:00.591620074+00:00,0.0,431.6666666666667,27.364606458845127,26.732001483880474
2024-10-21 12:24:00.639005885+00:00,0.0,800.0,-699.8757211955634,-506.8477188120125
2024-10-21 12:24:00.649056842+00:00,0.0,100.0,15.406276888974592,-42.179596846763694
2024-10-21 12:24:02.009392935+00:00,0.0,100.0,15.406276888974592,-47.69860222494634
2024-10-21 12:24:03.014231244+00:00,0.0,200.0,-80.23871628479812,-46.25444000226266
2024-10-21 12:24:12.705753370+00:00,0.0,-423.3333333333333,5.608875110439704,82.04854603523872
2024-10-21 12:24:12.705792927+00:00,0.0,432.0,27.370051474957744,4.731901454841742
2024-10-21 12:24:12.758652350+00:00,0.0,-100.0,13.077632916001908,42.679314168422216
2024-10-21 12:24:12.758665302+00:00,-200.0,202.0,15.05537852985301,15.901730396910912
2024-10-21 12:24:12.829796906+00:00,0.0,-1044.0,655.0848494026296,515.5188910182121
2024-10-21 12:24:12.829810064+00:00,0.0,392.6666666666667,-455.5907493570445,-311.4197073064626
2024-10-21 12:24:12.887759925+00:00,0.0,700.0,-652.6353856019203,-446.39481975321576
2024-10-21 12:24:12.974071654+00:00,-200.0,200.0,15.043735309988147,52.27463791043977
2024-10-21 12:24:12.981737142+00:00,-6.0,1641.0,29.345389061063816,-41.07953372760264
2024-10-21 12:24:12.981783591+00:00,0.0,-1044.0,655.0848494026296,497.76727565858573
2024-10-21 12:24:12.985831565+00:00,400.0,-1698.0,-0.5013457048459237,86.10346611275935
2024-10-21 12:24:13.052603423+00:00,0.0,287.5,-451.9668878481389,-217.25314034526906
2024-10-21 12:24:13.053128647+00:00,0.0,43.666666666666664,-21.519352974389403,-78.38790655882156
2024-10-21 12:24:13.053154026+00:00,0.0,-9.0,28.18378751298048,-18.663878261548867
2024-10-21 12:24:13.184858615+00:00,0.0,50.0,-94.85579068605091,-155.16046443691053
2024-10-21 12:24:13.202985661+00:00,0.0,67.0,-89.57636797724865,19.4936565502417
2024-10-21 12:24:13.538400660+00:00,0.0,66.66666666666667,-89.030879249306,-45.04848898824007
2024-10-21 12:24:13.589170912+00:00,0.0,-66.66666666666667,117.51478905428252,73.84013360746951
2024-10-21 12:24:13.589183060+00:00,0.0,700.0,-652.6353856019203,-409.6886325822295
2024-10-21 12:24:13.922992508+00:00,0.0,-40.833333333333336,51.11792345739842,119.89022922471402
2024-10-21 12:24:13.923126726+00:00,0.0,7.5,-2.1227069357926154,-57.860824882551064
2024-10-21 12:24:15.708838775+00:00,0.0,-423.3333333333333,5.608875110439704,-39.28298560860019
2024-10-21 12:24:15.708973640+00:00,0.0,650.0,27.40275276018226,91.58839746762447
2024-10-21 12:24:15.716580295+00:00,0.0,-636.0,5.597231890574851,-82.16338337079989
2024-10-21 12:24:17.551956961+00:00,0.0,432.0,27.370051474957744,169.05916376663004
2024-10-21 12:24:18.858127605+00:00,100.0,100.0,5.795221131890529,47.955674610506435
2024-10-21 12:24:25.049338154+00:00,0.0,-423.3333333333333,5.608875110439704,86.49709807343585
2024-10-21 12:24:25.049382422+00:00,0.0,649.5,27.396931150249888,-9.919152143849974
2024-10-21 12:24:25.060079940+00:00,0.0,-636.0,5.597231890574851,49.63815413143462
2024-10-21 12:24:25.922924503+00:00,0.0,431.6666666666667,27.364606458845127,158.4723121652936
2024-10-21 12:24:33.385173258+00:00,0.0,-423.3333333333333,5.608875110439704,-45.887451295018245
2024-10-21 12:24:33.385196713+00:00,0.0,650.0,27.40275276018226,90.92373150004786
2024-10-21 12:24:33.391191505+00:00,0.0,-636.0,5.597231890574851,53.09870382632497
2024-10-21 12:24:33.923102791+00:00,0.0,431.6666666666667,27.364606458845127,-25.472980400310288
2024-10-21 12:24:37.922944460+00:00,0.0,-423.3333333333333,5.608875110439704,-72.89179927013615
2024-10-21 12:24:37.923028006+00:00,0.0,649.0,27.391109540317494,201.0813512187544
2024-10-21 12:24:40.307674730+00:00,0.0,0.0,14.24195490248825,29.224899749209197
2024-10-21 12:24:40.307995193+00:00,2.0,2.0,14.0730202270763,47.60829272552014
2024-10-21 12:24:40.307996031+00:00,0.0,1135.5,-984.779619396984,-799.54172195592
2024-10-21 12:24:40.308007727+00:00,-2.0,-2.0,14.410889577900205,13.867742866370248
2024-10-21 12:24:40.308025276+00:00,200.0,-200.0,13.440174494988359,74.14827664682048
2024-10-21 12:24:40.308036005+00:00,27.0,-1299.0,5.488991535562339,107.58061652379058
2024-10-21 12:24:40.308405475+00:00,0.0,-1090.5,946.0427975466689,591.7208482098999
2024-10-21 12:24:40.309748359+00:00,0.0,1135.5,-984.779619396984,-755.706803695544
2024-10-21 12:24:40.310193512+00:00,0.0,-1090.5,946.0427975466689,625.845797825312
2024-10-21 12:24:40.353810051+00:00,-200.0,1498.0,28.19288994781735,129.80173413506694
2024-10-21 12:24:40.377247665+00:00,27.0,-1299.0,5.488991535562339,86.18186255150329
2024-10-21 12:24:40.379809120+00:00,2.0,-3272.0,-13.996301277158382,40.290273269898194
2024-10-21 12:24:40.415871461+00:00,0.0,735.0,24.039356681023104,-127.17233589739782
2024-10-21 12:24:40.464828695+00:00,0.0,100.0,15.406276888974592,-57.56744087773252
2024-10-21 12:24:40.656837789+00:00,0.0,-1045.5,656.6339419149062,539.3927991676708
2024-10-21 12:24:40.763590881+00:00,0.0,1090.5,-917.5588877416925,-630.0792267023119
2024-10-21 12:24:43.066357159+00:00,1.0,2277.0,-986.0450951245313,-712.8499265101146
2024-10-21 12:24:43.129440388+00:00,0.0,432.0,27.370051474957744,90.87742739421289
2024-10-21 12:24:55.149943017+00:00,0.0,0.0,14.24195490248825,-1.926819087844121
2024-10-21 12:24:55.149943017+00:00,-105.0,-2286.0,954.9118680057971,780.80027712337
2024-10-21 12:24:55.149972348+00:00,-38.0,1673.0,29.32378958598604,239.8930191978244
2024-10-21 12:24:55.149990092+00:00,-26.0,26.0,14.346186355463233,21.459160435224565
2024-10-21 12:24:55.150004189+00:00,0.0,778.0,26.345451667459884,91.71497063734377
2024-10-21 12:24:55.250051974+00:00,38.0,-38.0,14.089616625063268,110.8849867952541
2024-10-21 12:24:55.250079517+00:00,0.0,-817.5,-0.6875415035845928,10.193156642443634
2024-10-21 12:24:55.403764807+00:00,2.0,-1698.0,-1.2228034470288929,-9.023450495489092
2024-10-21 12:24:58.866984470+00:00,-200.0,1835.0,29.973231716060948,-92.59329421359782
2024-10-21 12:25:00.039201756+00:00,0.0,-317.25,1.2608737650600184,-22.136711742890302
2024-10-21 12:25:00.039255807+00:00,0.0,-7.5,30.606616740769127,-86.44235261889624
2024-10-21 12:25:00.940301280+00:00,1.0,2247.0,-973.5022802917406,-744.0173242885984
2024-10-21 12:25:03.425959742+00:00,0.0,807.5,29.354501362427506,-10.58891123382321
2024-10-21 12:25:07.929021771+00:00,0.0,-50.0,12.997419558233883,-1.346037035962306
2024-10-21 12:25:07.929036599+00:00,0.0,100.0,16.731025590997,-67.63002136030698
2024-10-21 12:25:08.718962947+00:00,0.0,-835.5,-0.928775899860254,121.8956304606463
2024-10-21 12:25:08.828413687+00:00,100.0,2237.0,-771.0711915593428,-630.9823890030588
2024-10-21 12:25:09.009866477+00:00,0.0,-485.25,873.8277124205547,627.1172330277806
2024-10-21 12:25:09.009890544+00:00,0.0,166.2,-180.978444832865,-91.17928441120807
2024-10-21 12:25:09.088777165+00:00,0.0,40.0,-69.3768106494479,-64.07771815230163
2024-10-21 12:25:09.146677151+00:00,0.0,-40.0,97.8607204544244,113.62313366647203
2024-10-21 12:25:09.146689798+00:00,0.0,400.0,-705.6661295862069,-580.0475205912805
2024-10-21 12:25:09.325236301+00:00,0.0,-485.25,873.8277124205547,581.8633173742571
2024-10-21 12:25:09.325248668+00:00,0.0,166.2,-180.978444832865,-214.78108619181114
2024-10-21 12:25:09.630030450+00:00,0.0,40.0,-69.3768106494479,13.873203934959164
2024-10-21 12:25:09.684292780+00:00,0.0,-40.0,97.8607204544244,13.198201227644024
2024-10-21 12:25:09.684305729+00:00,0.0,400.0,-705.6661295862069,-528.4756061858823
2024-10-21 12:25:10.726127491+00:00,0.0,807.5,29.354501362427506,5.617099018102751
2024-10-21 12:25:16.348283664+00:00,0.0,50.0,-94.85579068605091,-30.158140630151575
2024-10-21 12:25:25.279408267+00:00,0.0,-485.25,873.8277124205547,720.6590248574737
2024-10-21 12:25:25.279420038+00:00,0.0,507.75,-708.1700181810847,-493.7756587359751
2024-10-21 12:25:25.341543400+00:00,0.0,-289.6666666666667,3.438880210115355,23.911483889558493
2024-10-21 12:25:26.789218710+00:00,0.0,536.0,29.004241170664418,78.23270843940814
2024-10-21 12:25:34.805904261+00:00,4.0,2226.0,-649.4336637177712,-531.8340826738685
2024-10-21 12:25:34.806661445+00:00,-100.0,-2237.0,799.5551013643191,525.2041992111624
2024-10-21 12:25:34.806990464+00:00,0.0,0.0,14.24195490248825,2.774117696779824
2024-10-21 12:25:35.054480586+00:00,79.0,-79.0,13.925251641525795,-26.348260762358393
2024-10-21 12:25:35.054480586+00:00,-79.0,79.0,14.55865816345071,-187.47353228163428
2024-10-21 12:25:35.054480586+00:00,0.0,0.0,14.24195490248825,45.64283886508259
2024-10-21 12:25:35.054480586+00:00,0.0,0.0,14.24195490248825,68.94915432795158
2024-10-21 12:25:35.054558163+00:00,79.0,-450.0,0.9332804718722755,28.238101985296957
2024-10-21 12:25:35.064902310+00:00,0.0,66.66666666666667,15.330958125015929,-50.35418893593945
2024-10-21 12:25:35.147671307+00:00,0.0,66.66666666666667,15.330958125015929,-108.689424298887
2024-10-21 12:25:37.149112390+00:00,0.0,-865.5,2.679751559920267,46.11080618744069
2024-10-21 12:25:39.151789847+00:00,0.0,7.777777777777778,14.965828396797448,8.158391118933148
2024-10-21 12:25:43.597387033+00:00,0.0,50.0,-94.85579068605091,-131.2705947230051
2024-10-21 12:25:45.063448661+00:00,0.0,50.0,-94.85579068605091,-158.54331717704048
2024-10-21 12:25:52.757291105+00:00,0.0,-485.25,873.8277124205547,603.612431143342
2024-10-21 12:25:52.757304269+00:00,0.0,507.75,-708.1700181810847,-651.4569739481215
2024-10-21 12:25:54.873237392+00:00,0.0,0.5,14.005753224520037,38.67172281169408
2024-10-21 12:26:00.405695962+00:00,0.0,-13.666666666666666,12.787094018870189,16.50446983915973
2024-10-21 12:26:01.715279752+00:00,0.0,50.0,-94.85579068605091,-65.23538744546622
2024-10-21 12:26:02.221924482+00:00,0.0,50.0,-94.85579068605091,-78.89966013298007
2024-10-21 12:26:02.408536304+00:00,0.0,425.3333333333333,27.261151152704983,111.98144433679595
2024-10-21 12:26:05.173881544+00:00,100.0,2323.0,-658.0588923083038,-459.5087350306591
2024-10-21 12:26:05.247215441+00:00,0.0,-100.0,13.077632916001908,37.411941602862974
2024-10-21 12:26:05.247226039+00:00,0.0,-100.0,13.077632916001908,86.65599665554187
2024-10-21 12:26:05.247237168+00:00,0.0,471.0,27.9463513317431,38.359348779854706
2024-10-21 12:26:08.272451351+00:00,0.0,40.0,-69.3768106494479,-39.93435522943217
2024-10-21 12:26:09.610903498+00:00,0.0,-1069.0,791.3445692716897,679.5267339537762
2024-10-21 12:26:11.689776041+00:00,0.0,-425.3333333333333,1.2227586522715221,-18.686026042167278
2024-10-21 12:26:11.689788127+00:00,0.0,471.0,27.9463513317431,-118.29734529717993
2024-10-21 12:26:11.691787041+00:00,0.0,66.66666666666667,15.330958125015929,-113.3012241529566
2024-10-21 12:26:11.746296162+00:00,0.0,-66.66666666666667,13.152951679960573,-8.064763177801296
2024-10-21 12:26:11.746308007+00:00,0.0,66.66666666666667,15.330958125015929,-22.909357985846256
2024-10-21 12:26:13.045285946+00:00,0.0,50.0,-94.85579068605091,-53.44738764105486
2024-10-21 12:26:20.829236958+00:00,0.0,7.5,14.32927905147473,17.64502473428829
2024-10-21 12:26:22.496350258+00:00,0.0,-317.25,1.2608737650600184,42.356571350285726
2024-10-21 12:26:23.488892465+00:00,0.0,-485.25,873.8277124205547,740.6571531383577
2024-10-21 12:26:23.498360877+00:00,0.0,507.75,-708.1700181810847,-587.15549232998
2024-10-21 12:26:24.504437465+00:00,0.0,0.875,14.329762076333477,30.888708309232427
2024-10-21 12:26:25.077457400+00:00,0.0,-485.25,873.8277124205547,680.2890551497825
2024-10-21 12:26:25.077469095+00:00,0.0,507.75,-708.1700181810847,-682.6030575212708
2024-10-21 12:26:25.077482593+00:00,0.0,66.66666666666667,15.330958125015929,-113.84007853433303
2024-10-21 12:26:25.129312037+00:00,0.0,-66.66666666666667,13.152951679960573,-84.72826811190211
2024-10-21 12:26:25.129324093+00:00,0.0,-568.0,6.145758818267586,-136.96464640587442
2024-10-21 12:26:25.268638479+00:00,0.0,50.0,-94.85579068605091,-8.82707827739583
2024-10-21 12:26:25.384088744+00:00,0.0,-100.0,13.077632916001908,70.54777015901463
2024-10-21 12:26:25.384100277+00:00,0.0,492.0,28.399846436289472,22.699129019170076
2024-10-21 12:26:25.438886764+00:00,0.0,50.0,-94.85579068605091,-66.30526813492536
2024-10-21 12:26:25.518902005+00:00,0.0,66.66666666666667,15.330958125015929,-189.98281338071067
2024-10-21 12:26:31.592891536+00:00,0.0,-0.875,14.154147728643029,-69.56120954981793
2024-10-21 12:26:32.717433050+00:00,-10.0,10.0,14.282043922863249,-115.73002636878311
2024-10-21 12:26:32.717472823+00:00,0.0,-485.25,873.8277124205547,612.2314761142734
2024-10-21 12:26:32.721528057+00:00,10.0,-10.0,14.201865882113257,47.57888268839739
2024-10-21 12:26:32.820683999+00:00,0.0,507.75,-708.1700181810847,-497.7626067066307
2024-10-21 12:26:33.596060481+00:00,0.0,0.875,14.329762076333477,86.59082421221059
2024-10-21 12:26:33.705296257+00:00,0.0,-485.25,873.8277124205547,710.5417851457479
2024-10-21 12:26:33.705309399+00:00,0.0,557.75,-817.2677637696241,-568.4127674567012
2024-10-21 12:26:40.656134264+00:00,0.0,-445.3333333333333,4.98143683178123,-54.41805015515975
2024-10-21 12:26:40.656147028+00:00,0.0,558.6666666666666,29.488849658817085,-119.98762852907004
2024-10-21 12:26:40.707506986+00:00,0.0,100.0,-203.95353627459002,-198.70375073568698
2024-10-21 12:26:40.896535785+00:00,0.0,133.33333333333334,16.41996134754361,-4.236829554939263
2024-10-21 12:26:42.392534365+00:00,0.0,-0.875,14.154147728643029,-6.0109542522850665
2024-10-21 12:26:43.555613825+00:00,-2.0,-2448.0,1105.3434915862176,826.2127032524776
2024-10-21 12:26:43.555613825+00:00,100.0,2438.0,-880.4051388258504,-814.3331559948854
2024-10-21 12:26:43.555625145+00:00,0.0,0.0,14.24195490248825,85.3111481727413
2024-10-21 12:26:43.555636531+00:00,-100.0,1844.0,30.50073034016428,-38.24233383536508
2024-10-21 12:26:43.555641373+00:00,0.0,719.5,26.033614043141267,60.719566160316305
2024-10-21 12:26:43.555648065+00:00,0.0,33.333333333333336,14.786456513752091,-13.838840516034553
2024-10-21 12:26:43.555650058+00:00,0.0,33.333333333333336,14.786456513752091,13.481811108456382
2024-10-21 12:26:43.555653371+00:00,0.0,-969.5,-0.9602937045467762,-34.65285613756682
2024-10-21 12:26:43.555663089+00:00,0.0,731.0,26.092192307628487,0.2910917661410375
2024-10-21 12:26:43.555678324+00:00,23.0,-1962.0,-1.0524984514092885,-33.458363508565725
2024-10-21 12:26:43.555692383+00:00,0.0,-50.0,13.659793909245076,37.335635747945844
2024-10-21 12:26:43.555700148+00:00,0.0,531.0,23.867864822738557,-57.471204494431525
2024-10-21 12:26:43.555711164+00:00,0.0,0.0,14.24195490248825,72.49578357098089
2024-10-21 12:26:43.555711164+00:00,-50.0,-50.0,18.46532178778711,-82.03062253388217
2024-10-21 12:26:43.555724858+00:00,100.0,100.0,5.795221131890529,-35.40458849660326
2024-10-21 12:26:43.555737821+00:00,0.0,0.0,14.24195490248825,-55.410963303826
2024-10-21 12:26:43.555737821+00:00,-50.0,-50.0,18.46532178778711,119.44572177870624
2024-10-21 12:26:43.555767270+00:00,0.0,-50.0,123.3397004910274,132.4240954867904
2024-10-21 12:26:43.555789284+00:00,0.0,-485.25,873.8277124205547,632.6720491112119
2024-10-21 12:26:43.555989102+00:00,0.0,-831.0,0.65229224673675,-104.64228556163437
2024-10-21 12:26:43.556335122+00:00,-5.0,-5.0,14.664291591018138,-108.98099596798222
2024-10-21 12:26:43.556335122+00:00,5.0,5.0,13.819618213958368,-83.65601376137354
2024-10-21 12:26:43.556344203+00:00,95.0,95.0,6.2175578204204145,-84.13622151711034
2024-10-21 12:26:43.602920183+00:00,0.0,507.75,-708.1700181810847,-504.10413695360774
2024-10-21 12:26:43.632931005+00:00,0.0,50.0,-94.85579068605091,-97.69070055198236
2024-10-21 12:26:43.663764676+00:00,0.0,-872.0,-1.6159303314378497,-27.436447969686288
2024-10-21 12:26:43.813764689+00:00,121.0,-1807.0,-1.5011771953841266,121.97658511807234
2024-10-21 12:26:44.395140599+00:00,0.0,815.0,29.4361766041172,87.30524096753939
2024-10-21 12:26:47.316834945+00:00,0.0,-317.25,1.2608737650600184,-7.132292445290363
2024-10-21 12:26:47.316847348+00:00,0.0,401.5,29.302860060675204,124.99233200137371
2024-10-21 12:26:47.371448271+00:00,0.0,-50.0,123.3397004910274,43.11338744253547
2024-10-21 12:26:47.371461367+00:00,0.0,100.0,-203.95353627459002,-104.99354462164473
2024-10-21 12:26:53.381650546+00:00,0.0,100.0,-203.95353627459002,-123.06528109027457
2024-10-21 12:26:54.545723322+00:00,0.0,-485.25,873.8277124205547,614.6507228828099
2024-10-21 12:26:54.545735230+00:00,0.0,557.75,-817.2677637696241,-727.4624852027646
2024-10-21 12:27:04.677802802+00:00,0.0,100.0,-203.95353627459002,-175.11151606655903
2024-10-21 12:27:04.858186427+00:00,0.0,-50.0,123.3397004910274,63.532307507402294
2024-10-21 12:27:08.140184917+00:00,100.0,100.0,5.795221131890529,-47.342666439036485
2024-10-21 12:27:08.267237597+00:00,0.0,72.33333333333333,15.436743629277558,92.16638243575999
2024-10-21 12:27:08.903847050+00:00,0.0,50.0,-94.85579068605091,-131.39549643469252
2024-10-21 12:27:15.211023662+00:00,0.0,-743.0,0.003986504658786353,68.21743197977035
2024-10-21 12:27:16.357185731+00:00,200.0,-1546.0,4.119290976406568,44.619299131845814
2024-10-21 12:27:16.383880298+00:00,0.0,0.0,14.24195490248825,-12.027138182724345
2024-10-21 12:27:16.383880298+00:00,0.0,0.0,14.24195490248825,80.59604811454425
2024-10-21 12:27:17.218233083+00:00,-7.0,1493.0,28.507985614580207,-8.625640220651121
2024-10-21 12:27:21.555991612+00:00,0.0,-50.0,123.3397004910274,124.3305130670171
2024-10-21 12:27:21.556005910+00:00,0.0,-870.5,826.5873768269115,629.812396702907
2024-10-21 12:27:21.983129451+00:00,0.0,-100.0,61.48229049613145,45.02287413558526
2024-10-21 12:27:21.983142748+00:00,0.0,557.75,-817.2677637696241,-607.6628479123133
2024-10-21 12:27:22.988903196+00:00,200.0,-1546.0,4.119290976406568,138.7799724673424
2024-10-21 12:27:23.025707565+00:00,0.0,-485.25,873.8277124205547,536.0347911488391
2024-10-21 12:27:23.025720316+00:00,0.0,507.75,-708.1700181810847,-562.0011278336203
2024-10-21 12:27:24.992239712+00:00,-7.0,7.0,14.270017216750748,29.492600299250277
2024-10-21 12:27:25.038119028+00:00,0.0,50.0,-94.85579068605091,-29.537009268320595
2024-10-21 12:27:26.130738899+00:00,0.0,50.0,-94.85579068605091,-193.11166585750243
2024-10-21 12:27:28.578403729+00:00,7.0,-7.0,14.213892588225757,0.06509042827373168
2024-10-21 12:27:29.135563917+00:00,17.0,-1347.0,5.0924471798236395,-33.81696441733122
2024-10-21 12:27:29.135580379+00:00,0.0,864.5,25.792515025191353,90.79315864171086
2024-10-21 12:27:30.581609917+00:00,0.0,1.0,14.280556823464844,93.53109118695403
2024-10-21 12:27:37.149186319+00:00,0.0,-50.0,123.3397004910274,-8.488455505958374
2024-10-21 12:27:37.149198552+00:00,0.0,100.0,-203.95353627459002,-128.33501178221138
2024-10-21 12:27:37.281359883+00:00,0.0,100.0,15.406276888974592,-35.95629526603399
2024-10-21 12:27:37.731121489+00:00,0.0,100.0,-203.95353627459002,-241.04457029014927
2024-10-21 12:27:37.763839849+00:00,0.0,-50.0,123.3397004910274,107.88846242203374
2024-10-21 12:27:37.766952915+00:00,0.0,100.0,15.406276888974592,-40.37779709927241
2024-10-21 12:27:39.525383410+00:00,0.0,-100.0,13.077632916001908,52.64933374889758
2024-10-21 12:27:39.525394818+00:00,0.0,-668.5,5.115069691768951,-134.46823391852755
2024-10-21 12:27:39.526899044+00:00,0.0,-1.1666666666666667,14.196426079796074,22.186320149301103
2024-10-21 12:27:39.592903496+00:00,0.0,1111.5,-649.6121585377061,-456.97618532615525
2024-10-21 12:27:39.593262886+00:00,0.0,-1069.0,791.3445692716897,576.7932886385604
2024-10-21 12:27:39.711750527+00:00,0.0,864.5,25.792515025191353,-47.928863658217146
2024-10-21 12:27:40.731328339+00:00,0.0,200.0,16.570598875460938,-64.71327431887957
2024-10-21 12:27:40.757807867+00:00,0.0,-665.0,5.160598514461154,43.022826321562185
2024-10-21 12:27:40.757820402+00:00,0.0,764.5,24.628193038704996,215.0120600911289
2024-10-21 12:27:41.105981707+00:00,0.0,-665.0,5.160598514461154,-94.95177609608388
2024-10-21 12:27:41.175574942+00:00,0.0,764.5,24.628193038704996,148.57495146143253
2024-10-21 12:27:41.222814573+00:00,0.0,100.0,15.406276888974592,-87.44663543977725
2024-10-21 12:27:41.319854032+00:00,0.0,-100.0,13.077632916001908,-70.9782721182435
2024-10-21 12:27:41.319866876+00:00,0.0,100.0,15.406276888974592,142.27082568139951
2024-10-21 12:27:41.529517717+00:00,0.0,96.42857142857143,22.607995693565652,12.372377153691037
2024-10-21 12:27:46.417280824+00:00,0.0,-485.25,873.8277124205547,696.1777240779269
2024-10-21 12:27:46.417292639+00:00,0.0,557.75,-817.2677637696241,-549.228993872599
2024-10-21 12:27:46.472297071+00:00,0.0,100.0,15.406276888974592,73.58619322437318
2024-10-21 12:27:47.208717142+00:00,0.0,-668.0,5.0324337877928,29.648283738822467
2024-10-21 12:27:47.309406274+00:00,0.0,738.0,27.464985268729283,78.21913498441172
2024-10-21 12:27:47.985298442+00:00,0.0,100.0,-203.95353627459002,-194.33300161393265
2024-10-21 12:27:50.060705561+00:00,0.0,-668.0,5.0324337877928,-10.082387387242116
2024-10-21 12:27:50.061424726+00:00,4.0,2622.0,-779.6281206442682,-547.1953840221904
2024-10-21 12:27:50.061724093+00:00,100.0,100.0,5.795221131890529,-32.414024833710286
2024-10-21 12:27:50.062117451+00:00,-100.0,-100.0,22.68868867308598,-27.726100843741087
2024-10-21 12:27:50.063092822+00:00,0.0,-121.5,8.795342245411302,7.896433379582415
2024-10-21 12:27:50.065517946+00:00,-295.0,-2633.0,925.3601794834922,679.3421154907559
2024-10-21 12:27:50.072608485+00:00,0.0,0.0,14.24195490248825,-62.401007828632565
2024-10-21 12:27:50.072608485+00:00,0.0,0.0,14.24195490248825,-0.9170279236202261
2024-10-21 12:27:50.167395987+00:00,0.0,764.5,24.628193038704996,99.03179958857825
2024-10-21 12:27:51.736205355+00:00,0.0,100.0,15.406276888974592,-72.20578315449359
2024-10-21 12:27:51.790801843+00:00,0.0,-100.0,13.077632916001908,18.763806713438203
2024-10-21 12:27:51.790814229+00:00,0.0,100.0,15.406276888974592,94.43983189516253
2024-10-21 12:27:52.065555514+00:00,0.0,1.0,14.280556823464844,-55.610997052510314
2024-10-21 12:27:52.393140055+00:00,100.0,2718.0,-787.7369850640423,-476.7088161317089
2024-10-21 12:27:52.393807534+00:00,-295.0,-2633.0,925.3601794834922,616.7094834283962
2024-10-21 12:27:53.196914522+00:00,0.0,-870.5,826.5873768269115,493.6331687466701
2024-10-21 12:27:55.777360755+00:00,0.0,1069.0,-704.6216529616898,-426.5942255813192
2024-10-21 12:27:57.069644133+00:00,0.0,-1.0,14.203352981511658,-111.68348629317686
2024-10-21 12:27:59.074932933+00:00,0.0,425.3333333333333,27.261151152704983,138.64669470474072
2024-10-21 12:28:13.140488443+00:00,0.0,-443.0,5.020038752757784,-3.1171486226281164
2024-10-21 12:28:13.787619066+00:00,-100.0,-100.0,22.68868867308598,122.08699979436955
2024-10-21 12:28:15.143399309+00:00,0.0,425.3333333333333,27.261151152704983,-22.376322975696834
2024-10-21 12:28:15.998512488+00:00,0.0,100.0,15.406276888974592,63.12728821505391
2024-10-21 12:28:16.004484708+00:00,0.0,-100.0,13.077632916001908,-17.309160927706923
2024-10-21 12:28:16.009375121+00:00,0.0,100.0,15.406276888974592,78.84069573837081
2024-10-21 12:28:18.439793678+00:00,0.0,-1024.0,928.518353706183,649.0378724180272
2024-10-21 12:28:18.439806868+00:00,0.0,557.75,-817.2677637696241,-624.8918300668777
2024-10-21 12:28:18.595532956+00:00,0.0,100.0,-203.95353627459002,-66.28404539101807
2024-10-21 12:28:21.754579574+00:00,0.0,-100.0,13.077632916001908,24.142085703169936
2024-10-21 12:28:21.754589712+00:00,0.0,-668.0,4.979287483230776,-25.00426124679117
2024-10-21 12:28:21.754600821+00:00,0.0,200.0,16.570598875460938,132.8156004554298
2024-10-21 12:28:21.805245495+00:00,0.0,100.0,-203.95353627459002,-126.68502858268425
2024-10-21 12:28:21.865225042+00:00,0.0,-50.0,123.3397004910274,167.1302303214185
2024-10-21 12:28:32.979122877+00:00,0.0,-580.3333333333334,770.5548782687605,570.866845213875
2024-10-21 12:28:35.114709429+00:00,0.0,-66.66666666666667,117.51478905428252,27.557831365799476
2024-10-21 12:28:35.114721686+00:00,0.0,507.75,-708.1700181810847,-479.02614318046403
2024-10-21 12:28:35.212998331+00:00,0.0,838.0,29.58979512567769,41.69636417233202
2024-10-21 12:28:35.345053997+00:00,0.0,50.0,-94.85579068605091,-6.503759035264141
2024-10-21 12:28:42.162092040+00:00,0.0,-50.0,123.3397004910274,56.141292136879116
2024-10-21 12:28:42.162105350+00:00,0.0,153.5,-91.30742546665594,-71.05505978503949
2024-10-21 12:28:45.429284120+00:00,0.0,-1024.0,928.518353706183,692.7293369384515
2024-10-21 12:28:45.429297045+00:00,0.0,557.75,-817.2677637696241,-394.21911715585736
2024-10-21 12:28:48.483119828+00:00,0.0,153.5,-91.30742546665594,-36.20437711727661
2024-10-21 12:28:55.560815833+00:00,0.0,0.0,14.24195490248825,68.24142564490326
2024-10-21 12:28:55.560817191+00:00,-110.0,1720.0,30.379885503931842,-34.173776284998596
2024-10-21 12:28:55.560841422+00:00,-100.0,100.0,14.642845106238205,122.16834582499338
2024-10-21 12:28:55.560892756+00:00,0.0,-1024.0,928.518353706183,729.566083403277
2024-10-21 12:28:55.561120579+00:00,100.0,-100.0,13.841064698738304,85.02196346266288
2024-10-21 12:28:55.561195478+00:00,17.0,-1693.0,-1.1740366553386834,-71.46930462885685
2024-10-21 12:28:55.562160475+00:00,0.0,-443.0,5.020038752757784,96.95259071641479
2024-10-21 12:28:55.639691686+00:00,0.0,557.75,-817.2677637696241,-530.8489157837564
2024-10-21 12:28:55.964429174+00:00,0.0,50.0,-94.85579068605091,-18.463260018929574
2024-10-21 12:28:56.442607241+00:00,0.0,200.0,16.570598875460938,96.46552665847784
2024-10-21 12:28:57.565348157+00:00,0.0,425.3333333333333,27.261151152704983,-168.3828681797992
2024-10-21 12:28:57.830839869+00:00,0.0,100.0,15.406276888974592,116.595806205125
2024-10-21 12:28:57.890894861+00:00,-200.0,-1136.0,5.781067890730647,13.510693332517931
2024-10-21 12:28:58.005959828+00:00,-200.0,1493.0,28.161898929056235,85.0363356299497
2024-10-21 12:28:58.694439582+00:00,0.0,-870.5,826.5873768269115,604.0662062655977
2024-10-21 12:29:01.022123658+00:00,0.0,-100.0,61.48229049613145,-5.954441587129574
2024-10-21 12:29:01.022136915+00:00,0.0,557.75,-817.2677637696241,-668.0094663842851
2024-10-21 12:29:01.158380499+00:00,-2.0,-2448.0,1105.3434915862176,709.9263912923756
2024-10-21 12:29:01.158380499+00:00,100.0,2438.0,-880.4051388258504,-720.0341406367297
2024-10-21 12:29:01.158380499+00:00,85.0,85.0,7.062231197480185,33.3809953650834
2024-10-21 12:29:01.158396024+00:00,-85.0,-85.0,21.421678607496318,-41.98582434269881
2024-10-21 12:29:01.158404180+00:00,-100.0,1530.0,28.51512557336659,-100.2312790882132
2024-10-21 12:29:01.158408745+00:00,0.0,527.5,23.561574620561977,101.73396287411343
2024-10-21 12:29:01.158418184+00:00,-100.0,100.0,14.642845106238205,28.689841245885695
2024-10-21 12:29:01.158419809+00:00,0.0,33.333333333333336,14.786456513752091,51.25735552058361
2024-10-21 12:29:01.158423515+00:00,0.0,13.0,14.393316760731475,46.00746022224503
2024-10-21 12:29:01.158424717+00:00,0.0,0.0,14.24195490248825,36.8264674601055
2024-10-21 12:29:01.158424717+00:00,-2.0,-2448.0,1105.3434915862176,745.2902080745055
2024-10-21 12:29:01.158426997+00:00,0.0,0.0,14.24195490248825,-7.404982289824519
2024-10-21 12:29:01.158427442+00:00,0.0,-65.0,13.485145611272124,-63.71783832044077
2024-10-21 12:29:01.158431288+00:00,0.0,33.333333333333336,14.786456513752091,-35.197005674893575
2024-10-21 12:29:01.158434916+00:00,100.0,2438.0,-880.4051388258504,-601.7328197930386
2024-10-21 12:29:01.158437825+00:00,0.0,187.75,22.98919370205032,17.9046928502156
2024-10-21 12:29:01.158453404+00:00,0.0,-485.25,873.8277124205547,805.0549255732102
2024-10-21 12:29:01.158458726+00:00,100.0,-100.0,13.841064698738304,-56.0082638964162
2024-10-21 12:29:01.158475713+00:00,26.0,-1177.0,4.2313612352613825,97.61191871724746
2024-10-21 12:29:01.158485485+00:00,-26.0,1103.0,24.878291847060037,-4.141760861459833
2024-10-21 12:29:01.158498852+00:00,-50.0,-50.0,18.46532178778711,49.372536976156006
2024-10-21 12:29:01.158498852+00:00,50.0,50.0,10.01858801718939,108.20511207307234
2024-10-21 12:29:01.158508412+00:00,50.0,50.0,10.01858801718939,-13.653850557650127
2024-10-21 12:29:01.158520941+00:00,0.0,0.0,14.24195490248825,-36.19341745378645
2024-10-21 12:29:01.158520941+00:00,-50.0,-50.0,18.46532178778711,-17.38037799899305
2024-10-21 12:29:01.158520941+00:00,-50.0,-50.0,18.46532178778711,128.8035302995572
2024-10-21 12:29:01.158530490+00:00,0.0,-33.333333333333336,13.697453291224415,43.03080328269053
2024-10-21 12:29:01.158531815+00:00,100.0,0.0,5.250719520626689,-98.14593340117334
2024-10-21 12:29:01.158554739+00:00,0.0,0.0,14.24195490248825,29.849015697502896
2024-10-21 12:29:01.158554739+00:00,-50.0,-50.0,18.46532178778711,72.93792738531558
2024-10-21 12:29:01.158835732+00:00,0.0,-283.6666666666667,6.082075667965892,-17.653634890955583
2024-10-21 12:29:01.260812083+00:00,0.0,-441.6666666666667,3.7686627128906203,79.1690301062806
2024-10-21 12:29:01.260820985+00:00,26.0,-1456.0,0.26544298238494207,-15.692273504166948
2024-10-21 12:29:01.260872777+00:00,0.0,507.75,-708.1700181810847,-619.8841757905725
2024-10-21 12:29:01.411037140+00:00,200.0,-1493.0,0.3220108759203313,25.730710214334483
2024-10-21 12:29:01.477138444+00:00,0.0,0.0,14.24195490248825,138.34343415760583
2024-10-21 12:29:01.477138444+00:00,-50.0,-50.0,18.46532178778711,17.84892839482288
2024-10-21 12:29:01.477149422+00:00,100.0,100.0,5.795221131890529,-114.24073865373863
2024-10-21 12:29:01.477199123+00:00,0.0,-485.25,873.8277124205547,514.5278686445819
2024-10-21 12:29:01.541027344+00:00,0.0,80.0,-152.99557620138398,74.42281934168795
2024-10-21 12:29:01.544694740+00:00,-200.0,200.0,15.043735309988147,-13.472417427678858
2024-10-21 12:29:01.602571884+00:00,200.0,-200.0,13.440174494988359,22.453036850972875
2024-10-21 12:29:01.602608635+00:00,-400.0,400.0,15.84551571748804,100.40954384322055
2024-10-21 12:29:01.646117074+00:00,17.0,-1353.0,4.91113614859331,66.85125263853091
2024-10-21 12:29:01.646130641+00:00,-200.0,1493.0,28.161898929056235,-69.79253646827247
2024-10-21 12:29:01.700637009+00:00,0.0,507.75,-708.1700181810847,-575.1699019819451
2024-10-21 12:29:01.702431410+00:00,17.0,-1353.0,4.91113614859331,18.236900806853303
2024-10-21 12:29:01.702443831+00:00,-200.0,1493.0,28.161898929056235,-138.5483347053378
2024-10-21 12:29:01.828859341+00:00,0.0,50.0,-94.85579068605091,-14.460385426206784
2024-10-21 12:29:01.883788028+00:00,0.0,-50.0,123.3397004910274,71.60765297388484
2024-10-21 12:29:01.883801296+00:00,0.0,100.0,-203.95353627459002,-46.27626863939307
2024-10-21 12:29:04.074375510+00:00,0.0,-870.5,826.5873768269115,624.3662418358551
2024-10-21 12:29:04.429500359+00:00,0.0,0.0,14.24195490248825,-38.30833608378923
2024-10-21 12:29:04.429500359+00:00,-3.0,-3.0,14.495356915606184,-98.26504524515117
2024-10-21 12:29:04.493551721+00:00,0.0,-100.0,61.48229049613145,99.11383832648922
2024-10-21 12:29:04.493564498+00:00,0.0,507.75,-708.1700181810847,-510.70458784922715
2024-10-21 12:29:04.660423222+00:00,0.0,-485.25,873.8277124205547,567.6524197232359
2024-10-21 12:29:04.660436269+00:00,0.0,80.0,-152.99557620138398,-217.663202969538
2024-10-21 12:29:04.679139876+00:00,-200.0,200.0,15.043735309988147,28.518293608232547
2024-10-21 12:29:04.736790546+00:00,200.0,-200.0,13.440174494988359,52.25644286798386
2024-10-21 12:29:04.736803679+00:00,-200.0,200.0,15.043735309988147,30.482539908277516
2024-10-21 12:29:04.942410445+00:00,17.0,-1353.0,4.91113614859331,-18.894336257403896
2024-10-21 12:29:04.942423141+00:00,-200.0,1493.0,28.161898929056235,74.93594759452489
2024-10-21 12:29:04.996963888+00:00,0.0,557.75,-817.2677637696241,-690.0503383935729
2024-10-21 12:29:07.476155585+00:00,0.0,0.0,14.24195490248825,17.934043335661084
2024-10-21 12:29:07.476155585+00:00,-30.0,-30.0,16.775975033667567,-5.84208839798772
2024-10-21 12:29:07.543812287+00:00,0.0,-485.25,873.8277124205547,656.6386157938807
2024-10-21 12:29:07.572921012+00:00,0.0,-443.0,5.020038752757784,33.51069768636287
2024-10-21 12:29:07.582875842+00:00,0.0,507.75,-708.1700181810847,-469.5178705437391
2024-10-21 12:29:07.714932040+00:00,0.0,50.0,-94.85579068605091,-35.44940472773834
2024-10-21 12:29:08.288226889+00:00,0.0,50.0,-94.85579068605091,-237.53285380432948
2024-10-21 12:29:08.936973408+00:00,17.0,-1347.0,5.0924471798236395,51.609961432297794
2024-10-21 12:29:08.936985355+00:00,0.0,764.5,24.628193038704996,72.87150997384327
2024-10-21 12:29:08.991905949+00:00,0.0,50.0,-94.85579068605091,-128.3028463004017
2024-10-21 12:29:09.054055599+00:00,-200.0,-1130.0,5.96237892196104,61.96823941854726
2024-10-21 12:29:09.096609749+00:00,0.0,0.0,14.24195490248825,-43.27375256604625
2024-10-21 12:29:09.096609749+00:00,-17.0,-17.0,15.677899643489862,24.966245832141006
2024-10-21 12:29:09.096609749+00:00,-2.0,-2248.0,1002.0706574344234,664.615590080904
2024-10-21 12:29:09.096622742+00:00,100.0,2238.0,-771.3073932373111,-499.69300165704715
2024-10-21 12:29:09.096634813+00:00,-100.0,1646.0,25.128050611306293,95.7391857774608
2024-10-21 12:29:09.096639241+00:00,0.0,810.5,29.190521877237327,-32.33467819436979
2024-10-21 12:29:09.096640225+00:00,0.0,507.6666666666667,28.708611831946342,134.41420328458383
2024-10-21 12:29:09.096649377+00:00,0.0,66.66666666666667,15.330958125015929,15.869520242572605
2024-10-21 12:29:09.096651465+00:00,0.0,-893.0,-1.6671777111120165,-77.55058794178701
2024-10-21 12:29:09.096659107+00:00,0.0,875.0,29.954798522649654,28.828764336859916
2024-10-21 12:29:09.096672869+00:00,0.0,336.25,25.51201323022471,22.134418954006023
2024-10-21 12:29:09.096683301+00:00,27.0,-1777.0,-1.6819391854892596,-138.81484088444836
2024-10-21 12:29:09.096693428+00:00,0.0,-485.25,873.8277124205547,568.45240939637
2024-10-21 12:29:09.096705312+00:00,0.0,-50.0,13.659793909245076,-41.52806207553114
2024-10-21 12:29:09.096706998+00:00,0.0,-50.0,13.659793909245076,19.40472482755591
2024-10-21 12:29:09.097036830+00:00,0.0,-756.5,-0.077878199558172,-43.20058237124269
2024-10-21 12:29:09.197808423+00:00,0.0,-773.0,3.7567493974201085,43.441824639215994
2024-10-21 12:29:09.197865189+00:00,0.0,507.75,-708.1700181810847,-650.024235385876
2024-10-21 12:29:09.349517861+00:00,217.0,-1547.0,4.290666772323761,10.612806254368007
2024-10-21 12:29:09.575899057+00:00,-7.0,1553.0,24.75522272181883,-9.545928487207535
2024-10-21 12:29:11.490444580+00:00,0.0,50.0,-94.85579068605091,-83.61177185501091
2024-10-21 12:29:12.051081325+00:00,0.0,-100.0,13.077632916001908,-6.580716058475627
2024-10-21 12:29:12.051094374+00:00,0.0,489.6666666666667,28.31203926244421,37.24023103949577
2024-10-21 12:29:12.054384594+00:00,0.0,-443.0,5.020038752757784,-18.997159439152774
2024-10-21 12:29:12.054397299+00:00,0.0,489.6666666666667,28.31203926244421,5.689078570691352
2024-10-21 12:29:12.061278295+00:00,0.0,66.66666666666667,15.330958125015929,17.612395063113834
2024-10-21 12:29:12.188742107+00:00,0.0,50.0,-94.85579068605091,-12.855451909769869
2024-10-21 12:29:14.061139742+00:00,17.0,-1746.0,2.6232434451476196,13.735396602051427
2024-10-21 12:29:16.067040933+00:00,0.0,425.3333333333333,27.261151152704983,-49.46799889001854
2024-10-21 12:29:26.242855402+00:00,0.0,-50.0,123.3397004910274,71.81731306823373
2024-10-21 12:29:26.242868183+00:00,0.0,100.0,-203.95353627459002,-173.56418935164294
2024-10-21 12:29:26.365233464+00:00,0.0,-50.0,123.3397004910274,45.91713148495624
2024-10-21 12:29:49.448744098+00:00,0.0,0.0,14.24195490248825,95.62659642459958
2024-10-21 12:29:49.448744098+00:00,0.0,0.0,14.24195490248825,18.98631985816756
2024-10-21 12:29:49.448744098+00:00,0.0,0.0,14.24195490248825,19.27390066911457
2024-10-21 12:29:49.450300162+00:00,0.0,0.0,14.24195490248825,-32.459283582402705
2024-10-21 12:29:49.450300162+00:00,-2.0,-2248.0,1002.0706574344234,613.2184134965929
2024-10-21 12:29:49.450311621+00:00,100.0,2238.0,-771.3073932373111,-559.4471974921605
2024-10-21 12:29:49.450314673+00:00,0.0,0.0,14.24195490248825,116.26462002991862
2024-10-21 12:29:49.450314673+00:00,-2.0,-2248.0,1002.0706574344234,533.5119221254067
2024-10-21 12:29:49.450321900+00:00,-100.0,1730.0,29.535212126872068,-66.57634156099658
2024-10-21 12:29:49.450325841+00:00,0.0,589.5,25.30617677471771,73.55541215792974
2024-10-21 12:29:49.450334304+00:00,0.0,66.66666666666667,15.330958125015929,-3.322858859899582
2024-10-21 12:29:49.450337787+00:00,0.0,9.5,14.35256549120446,-59.64565450695106
2024-10-21 12:29:49.450341436+00:00,0.0,-27.0,13.927587966136937,-17.332984093202803
2024-10-21 12:29:49.450344611+00:00,19.0,-1844.0,0.5591633588142747,48.888218323806136
2024-10-21 12:29:49.450349606+00:00,0.0,348.0,24.5507635332427,26.70191171536724
2024-10-21 12:29:49.450351627+00:00,0.0,-50.0,13.659793909245076,-26.11623782650848
2024-10-21 12:29:49.450355047+00:00,0.0,-50.0,13.659793909245076,50.339055703881655
2024-10-21 12:29:49.450394230+00:00,0.0,-650.3333333333334,882.4378001147448,625.822550624156
2024-10-21 12:29:49.450652186+00:00,0.0,-772.0,2.27120488854011,175.99039276578085
2024-10-21 12:29:49.452270874+00:00,0.0,-241.2,1.6701204328099992,23.12664244731507
2024-10-21 12:29:49.553764632+00:00,0.0,-843.0,-1.0161000488466805,-85.72056161053352
2024-10-21 12:29:49.553823391+00:00,0.0,713.6666666666666,-948.6166367673719,-723.9450462154568
2024-10-21 12:29:49.703766083+00:00,17.0,-1746.0,2.6232434451476196,-53.63753473691789
2024-10-21 12:29:50.524022649+00:00,0.0,-650.3333333333334,882.4378001147448,582.956031047948
2024-10-21 12:29:50.524034831+00:00,0.0,713.6666666666666,-948.6166367673719,-873.487065526341
2024-10-21 12:29:51.461550015+00:00,-7.0,1693.0,29.52807216808571,46.77163706299018
2024-10-21 12:29:54.581050838+00:00,0.0,-66.66666666666667,13.152951679960573,2.589091614596218
2024-10-21 12:29:54.581064740+00:00,0.0,133.33333333333334,16.41996134754361,70.0791706972113
2024-10-21 12:29:54.639369336+00:00,0.0,108.5,15.498842162889453,-8.242697410568832
2024-10-21 12:29:55.410313755+00:00,-200.0,207.0,15.084486579515165,28.32604698850658
2024-10-21 12:30:01.594370016+00:00,0.0,-650.3333333333334,882.4378001147448,646.0856642655574
2024-10-21 12:30:01.675073949+00:00,0.0,713.6666666666666,-948.6166367673719,-589.6252474201865
2024-10-21 12:30:01.702282387+00:00,0.0,-650.3333333333334,882.4378001147448,627.4196575817863
2024-10-21 12:30:01.702295886+00:00,0.0,780.3333333333334,-1051.8894709191666,-833.7108465324549
2024-10-21 12:30:01.702628858+00:00,-200.0,200.0,15.043735309988147,-51.257654065476046
2024-10-21 12:30:09.716255586+00:00,0.0,66.66666666666667,-89.030879249306,-23.464520375329627
2024-10-21 12:30:10.321520576+00:00,0.0,66.66666666666667,-89.030879249306,-118.28022045764587
2024-10-21 12:30:10.800024827+00:00,-2.0,1632.0,29.294351766264345,-9.321419476977919
2024-10-21 12:30:10.800051476+00:00,0.0,-650.3333333333334,882.4378001147448,680.5964520933584
2024-10-21 12:30:10.801218083+00:00,-1.0,-1.0,14.326422240194224,75.54814054227431
2024-10-21 12:30:10.801218083+00:00,-105.0,-2166.0,650.0120872512649,440.52413210121506
2024-10-21 12:30:10.801218083+00:00,2.0,2058.0,-878.9240011718433,-554.5228355410236
2024-10-21 12:30:10.801242022+00:00,-205.0,-539.0,662.011524681385,514.6906971705496
2024-10-21 12:30:10.801249125+00:00,-14.0,1141.0,24.13218053001134,-82.52572373349379
2024-10-21 12:30:10.801255194+00:00,0.0,50.0,14.82411589573143,14.26375419398127
2024-10-21 12:30:10.801256016+00:00,0.0,316.0,24.68100645708652,-7.28487263768041
2024-10-21 12:30:10.801285169+00:00,0.0,-50.0,13.659793909245076,-16.63196913272284
2024-10-21 12:30:10.801293865+00:00,0.0,-524.0,4.867761088152251,45.73964208827551
2024-10-21 12:30:10.801518640+00:00,0.0,256.25,25.176483437405786,-84.28698022350915
2024-10-21 12:30:10.801839030+00:00,-4.0,1065.0,23.539043577293047,81.65241249446596
2024-10-21 12:30:10.801849830+00:00,-1200.0,-2161.0,472.0677149201464,239.44086617964044
2024-10-21 12:30:10.801849830+00:00,100.0,2161.0,-621.1058407577582,-397.1305136521959
2024-10-21 12:30:10.801849830+00:00,5.0,5.0,13.819618213958368,28.303653818414524
2024-10-21 12:30:10.801875239+00:00,-1400.0,-1296.0,477.29012205080465,280.1122978880745
2024-10-21 12:30:10.801885691+00:00,-100.0,100.0,14.642845106238205,29.058073311881515
2024-10-21 12:30:10.801887002+00:00,-100.0,100.0,14.642845106238205,76.04795801805652
2024-10-21 12:30:10.801896921+00:00,100.0,-100.0,13.841064698738304,-82.90599335274186
2024-10-21 12:30:10.801910649+00:00,0.0,-154.0,6.03754868262584,19.788610440403097
2024-10-21 12:30:10.801912958+00:00,100.0,-100.0,13.841064698738304,-44.780721053232774
2024-10-21 12:30:10.801948090+00:00,100.0,-100.0,13.841064698738304,31.714103234360685
2024-10-21 12:30:10.802147907+00:00,4.0,-966.0,3.7053652006859323,68.11489815990261
2024-10-21 12:30:10.802168655+00:00,0.0,-524.0,4.867761088152251,-91.5256792881306
2024-10-21 12:30:10.803071076+00:00,0.0,-223.6,4.876616078086871,-41.3553921757183
2024-10-21 12:30:10.804124159+00:00,0.0,-541.0,-0.613671516506995,-87.52124639688168
2024-10-21 12:30:10.805929875+00:00,21.0,-1707.0,-1.2445224246150053,-15.429136984308753
2024-10-21 12:30:10.872155138+00:00,0.0,353.3333333333333,-431.9735634063366,-451.63643726433673
2024-10-21 12:30:10.897934717+00:00,0.0,66.66666666666667,-89.030879249306,-14.981690343458357
2024-10-21 12:30:10.903766597+00:00,400.0,-1746.0,3.317510568906676,68.80163957180072
2024-10-21 12:30:10.925970633+00:00,-400.0,400.0,15.84551571748804,-11.279925513448877
2024-10-21 12:30:11.987463739+00:00,0.0,-66.66666666666667,117.51478905428252,-14.784319120542474
2024-10-21 12:30:11.987474545+00:00,0.0,-320.0,370.47070799500545,300.5482940499976
2024-10-21 12:30:11.987486150+00:00,0.0,353.3333333333333,-431.9735634063366,-256.8173848442982
2024-10-21 12:30:12.806183466+00:00,0.0,646.5,27.356352583358372,50.74473751828356
2024-10-21 12:30:13.320141102+00:00,0.0,66.66666666666667,-89.030879249306,-72.8985922141029
2024-10-21 12:30:13.926860673+00:00,0.0,100.5,-33.514744861913904,-127.06566307619505
2024-10-21 12:30:33.768570061+00:00,0.0,-480.5,370.70690967297355,282.4013188372299
2024-10-21 12:30:33.768615671+00:00,-2.0,1632.0,29.294351766264345,39.99011559451306
2024-10-21 12:30:33.772724890+00:00,400.0,-1693.0,-0.4760035933816153,-92.06715027741687
2024-10-21 12:30:33.841886930+00:00,0.0,100.0,-203.95353627459002,-243.94318367772564
2024-10-21 12:30:33.993763813+00:00,0.0,138.75,-162.32666723202024,-147.8912060966378
2024-10-21 12:30:34.613890939+00:00,0.0,50.0,-94.85579068605091,-82.72276411666184
2024-10-21 12:30:34.668094071+00:00,0.0,-50.0,123.3397004910274,20.230052676609304
2024-10-21 12:30:34.668106643+00:00,0.0,235.0,-364.50268686036725,-259.25350577099744
2024-10-21 12:30:35.853859462+00:00,0.0,-673.0,4.92107138390644,-25.62389741955321
2024-10-21 12:30:36.897088633+00:00,0.0,66.66666666666667,-89.030879249306,-44.89041904262071
2024-10-21 12:30:37.857289497+00:00,-7.0,7.0,14.270017216750748,-47.36007198116414
2024-10-21 12:30:37.932904919+00:00,400.0,-400.0,12.638394087488466,-61.0783108805848
2024-10-21 12:30:37.932917819+00:00,0.0,743.0,28.47992330031773,15.617645295781296
2024-10-21 12:30:40.401633392+00:00,0.0,66.66666666666667,-89.030879249306,-194.52295243104842
2024-10-21 12:30:40.472627145+00:00,0.0,100.0,15.406276888974592,3.101600258380958
2024-10-21 12:30:40.523757097+00:00,0.0,-100.0,13.077632916001908,71.09478828503005
2024-10-21 12:30:40.523770024+00:00,-200.0,207.0,15.084486579515165,73.59679030569595
2024-10-21 12:30:40.959299618+00:00,7.0,-1353.0,4.8930090696439485,4.772123760498579
2024-10-21 12:30:40.959311816+00:00,0.0,100.0,15.406276888974592,-50.02989738825404
2024-10-21 12:30:40.959659070+00:00,0.0,100.0,15.406276888974592,-75.97009211782606
2024-10-21 12:30:41.011299851+00:00,0.0,-100.0,13.077632916001908,36.071660835276866
2024-10-21 12:30:41.011312427+00:00,0.0,843.0,29.64424528680405,-55.09188972562431
2024-10-21 12:30:42.852800519+00:00,0.0,66.66666666666667,-89.030879249306,35.896440414551776
2024-10-21 12:30:42.911106065+00:00,0.0,-320.0,370.47070799500545,292.7513791922529
2024-10-21 12:30:42.911118704+00:00,0.0,353.3333333333333,-431.9735634063366,-357.701090696877
2024-10-21 12:30:43.077759194+00:00,-100.0,1730.0,29.539222794760473,-102.43684580938682
2024-10-21 12:30:43.077845659+00:00,-2.0,1627.0,26.724658325504976,26.58945391750688
2024-10-21 12:30:43.077853974+00:00,0.0,350.6666666666667,24.597138070205606,50.19328666760284
2024-10-21 12:30:43.077880864+00:00,0.0,-320.0,370.47070799500545,254.62945207543865
2024-10-21 12:30:43.078169970+00:00,0.0,-776.0,2.1922468086140188,-118.7658645635187
2024-10-21 12:30:43.081947674+00:00,0.0,-815.0,-0.6544227860339837,56.65373326842382
2024-10-21 12:30:43.081952786+00:00,7.0,-1693.0,-1.1883977960900742,-87.4917661914225
2024-10-21 12:30:43.145229452+00:00,0.0,420.0,-535.246397558131,-424.75791840466417
2024-10-21 12:30:51.064507066+00:00,-200.0,207.0,15.084486579515165,-93.45507988909776
2024-10-21 12:30:51.126612912+00:00,0.0,-673.0,4.92107138390644,107.47532116242064
2024-10-21 12:30:53.132658845+00:00,-7.0,1493.0,28.507985614580207,3.6777128322832517
2024-10-21 12:30:53.158946223+00:00,0.0,-673.0,4.92107138390644,-12.989025945764567
2024-10-21 12:30:53.158960124+00:00,0.0,843.0,29.64424528680405,70.96034361132777
2024-10-21 12:30:54.724993656+00:00,0.0,133.33333333333334,-192.3037134011001,-186.52971632984958
2024-10-21 12:30:57.249970057+00:00,0.0,100.0,15.406276888974592,9.732645192238643
2024-10-21 12:30:59.735648884+00:00,0.0,100.0,15.406276888974592,63.9043370746218
2024-10-21 12:31:00.041878233+00:00,-200.0,207.0,15.084486579515165,-46.523211519910454
2024-10-21 12:31:00.098753103+00:00,0.0,-673.0,4.92107138390644,63.86792416846698
2024-10-21 12:31:00.156687698+00:00,17.0,-1347.0,5.0924471798236395,-74.55668599870795
2024-10-21 12:31:00.156700602+00:00,-200.0,1546.0,24.364618828569913,29.822535727978007
2024-10-21 12:31:00.172626181+00:00,17.0,-1347.0,5.0924471798236395,-63.928679200348284
2024-10-21 12:31:00.172638682+00:00,-400.0,1746.0,25.166399236069832,90.37371184348144
2024-10-21 12:31:00.400232797+00:00,-200.0,200.0,15.043735309988147,87.28363396951819
2024-10-21 12:31:00.880934995+00:00,17.0,-1347.0,5.0924471798236395,-9.520188711122508
2024-10-21 12:31:00.880948262+00:00,-400.0,1746.0,25.166399236069832,-44.488345823611944
2024-10-21 12:31:01.118555295+00:00,-200.0,200.0,15.043735309988147,-26.38841054825054
2024-10-21 12:31:01.146597464+00:00,-200.0,200.0,15.043735309988147,6.950147282666451
2024-10-21 12:31:01.698782682+00:00,10.0,2361.0,-736.7699389578169,-359.460381225623
2024-10-21 12:31:02.104600327+00:00,-7.0,1493.0,28.507985614580207,-75.7547601472711
2024-10-21 12:31:02.286559844+00:00,0.0,-673.0,4.92107138390644,-158.81254351366943
2024-10-21 12:31:02.286572345+00:00,0.0,743.0,28.47992330031773,121.93733808170437
2024-10-21 12:31:02.297066314+00:00,0.0,-673.0,4.92107138390644,3.749045063394033
2024-10-21 12:31:02.297079450+00:00,0.0,843.0,29.64424528680405,-33.61213938567714
2024-10-21 12:31:02.320854035+00:00,0.0,50.0,-94.85579068605091,42.38263698796504
2024-10-21 12:31:03.261814629+00:00,0.0,50.0,-94.85579068605091,-117.7674796854532
2024-10-21 12:31:03.312554281+00:00,0.0,67.0,-89.57636797724865,-78.43173180209929
2024-10-21 12:31:05.971386477+00:00,0.0,200.0,16.570598875460938,-24.664210695617587
2024-10-21 12:31:10.467431005+00:00,-55.0,1685.0,29.35882220307297,107.09487286745869
2024-10-21 12:31:10.467497398+00:00,-1200.0,-2261.0,506.3021440710939,356.52056012764274
2024-10-21 12:31:10.467497398+00:00,10.0,2161.0,-621.8764064897166,-566.8839127855938
2024-10-21 12:31:10.467519660+00:00,-1300.0,-581.0,518.9157474468259,387.2894137379984
2024-10-21 12:31:10.467521772+00:00,-7.0,1187.0,25.359821828865147,-13.706861177754654
2024-10-21 12:31:10.467536010+00:00,0.0,38.5,14.690218867285493,-48.92994419002966
2024-10-21 12:31:10.467551632+00:00,0.0,-50.0,13.659793909245076,60.27609225838242
2024-10-21 12:31:10.467575929+00:00,0.0,-480.5,370.70690967297355,174.58525760766037
2024-10-21 12:31:10.471173647+00:00,0.0,-379.5,2.3875453895781535,7.136674143685584
2024-10-21 12:31:10.471527171+00:00,0.0,-541.0,-0.613671516506995,-28.272905791912258
2024-10-21 12:31:10.525425470+00:00,0.0,530.5,-376.45742901894454,-414.3290820507492
2024-10-21 12:31:10.538626301+00:00,0.0,-480.5,370.70690967297355,262.5237564090734
2024-10-21 12:31:10.538638966+00:00,0.0,420.0,-535.246397558131,-322.53860239757716
2024-10-21 12:31:10.567605274+00:00,77.0,-1763.0,-1.4690209387150035,77.29998982990644
2024-10-21 12:31:10.567631078+00:00,400.0,-1746.0,3.317510568906676,9.015936104082522
2024-10-21 12:31:12.174575957+00:00,0.0,133.33333333333334,-192.3037134011001,15.225112427514198
2024-10-21 12:31:12.184589806+00:00,0.0,-280.0,275.99003680771904,183.09150396529802
2024-10-21 12:31:12.475429772+00:00,-7.0,1693.0,29.67230760106655,48.23961073472124
2024-10-21 12:31:12.508130141+00:00,0.0,-200.0,108.72262608977465,55.60449112646894
2024-10-21 12:31:12.508143118+00:00,0.0,420.0,-535.246397558131,-421.7226440336586
2024-10-21 12:31:12.564024144+00:00,0.0,66.66666666666667,-89.030879249306,-55.406132688601716
2024-10-21 12:31:13.593602346+00:00,0.0,-380.0,323.2303724013622,162.21606419069798
2024-10-21 12:31:15.015468720+00:00,0.0,-100.0,61.48229049613145,99.032392586132
2024-10-21 12:31:15.015480988+00:00,0.0,353.3333333333333,-431.9735634063366,-366.34490808569075
2024-10-21 12:31:16.945691674+00:00,-10.0,1640.0,29.17842161138552,90.07970788939465
2024-10-21 12:31:18.603058995+00:00,0.0,-428.6666666666667,1.168308491145166,182.13012167582676
2024-10-21 12:31:18.603071495+00:00,0.0,541.0,29.09758132148343,-10.296914679247847
2024-10-21 12:31:18.660460803+00:00,0.0,66.66666666666667,-89.030879249306,-63.4865601905301
2024-10-21 12:31:18.669906311+00:00,0.0,-320.0,370.47070799500545,275.6784083967006
2024-10-21 12:31:18.669917997+00:00,0.0,420.0,-535.246397558131,-296.91638452384336
2024-10-21 12:31:19.089550857+00:00,-10.0,10.0,14.282043922863249,-135.32385934894265
2024-10-21 12:31:20.603309467+00:00,0.0,-843.0,-1.1603354818275302,42.9542567352702
2024-10-21 12:31:22.606580635+00:00,0.0,410.0,26.957689989216615,-42.72855529812837
2024-10-21 12:31:27.506013569+00:00,0.0,100.0,15.406276888974592,-9.666330768238097
2024-10-21 12:31:31.003647553+00:00,-5.0,1350.0,24.876332395302335,-0.9883940515538665
2024-10-21 12:31:31.007751363+00:00,20.0,-1450.0,0.281719788523597,-114.37170831358362
2024-10-21 12:31:33.219286515+00:00,0.0,-646.5,1.1275572216181353,48.60140354750691
2024-10-21 12:31:33.219299014+00:00,0.0,715.0,28.12201197570299,-67.17001753593989
2024-10-21 12:31:33.219384692+00:00,0.0,-646.5,1.1275572216181353,-46.51410523375038
2024-10-21 12:31:33.219396602+00:00,0.0,815.0,29.286333962189318,-50.80185051362605
2024-10-21 12:31:33.283679402+00:00,0.0,100.0,15.406276888974592,98.80281906983681
2024-10-21 12:31:36.129038634+00:00,0.0,-428.6666666666667,1.168308491145166,71.97644194955802
2024-10-21 12:31:38.015553779+00:00,0.0,-66.66666666666667,117.51478905428252,-30.006857462568117
2024-10-21 12:31:38.131960021+00:00,0.0,410.0,26.957689989216615,74.2956715951358
2024-10-21 12:31:39.147851742+00:00,0.0,66.66666666666667,-89.030879249306,-108.82713367405424
2024-10-21 12:31:39.834158320+00:00,0.0,-66.66666666666667,117.51478905428252,202.71094391192239
2024-10-21 12:31:39.834169303+00:00,0.0,-320.0,370.47070799500545,314.05758485068213
2024-10-21 12:31:39.834181341+00:00,0.0,353.3333333333333,-431.9735634063366,-320.63963235432175
2024-10-21 12:31:40.907996076+00:00,0.0,66.66666666666667,-89.030879249306,-67.23626229840308
2024-10-21 12:31:40.962639115+00:00,0.0,-66.66666666666667,117.51478905428252,192.93474323752616
2024-10-21 12:31:40.962651822+00:00,0.0,133.33333333333334,-192.3037134011001,-158.52944218717965
2024-10-21 12:31:41.070734248+00:00,0.0,66.66666666666667,-89.030879249306,-1.222531884475483
2024-10-21 12:31:45.869832455+00:00,15.0,2166.0,-628.0945300578077,-390.9223538015291
2024-10-21 12:31:45.873939488+00:00,-1200.0,-2261.0,562.0544801364543,375.3728837683259
2024-10-21 12:31:45.941769646+00:00,0.0,-320.0,370.47070799500545,332.8444581090993
2024-10-21 12:31:45.941781796+00:00,0.0,420.0,-535.246397558131,-437.51703467144796
2024-10-21 12:31:48.996666200+00:00,200.0,-760.0,353.5772404538101,343.9884889199851
2024-10-21 12:31:49.143737320+00:00,0.0,-428.6666666666667,1.168308491145166,0.24677005199930752
2024-10-21 12:31:51.146504844+00:00,0.0,410.0,26.957689989216615,31.195206305075907
2024-10-21 12:31:52.622166042+00:00,0.0,100.0,15.406276888974592,-107.17367561433385
2024-10-21 12:31:55.540346724+00:00,7.0,7.0,13.65068353854641,93.2570787987726
2024-10-21 12:32:04.030002963+00:00,0.0,-428.6666666666667,1.168308491145166,69.86525036379713
2024-10-21 12:32:05.348083+00:00,-200.0,-200.0,31.135422443683723,57.2495031784251
2024-10-21 12:32:05.348095069+00:00,0.0,420.0,-535.246397558131,-355.5441480570146
2024-10-21 12:32:05.979188085+00:00,40.0,2398.0,-740.9573708347737,-620.0084143327897
2024-10-21 12:32:06.032805816+00:00,0.0,76.5,22.171693161171223,-22.902832485480406
2024-10-21 12:32:07.542071110+00:00,0.0,-646.5,2.0842791538822145,37.95936641154127
2024-10-21 12:32:07.542083244+00:00,0.0,715.0,28.082222688899893,115.84278164601959
2024-10-21 12:32:07.598649034+00:00,0.0,100.0,-203.95353627459002,-122.91661205386995
2024-10-21 12:32:07.665482103+00:00,0.0,100.0,15.406276888974592,-49.49124916218215
2024-10-21 12:32:08.403235695+00:00,0.0,-220.0,253.91180490772467,121.79687665835792
2024-10-21 12:32:11.088924820+00:00,10.0,-10.0,14.201865882113257,-23.53620363443557
2024-10-21 12:32:11.127329051+00:00,0.0,317.0,-337.5897195507976,-367.7025191651396
2024-10-21 12:32:11.560345813+00:00,0.0,66.66666666666667,-89.030879249306,-134.07614450772925
2024-10-21 12:32:11.562209891+00:00,0.0,-646.5,2.0842791538822145,3.0755065500594743
2024-10-21 12:32:11.562224326+00:00,0.0,815.0,29.246544675386225,-90.52488868803437
2024-10-21 12:32:11.610968597+00:00,0.0,-66.66666666666667,117.51478905428252,171.84944990018397
2024-10-21 12:32:11.610981426+00:00,0.0,703.5,-656.249934797233,-440.30916614866476
2024-10-21 12:32:11.648070870+00:00,0.0,100.0,15.406276888974592,-18.11344143281228
2024-10-21 12:32:14.797225568+00:00,200.0,-1493.0,1.2824987463823045,93.03984058801144
2024-10-21 12:32:14.798092831+00:00,-10.0,1440.0,28.122311709274822,-17.251513890408944
2024-10-21 12:32:18.141468975+00:00,0.0,0.0,14.24195490248825,-10.721736232288128
2024-10-21 12:32:18.141468975+00:00,-200.0,-2268.0,659.6898960791102,526.4099871634958
2024-10-21 12:32:18.141491360+00:00,-100.0,1435.0,25.711007969247042,94.59105079058423
2024-10-21 12:32:18.141532732+00:00,10.0,-1440.0,0.3615980957016498,-49.96315055397869
2024-10-21 12:32:18.141539068+00:00,-1207.0,-2168.0,472.65898628408826,398.7052069257928
2024-10-21 12:32:18.152822419+00:00,-2.0,1337.0,25.31813556957206,-77.07950427195163
2024-10-21 12:32:18.152831190+00:00,-100.0,937.0,20.398535972204346,7.854282916048669
2024-10-21 12:32:18.153255214+00:00,2.0,-1337.0,3.165774235404426,-20.31807470086862
2024-10-21 12:32:18.153370459+00:00,10.0,-1440.0,0.3615980957016498,-43.63060144909656
2024-10-21 12:32:18.161685578+00:00,0.0,-83.5,5.91451603238744,-52.1710690305857
2024-10-21 12:32:18.224017456+00:00,0.0,420.0,-535.246397558131,-370.1295173814838
2024-10-21 12:32:18.224122852+00:00,0.0,100.0,15.406276888974592,152.11668688194615
2024-10-21 12:32:18.276169768+00:00,0.0,-100.0,13.077632916001908,8.310138905220043
2024-10-21 12:32:18.276183899+00:00,0.0,100.0,15.406276888974592,118.73366855486012
2024-10-21 12:32:20.168408031+00:00,0.0,76.5,22.171693161171223,18.40101548929851
2024-10-21 12:32:23.901384194+00:00,0.0,100.0,15.406276888974592,-36.180809061546114
2024-10-21 12:32:27.277441455+00:00,35.0,2393.0,-740.535034146244,-700.9947841565089
2024-10-21 12:32:27.281535445+00:00,-1207.0,-2468.0,665.9185856521904,440.62498471237876
2024-10-21 12:32:27.945642504+00:00,0.0,-66.66666666666667,117.51478905428252,34.60315768820199
2024-10-21 12:32:35.504980540+00:00,106.0,2264.0,-637.434469534829,-441.4331169034313
2024-10-21 12:32:35.505060728+00:00,0.0,0.0,14.24195490248825,-44.30695565428027
2024-10-21 12:32:35.505060728+00:00,400.0,-1693.0,0.480718338882407,111.19619375997078
2024-10-21 12:32:35.505082570+00:00,100.0,2354.0,-931.2391552777693,-699.5532393478542
2024-10-21 12:32:35.505087722+00:00,5.0,2249.0,-905.2425286605642,-671.935643976338
2024-10-21 12:32:35.505097774+00:00,0.0,50.0,-9.378212894333348,8.578351994080917
2024-10-21 12:32:35.505110083+00:00,0.0,742.0,-712.0073281682284,-454.05605308317166
2024-10-21 12:32:35.505118236+00:00,200.0,-200.0,13.440174494988359,69.72428626102347
2024-10-21 12:32:35.505132160+00:00,0.0,-50.0,37.86212269930987,159.24718411270663
2024-10-21 12:32:35.505139710+00:00,0.0,-1120.5,932.5954967431069,777.0547375050156
2024-10-21 12:32:35.509073618+00:00,0.0,-716.0,926.2389534475171,734.4292769179968
2024-10-21 12:32:35.605165948+00:00,-97.0,-2255.0,665.1581733004517,475.5503690844713
2024-10-21 12:32:35.605194517+00:00,-1207.0,-2268.0,562.6457515003959,444.985717691734
2024-10-21 12:32:37.670347240+00:00,0.0,66.66666666666667,-89.030879249306,-133.20962163550803
2024-10-21 12:32:38.041341719+00:00,-200.0,200.0,15.043735309988147,83.06056852113427
2024-10-21 12:32:38.100855625+00:00,200.0,-200.0,13.440174494988359,16.850432316187526
2024-10-21 12:32:38.100868142+00:00,-400.0,400.0,15.84551571748804,-11.427756658859362
2024-10-21 12:32:48.253052117+00:00,0.0,-66.66666666666667,117.51478905428252,2.4374970764437194
2024-10-21 12:32:48.253063227+00:00,0.0,-320.0,370.47070799500545,215.08628065512292
2024-10-21 12:32:48.253074967+00:00,0.0,420.0,-535.246397558131,-496.8806146290386
2024-10-21 12:32:48.306721177+00:00,-400.0,400.0,15.84551571748804,15.926655935452352
2024-10-21 12:32:55.953734385+00:00,0.0,66.66666666666667,-89.030879249306,-98.61246029201665
2024-10-21 12:33:01.303215240+00:00,-5.0,1635.0,29.2665891855737,-10.527739263218745
2024-10-21 12:33:05.793522393+00:00,-24.0,24.0,14.33816855138824,-19.449146536356682
2024-10-21 12:33:05.794507041+00:00,0.0,-83.5,5.91451603238744,85.67080765038551
2024-10-21 12:33:06.321056918+00:00,14.0,2172.0,-629.6634744658792,-420.7305244348261
2024-10-21 12:33:06.321081410+00:00,36.0,2198.0,-904.1026912915108,-565.1663312238347
2024-10-21 12:33:06.321117671+00:00,0.0,0.0,14.24195490248825,129.961558593977
2024-10-21 12:33:06.325151716+00:00,0.0,-1079.0,656.964841542972,519.9103715893896
2024-10-21 12:33:06.325187400+00:00,-1207.0,-2268.0,562.6457515003959,380.56580154848183
2024-10-21 12:33:07.427626768+00:00,24.0,-24.0,14.145741253588266,73.71323905540142
2024-10-21 12:33:07.801879861+00:00,0.0,76.5,22.171693161171223,-48.608325984036476
2024-10-21 12:33:09.053244732+00:00,-24.0,1554.0,26.46622658726262,148.36376005942194
2024-10-21 12:33:09.156252110+00:00,0.0,0.0,14.24195490248825,48.748659914584515
2024-10-21 12:33:09.156252110+00:00,1.0,-1.0,14.237946000450755,74.24711949388754
2024-10-21 12:33:12.169745303+00:00,0.0,-67.22222222222223,6.400023817650495,-2.20248729527655
2024-10-21 12:33:14.175223557+00:00,0.0,56.333333333333336,19.327209554542957,-16.424385204816566
2024-10-21 12:33:14.283552259+00:00,0.0,-815.0,-0.7626348704096575,-16.220668516861956
2024-10-21 12:33:15.381509806+00:00,0.0,-100.0,13.077632916001908,31.4197271054573
2024-10-21 12:33:15.434611774+00:00,0.0,66.66666666666667,-89.030879249306,-72.43557169824841
2024-10-21 12:33:21.206576211+00:00,0.0,678.5,25.438193184010583,-3.5184056252700717
2024-10-21 12:33:21.206611882+00:00,0.0,-320.0,370.47070799500545,199.17695226471957
2024-10-21 12:33:21.210681542+00:00,0.0,-715.0,0.40168711607664664,47.08287327777268
2024-10-21 12:33:21.285249933+00:00,0.0,420.0,-535.246397558131,-425.7412570678133
2024-10-21 12:33:22.875006113+00:00,0.0,-83.5,5.91451603238744,95.95220771921483
2024-10-21 12:33:24.340747933+00:00,0.0,66.66666666666667,-89.030879249306,-175.09072740097022
2024-10-21 12:33:24.880805430+00:00,0.0,410.0,26.957689989216615,69.20825664557385
2024-10-21 12:33:26.285422898+00:00,0.0,-320.0,370.47070799500545,251.2517232500727
2024-10-21 12:33:26.285434922+00:00,0.0,420.0,-535.246397558131,-488.7834139075577
2024-10-21 12:33:26.288517312+00:00,0.0,100.0,15.406276888974592,87.9153280686569
2024-10-21 12:33:28.839620575+00:00,0.0,-100.0,13.077632916001908,37.484109044470586
2024-10-21 12:33:28.839633521+00:00,0.0,200.0,16.570598875460938,40.65536423884341
2024-10-21 12:33:29.340151844+00:00,0.0,66.66666666666667,-89.030879249306,-25.577456760180457
2024-10-21 12:33:36.906518675+00:00,0.0,-100.0,13.077632916001908,-94.17482550293401
2024-10-21 12:33:39.988033229+00:00,5.0,2163.0,-628.9032684265254,-524.1509492904022
2024-10-21 12:33:41.899233441+00:00,0.0,50.0,-94.85579068605091,-68.93252328697531
2024-10-21 12:33:48.686584626+00:00,100.0,2253.0,-907.3827858029792,-677.6020101716817
2024-10-21 12:33:48.686646314+00:00,15.0,15.0,12.974944836898594,33.20549944971525
2024-10-21 12:33:48.687003945+00:00,-100.0,-100.0,22.68868867308598,29.241802315157244
2024-10-21 12:33:48.690751022+00:00,-5.0,-2163.0,657.3871782315019,504.1132690817924
2024-10-21 12:33:49.477179785+00:00,0.0,0.0,14.24195490248825,66.19917903567533
2024-10-21 12:33:49.477179785+00:00,2.0,-2.0,14.233937098413252,-50.812075188507556
2024-10-21 12:33:49.544831228+00:00,0.0,50.0,-94.85579068605091,109.17541854103476
2024-10-21 12:33:49.544930382+00:00,0.0,-646.5,1.1275572216181353,-48.92084732491354
2024-10-21 12:33:49.544942069+00:00,0.0,815.0,29.286333962189318,-70.78883033714301
2024-10-21 12:33:49.602010461+00:00,0.0,-50.0,123.3397004910274,109.67580598203051
2024-10-21 12:33:49.602023386+00:00,0.0,67.0,-89.57636797724865,-88.13032466712666
2024-10-21 12:33:50.024262364+00:00,0.0,200.0,16.570598875460938,74.44713702693741
2024-10-21 12:33:51.861072481+00:00,0.0,66.66666666666667,-89.030879249306,5.1149450867685005
2024-10-21 12:33:52.769482629+00:00,0.0,-287.0,357.70100323027793,224.0114896750526
2024-10-21 12:33:52.769493295+00:00,0.0,383.6666666666667,-440.86255370259187,-162.9183165820012
2024-10-21 12:33:52.993927871+00:00,-1207.0,-2468.0,554.133751028679,381.25505464973656
2024-10-21 12:33:53.065065422+00:00,0.0,-100.0,61.48229049613145,86.0457177519172
2024-10-21 12:33:56.944168416+00:00,0.0,-1.25,15.512028630726531,-30.25460905052789
2024-10-21 12:33:59.088811005+00:00,0.0,-475.5,368.7542869438798,211.15229616744082
2024-10-21 12:33:59.088823750+00:00,0.0,350.0,-430.7034896780985,-323.01372017560357
2024-10-21 12:34:02.149897491+00:00,100.0,2248.0,-635.9279242792335,-514.2630072804802
2024-10-21 12:34:02.149928619+00:00,400.0,-1693.0,-0.4760035933816153,-49.283572717174756
2024-10-21 12:34:02.149928619+00:00,-21.0,1651.0,29.370520904976843,-105.99928647746349
2024-10-21 12:34:02.149950355+00:00,500.0,645.0,-943.624223257638,-729.5440888254274
2024-10-21 12:34:02.149954232+00:00,1.0,2239.0,-901.8064742851864,-722.9034535472496
2024-10-21 12:34:02.149963811+00:00,0.0,50.0,-9.378212894333348,-102.63821254194586
2024-10-21 12:34:02.149968531+00:00,0.0,-50.0,37.86212269930987,165.29833936023948
2024-10-21 12:34:02.149995072+00:00,0.0,-1119.0,948.9434407961473,874.4097691558793
2024-10-21 12:34:02.150289648+00:00,0.0,-1074.0,655.9651003136122,489.98220511109923
2024-10-21 12:34:02.224326757+00:00,200.0,-200.0,13.440174494988359,5.656994755463299
2024-10-21 12:34:02.250035378+00:00,-1207.0,-2258.0,561.3756777721577,414.6217646564358
2024-10-21 12:34:02.433938165+00:00,0.0,-375.0,321.2777496722681,267.5314260536701
2024-10-21 12:34:04.221298672+00:00,7.0,-1353.0,4.8930090696439485,-128.35122634653808
2024-10-21 12:34:04.221593520+00:00,100.0,2358.0,-724.7620129270917,-547.0939631846626
2024-10-21 12:34:04.221921450+00:00,-1207.0,-2358.0,517.9466991486372,256.4150593524734
2024-10-21 12:34:04.223075802+00:00,17.0,-1347.0,5.0924471798236395,58.15476243963376
2024-10-21 12:34:04.325592369+00:00,-200.0,1546.0,24.364618828569913,54.53329879952667
2024-10-21 12:34:06.238355905+00:00,0.0,646.5,27.356352583358372,80.72902510495416
2024-10-21 12:34:11.389652181+00:00,0.0,-673.0,4.92107138390644,-115.62911823487796
2024-10-21 12:34:13.393399417+00:00,0.0,646.5,27.356352583358372,-10.554424227489589
2024-10-21 12:34:13.740065207+00:00,-200.0,200.0,15.043735309988147,10.868845668762942
2024-10-21 12:34:14.476131192+00:00,0.0,-100.0,61.48229049613145,-203.3325152321109
2024-10-21 12:34:14.476143802+00:00,0.0,350.0,-430.7034896780985,-310.8856979013334
2024-10-21 12:34:18.143679631+00:00,-200.0,200.0,15.043735309988147,-32.95842155912348
2024-10-21 12:34:21.570266497+00:00,0.0,-316.6666666666667,368.5180852659114,302.09083386829116
2024-10-21 12:34:21.570278537+00:00,0.0,350.0,-430.7034896780985,-290.40531189393613
2024-10-21 12:34:24.634338724+00:00,7.0,-1353.0,4.8930090696439485,40.6567712197254
2024-10-21 12:34:24.734729841+00:00,-200.0,1493.0,28.158132990858252,-52.03827880427635
2024-10-21 12:34:26.051200518+00:00,0.0,-673.0,4.92107138390644,65.67287251201802
2024-10-21 12:34:28.056511802+00:00,0.0,646.5,27.356352583358372,121.49733891731388
2024-10-21 12:34:31.566351603+00:00,0.0,-673.0,4.92107138390644,51.9184934388131
2024-10-21 12:34:33.571362114+00:00,0.0,646.5,27.356352583358372,-50.86154059334361
2024-10-21 12:34:33.720440799+00:00,-200.0,200.0,15.043735309988147,-5.977417364825778
2024-10-21 12:34:33.730448933+00:00,-200.0,200.0,15.043735309988147,-48.766894913799995
2024-10-21 12:34:33.745274141+00:00,7.0,-1353.0,4.8930090696439485,47.83638423037159
2024-10-21 12:34:33.745287278+00:00,0.0,843.0,29.64424528680405,25.233485210898287
2024-10-21 12:34:33.747590481+00:00,0.0,-100.0,13.077632916001908,69.93824084511489
2024-10-21 12:34:33.751727739+00:00,0.0,100.0,15.406276888974592,64.58395006713512
2024-10-21 12:34:35.757406077+00:00,400.0,-1746.0,3.317510568906676,-35.00723427665375
2024-10-21 12:34:37.761184677+00:00,-7.0,1693.0,29.67230760106655,179.37583521677314
2024-10-21 12:34:37.968027551+00:00,0.0,-100.0,13.077632916001908,54.97763104792957
2024-10-21 12:34:37.968040798+00:00,-200.0,207.0,15.084486579515165,-99.63659212898256
2024-10-21 12:34:38.475738499+00:00,7.0,-1353.0,4.8930090696439485,70.44276321998926
2024-10-21 12:34:38.475751280+00:00,0.0,843.0,29.64424528680405,53.53199018643633
2024-10-21 12:34:38.943836159+00:00,-200.0,207.0,15.084486579515165,106.24684972172628
2024-10-21 12:34:38.961431383+00:00,7.0,-1353.0,4.8930090696439485,-97.88623530731827
2024-10-21 12:34:38.961442941+00:00,0.0,843.0,29.64424528680405,8.26107880129932
2024-10-21 12:34:39.359232731+00:00,-200.0,207.0,15.084486579515165,-83.98086531165312
2024-10-21 12:34:39.445076887+00:00,7.0,-1353.0,4.8930090696439485,53.98500646917329
2024-10-21 12:34:39.445089261+00:00,0.0,843.0,29.64424528680405,151.8311003667386
2024-10-21 12:34:39.534348093+00:00,-200.0,207.0,15.084486579515165,26.52727350013198
2024-10-21 12:34:39.805848072+00:00,7.0,-1353.0,4.8930090696439485,-66.80701131204624
2024-10-21 12:34:39.805861078+00:00,0.0,843.0,29.64424528680405,115.35787816231634
2024-10-21 12:34:40.424950427+00:00,5.0,2153.0,-627.9035271971659,-365.0496866165912
2024-10-21 12:34:40.429056129+00:00,-1207.0,-2258.0,561.3756777721577,380.6174910034599
2024-10-21 12:34:42.760362354+00:00,400.0,-1746.0,3.317510568906676,93.71148472053684
2024-10-21 12:34:44.765845817+00:00,-7.0,1693.0,29.67230760106655,77.77145129382944
2024-10-21 12:34:46.916797916+00:00,0.0,0.0,14.24195490248825,-43.2486414466745
2024-10-21 12:34:51.436613204+00:00,35.0,2183.0,-630.4375473283449,-468.7263222274762
2024-10-21 12:34:51.440710504+00:00,-1207.0,-2258.0,561.3756777721577,465.9788251408569
2024-10-21 12:34:54.821268272+00:00,400.0,-1746.0,3.317510568906676,-70.35083104196528
2024-10-21 12:34:56.823934089+00:00,-7.0,1693.0,29.67230760106655,-33.19242708735156
2024-10-21 12:34:56.914006729+00:00,0.0,-673.0,4.92107138390644,41.622045470501504
2024-10-21 12:34:56.914018909+00:00,0.0,843.0,29.64424528680405,-56.87503814522425
2024-10-21 12:34:56.970301620+00:00,0.0,66.66666666666667,-89.030879249306,-101.21937203127473
2024-10-21 12:35:01.086704786+00:00,0.0,200.0,16.570598875460938,31.821883429482085
2024-10-21 12:35:04.824035688+00:00,400.0,-1746.0,3.317510568906676,-1.3025016672701164
2024-10-21 12:35:06.832364220+00:00,-7.0,1693.0,29.67230760106655,26.560280499489828
2024-10-21 12:35:10.273312188+00:00,80.0,2228.0,-634.2385775251139,-588.8335476010202
2024-10-21 12:35:11.596759827+00:00,0.0,50.0,-94.85579068605091,29.77124930721348
2024-10-21 12:35:11.866382042+00:00,400.0,-1746.0,3.317510568906676,-7.705071079597607
2024-10-21 12:35:12.594795091+00:00,0.0,50.0,-94.85579068605091,-115.42855610269564
2024-10-21 12:35:12.649791928+00:00,0.0,-50.0,123.3397004910274,83.45923998781943
2024-10-21 12:35:12.649804588+00:00,0.0,-150.0,149.3688970276922,37.84164376957578
2024-10-21 12:35:13.882085380+00:00,-7.0,1693.0,29.67230760106655,40.75966960022587
2024-10-21 12:35:18.869298325+00:00,400.0,-1746.0,3.317510568906676,41.84490708373193
2024-10-21 12:35:20.880663008+00:00,-7.0,1693.0,29.67230760106655,18.639957062640512
2024-10-21 12:35:22.590424361+00:00,0.0,-673.0,4.92107138390644,-81.49773098449069
2024-10-21 12:35:22.590436801+00:00,0.0,843.0,29.64424528680405,195.62110053299202
2024-10-21 12:35:22.645812212+00:00,0.0,380.3333333333333,-439.86281247323205,-349.00585575930705
2024-10-21 12:35:23.823304028+00:00,0.0,200.0,16.570598875460938,-12.709174737287256
2024-10-21 12:35:23.988201548+00:00,0.0,0.0,14.24195490248825,12.508818377482031
2024-10-21 12:35:24.238426890+00:00,0.0,0.0,14.24195490248825,46.80093052252753
2024-10-21 12:35:24.238426890+00:00,400.0,-1746.0,3.317510568906676,38.130209465540894
2024-10-21 12:35:24.238452385+00:00,34.0,2452.0,-990.8032959511773,-698.9342691716886
2024-10-21 12:35:24.238461987+00:00,0.0,50.0,-9.378212894333348,81.8781723099499
2024-10-21 12:35:24.238465281+00:00,0.0,-50.0,37.86212269930987,-73.04182130522999
2024-10-21 12:35:24.238471795+00:00,100.0,100.0,5.795221131890529,-48.632396696787396
2024-10-21 12:35:24.238485568+00:00,0.0,801.0,-801.4352097935499,-627.9747884849398
2024-10-21 12:35:24.238506128+00:00,0.0,-1209.0,1016.4153162741509,705.546949837275
2024-10-21 12:35:24.238844974+00:00,17.0,-1347.0,5.0924471798236395,-59.3735419820996
2024-10-21 12:35:24.325803839+00:00,-200.0,1546.0,24.364618828569913,-29.04211042062802
2024-10-21 12:35:24.325823716+00:00,-34.0,-34.0,17.11384438449148,-9.862330999653015
2024-10-21 12:35:24.343765036+00:00,0.0,-1209.0,1078.668737961742,914.1314884021868
2024-10-21 12:35:24.343821064+00:00,-200.0,200.0,15.043735309988147,65.11298828705584
2024-10-21 12:35:24.493765488+00:00,-80.0,-2428.0,760.1995346023233,460.1256581321333
2024-10-21 12:35:39.266829390+00:00,100.0,2518.0,-1058.6315619273628,-670.3324483499227
2024-10-21 12:35:39.267322775+00:00,-80.0,-2428.0,760.1995346023233,639.7958465943965
2024-10-21 12:35:46.324153630+00:00,0.0,-283.6666666666667,356.43092950203965,134.4789199891026
2024-10-21 12:35:46.324167263+00:00,0.0,235.0,-341.8694010302401,-193.41325369865507
2024-10-21 12:35:46.381553985+00:00,200.0,-200.0,13.440174494988359,-92.6760156632921
2024-10-21 12:35:46.464926027+00:00,-200.0,200.0,15.043735309988147,53.19938479621454
2024-10-21 12:35:48.967546449+00:00,0.0,-212.5,355.91456533128064,279.4772485927459
2024-10-21 12:35:48.967567635+00:00,0.0,285.0,-450.9671466187793,-477.5550126190961
2024-10-21 12:35:50.412145028+00:00,0.0,-150.0,149.3688970276922,159.24530027861678
2024-10-21 12:35:54.451388501+00:00,200.0,-200.0,13.440174494988359,5.0159090320319955
2024-10-21 12:35:54.451399487+00:00,17.0,-1347.0,5.0924471798236395,-24.481004251729132
2024-10-21 12:35:54.451579862+00:00,4.0,2432.0,-1093.998193041081,-800.896898624454
2024-10-21 12:35:54.451584967+00:00,0.0,1259.0,-1080.413375824397,-869.1819824644149
2024-10-21 12:35:54.451914911+00:00,0.0,-1214.0,1122.1442334952337,863.3904801463435
2024-10-21 12:35:54.490013783+00:00,-80.0,-2538.0,854.8294101297429,631.9342054698077
2024-10-21 12:35:54.565074677+00:00,-200.0,1546.0,24.364618828569913,-36.63951866065174
2024-10-21 12:35:56.157378125+00:00,17.0,-1347.0,5.0924471798236395,-12.712805508715848
2024-10-21 12:35:56.203098030+00:00,-200.0,1546.0,24.364618828569913,-18.664947512787748
2024-10-21 12:35:59.076399251+00:00,17.0,-1347.0,5.0924471798236395,-131.270675234421
2024-10-21 12:35:59.076412669+00:00,-200.0,1546.0,24.364618828569913,26.342024323891017
2024-10-21 12:35:59.437757339+00:00,0.0,313.6666666666667,-336.58997832143785,-352.705582917222
2024-10-21 12:35:59.494791441+00:00,0.0,-325.5,309.1905939083965,290.4248954021245
2024-10-21 12:36:00.843631726+00:00,0.0,1074.0,-903.8090338693651,-723.3291024536072
2024-10-21 12:36:02.353651432+00:00,0.0,-1029.0,641.5263548096764,402.9648123628134
2024-10-21 12:36:02.353665960+00:00,0.0,313.6666666666667,-336.58997832143785,-213.28115215482137
2024-10-21 12:36:07.530496723+00:00,17.0,-1347.0,5.0924471798236395,141.60519366285908
2024-10-21 12:36:07.530508969+00:00,0.0,864.5,25.792515025191353,57.679847361204594
2024-10-21 12:36:07.585080931+00:00,0.0,66.66666666666667,-89.030879249306,-95.2811710543317
2024-10-21 12:36:09.508691863+00:00,-400.0,-930.0,6.764159329460905,-2.665716418301276
2024-10-21 12:36:10.549225606+00:00,-4.0,1750.0,25.907518002192667,196.7707517069269
2024-10-21 12:36:43.158440811+00:00,0.0,703.5,-656.249934797233,-540.971498131832
2024-10-21 12:36:43.375021837+00:00,0.0,-1029.0,641.5263548096764,365.17166759149694
2024-10-21 12:36:43.375035050+00:00,0.0,313.6666666666667,-336.58997832143785,-345.3614539475041
2024-10-21 12:36:50.819889336+00:00,0.0,66.66666666666667,-89.030879249306,-94.7732722310966
2024-10-21 12:36:53.683336201+00:00,100.0,2318.0,-949.5338163388242,-784.4280381124094
2024-10-21 12:36:54.097617679+00:00,0.0,-185.25,261.80105397462023,308.75344353012457
2024-10-21 12:36:54.097630082+00:00,0.0,282.75,-408.0371398132299,-264.0336718319878
2024-10-21 12:36:54.153856242+00:00,0.0,743.0,28.47992330031773,-1.3106437115410525
2024-10-21 12:36:56.765119762+00:00,0.0,-673.0,4.92107138390644,10.663108934623642
2024-10-21 12:36:56.765132861+00:00,0.0,743.0,28.47992330031773,177.5991418693648
2024-10-21 12:36:56.819654707+00:00,0.0,-270.5,214.56071838097705,137.35045853811755
2024-10-21 12:36:57.476523790+00:00,0.0,100.0,15.406276888974592,-2.9075336443359907
2024-10-21 12:36:58.378164795+00:00,0.0,1109.5,-993.0647127534653,-702.1496193976612
2024-10-21 12:36:58.406534723+00:00,0.0,-66.66666666666667,117.51478905428252,186.21343026493315
2024-10-21 12:36:58.406546557+00:00,0.0,80.0,-152.99557620138398,-82.67513140190239
2024-10-21 12:36:58.464922853+00:00,0.0,100.0,15.406276888974592,-28.721098953960652
2024-10-21 12:37:00.372093470+00:00,0.0,100.0,15.406276888974592,1.4019194021251176
2024-10-21 12:37:00.454146766+00:00,0.0,166.2,-180.978444832865,-163.73779895869546
2024-10-21 12:37:00.536164034+00:00,0.0,-132.75,109.22781285258901,26.02613418891893
2024-10-21 12:37:01.064935080+00:00,0.0,0.0,14.24195490248825,122.0158281368358
2024-10-21 12:37:01.064935080+00:00,-50.0,-50.0,18.46532178778711,-72.96230835075589
2024-10-21 12:37:01.064997491+00:00,0.0,-50.0,123.3397004910274,-27.39362876448177
2024-10-21 12:37:01.065010830+00:00,0.0,0.0,14.24195490248825,141.09668194877696
2024-10-21 12:37:01.065010830+00:00,-1.0,-2029.0,904.0332096558617,690.1329058793458
2024-10-21 12:37:01.065032811+00:00,-100.0,1527.0,28.432754742435534,-12.999417116977884
2024-10-21 12:37:01.065044515+00:00,4.0,-1490.0,-0.012049103491173864,7.711553797676407
2024-10-21 12:37:01.065398746+00:00,-128.0,1555.0,28.545003999485523,18.851081852969816
2024-10-21 12:37:01.134392616+00:00,0.0,100.0,-203.95353627459002,-161.60702691535
2024-10-21 12:37:01.201495261+00:00,0.0,-100.0,232.4374460795665,157.70987799892922
2024-10-21 12:37:01.201507987+00:00,0.0,186.0,-273.04232036032806,-282.4228045687505
2024-10-21 12:37:01.461864865+00:00,0.0,-135.0,152.15781965813838,151.5513501075585
2024-10-21 12:37:01.498580512+00:00,-2.0,1452.0,25.626793011020812,-12.368912690032257
2024-10-21 12:37:02.076277129+00:00,0.0,50.0,-94.85579068605091,-76.83531429770815
2024-10-21 12:37:02.131181816+00:00,0.0,-50.0,123.3397004910274,90.60292738455313
2024-10-21 12:37:02.131194998+00:00,0.0,779.3333333333334,-1054.7922115665738,-820.2679505563945
2024-10-21 12:37:05.074380125+00:00,-2.0,954.0,23.41137045949742,56.476077547232606
2024-10-21 12:37:09.471991076+00:00,0.0,7.0,14.323457441542297,115.78781001496291
2024-10-21 12:37:09.476084016+00:00,0.0,-7.0,14.160452363434208,-0.14180099326434714
2024-10-21 12:37:09.756862909+00:00,0.0,-649.3333333333334,885.0526080806982,678.6928933778106
2024-10-21 12:37:09.756876626+00:00,0.0,100.0,-203.95353627459002,-47.37032158970205
2024-10-21 12:37:10.616114227+00:00,0.0,779.3333333333334,-1054.7922115665738,-821.0856535564756
2024-10-21 12:37:17.205123764+00:00,0.0,-649.3333333333334,885.0526080806982,649.7046314267948
2024-10-21 12:37:17.205136424+00:00,0.0,100.0,-203.95353627459002,-184.57562576251138
2024-10-21 12:37:19.163732276+00:00,0.0,-223.6,4.876616078086871,-8.340119888217643
2024-10-21 12:37:19.163745804+00:00,0.0,163.6,22.66985666625475,96.60087618934875
2024-10-21 12:37:19.224217636+00:00,0.0,40.0,15.978662134348994,127.26045400548188
2024-10-21 12:37:24.436550463+00:00,0.0,779.3333333333334,-1054.7922115665738,-885.8588262347937
2024-10-21 12:37:25.366548710+00:00,0.0,-649.3333333333334,885.0526080806982,712.1237385825455
2024-10-21 12:37:25.366561737+00:00,0.0,100.0,-203.95353627459002,-105.55419300069762
2024-10-21 12:37:27.922279446+00:00,0.0,779.3333333333334,-1054.7922115665738,-801.6142813604021
2024-10-21 12:37:36.585363105+00:00,0.0,-649.3333333333334,885.0526080806982,707.3790307254139
2024-10-21 12:37:36.585375675+00:00,0.0,100.0,-203.95353627459002,-83.94975017977644
2024-10-21 12:37:36.952501284+00:00,0.0,779.3333333333334,-1054.7922115665738,-811.4170465256702
2024-10-21 12:37:38.907567221+00:00,0.0,40.0,15.978662134348994,82.03224000986842
2024-10-21 12:37:39.163653557+00:00,0.0,66.66666666666667,-89.030879249306,-100.76479898230569
2024-10-21 12:37:39.594538033+00:00,0.0,40.0,15.978662134348994,93.4501389223322
2024-10-21 12:37:42.591822605+00:00,0.0,-649.3333333333334,885.0526080806982,675.9075666078662
2024-10-21 12:37:42.591835289+00:00,0.0,133.33333333333334,-192.3037134011001,-214.14628150799606
2024-10-21 12:37:47.411231127+00:00,1.0,2420.0,-1108.0718371164555,-828.4645771763331
2024-10-21 12:37:48.676986240+00:00,-24.0,878.0,23.286079650305915,66.74023572055313
2024-10-21 12:37:48.750455978+00:00,0.0,-103.0,7.550760370582498,-17.12415726800405
2024-10-21 12:37:48.750469059+00:00,0.0,119.66666666666667,22.336095984355765,156.8942236513461
2024-10-21 12:37:48.859269056+00:00,0.0,33.333333333333336,15.542778407979101,-26.28944532270061
2024-10-21 12:37:49.104334459+00:00,0.0,-103.0,7.550760370582498,140.0290686430351
2024-10-21 12:37:49.104346675+00:00,0.0,119.66666666666667,22.336095984355765,-14.082726201659337
2024-10-21 12:37:49.160516949+00:00,0.0,0.0,25.891777775978067,160.85570395203294
2024-10-21 12:37:50.467783433+00:00,0.0,-133.33333333333334,220.78762320607672,58.38233059901444
2024-10-21 12:37:50.467796686+00:00,0.0,100.0,-203.95353627459002,-55.417585337268605
2024-10-21 12:37:50.525418175+00:00,0.0,33.333333333333336,15.542778407979101,-108.50057542230344
2024-10-21 12:37:51.258156258+00:00,0.0,-103.0,7.550760370582498,-28.086102956784117
2024-10-21 12:37:51.258169160+00:00,0.0,119.66666666666667,22.336095984355765,44.99139074129285
2024-10-21 12:37:51.310797013+00:00,0.0,0.0,25.891777775978067,91.13167588174876
2024-10-21 12:37:54.120490249+00:00,0.0,772.6666666666666,-852.1836959258675,-572.6673916671341
2024-10-21 12:37:54.459888299+00:00,0.0,33.333333333333336,15.542778407979101,-36.74512512471307
2024-10-21 12:37:57.227102986+00:00,0.0,33.333333333333336,15.542778407979101,38.38409413005073
2024-10-21 12:38:00.262765699+00:00,0.0,-672.6666666666666,918.0395867286796,743.270941049072
2024-10-21 12:38:00.262778489+00:00,0.0,559.5,-820.1944205639419,-619.9147473978562
2024-10-21 12:38:00.316954864+00:00,0.0,-512.6666666666666,670.1847847643737,411.50596166457376
2024-10-21 12:38:00.336429148+00:00,0.0,-103.0,7.550760370582498,-133.43896463184817
2024-10-21 12:38:00.336442519+00:00,0.0,119.66666666666667,22.336095984355765,-93.518819278389
2024-10-21 12:38:00.442444353+00:00,0.0,33.333333333333336,15.542778407979101,31.810625571978203
2024-10-21 12:38:00.603243988+00:00,0.0,33.333333333333336,15.542778407979101,93.60198206031868
2024-10-21 12:38:01.201736475+00:00,0.0,0.0,14.24195490248825,-60.364182864961805
2024-10-21 12:38:01.201736475+00:00,-1.0,-2429.0,998.513880843148,809.0765990110438
2024-10-21 12:38:01.269398755+00:00,0.0,-200.0,108.72262608977465,89.36155274619279
2024-10-21 12:38:01.269411943+00:00,0.0,282.75,-408.0371398132299,-231.84178598832978
2024-10-21 12:38:01.547036937+00:00,0.0,-1174.0,753.4421475858452,563.3065909760695
2024-10-21 12:38:02.096094950+00:00,0.0,-66.66666666666667,117.51478905428252,35.39284076512547
2024-10-21 12:38:02.402017086+00:00,0.0,66.66666666666667,-89.030879249306,-141.78275764187794
2024-10-21 12:38:02.465417465+00:00,0.0,-66.66666666666667,117.51478905428252,159.2980478630779
2024-10-21 12:38:02.465429218+00:00,0.0,-225.5,261.9502583147534,307.20882725592134
2024-10-21 12:38:13.050394683+00:00,-4.0,881.0,22.225622948991948,-4.535465546201323
2024-10-21 12:38:13.124071363+00:00,0.0,-74.0,7.448637326111585,39.58445136542752
2024-10-21 12:38:13.124084446+00:00,0.0,102.42857142857143,20.909024218295038,-19.785678325782392
2024-10-21 12:38:18.490902611+00:00,0.0,-200.0,108.72262608977465,258.33368984666765
2024-10-21 12:38:18.490913936+00:00,0.0,313.6666666666667,-336.58997832143785,-348.38003225340117
2024-10-21 12:38:20.985998839+00:00,0.0,0.0,14.24195490248825,-85.72599645874818
2024-10-21 12:38:20.985998839+00:00,-1207.0,-2258.0,505.6233417067974,511.04797730624733
2024-10-21 12:38:20.986025309+00:00,-1.0,482.0,19.022128528360657,76.72949806947751
2024-10-21 12:38:20.986183368+00:00,0.0,-475.5,368.7542869438798,285.98335627550705
2024-10-21 12:38:20.986209570+00:00,0.0,240.5,18.66892023734924,24.118121576366804
2024-10-21 12:38:20.986221127+00:00,0.0,1.0,14.253598122353118,25.312620246151564
2024-10-21 12:38:20.986359911+00:00,0.0,64.0,14.987120973839515,42.68144666666786
2024-10-21 12:38:20.986378447+00:00,0.0,-39.625,10.504154714919721,31.96357545235402
2024-10-21 12:38:20.986396044+00:00,-4.0,4.0,14.257990510638248,72.04697211750859
2024-10-21 12:38:20.986433209+00:00,0.0,-102.42857142857143,7.574885586681442,6.0893304900449134
2024-10-21 12:38:20.986615985+00:00,0.0,-50.0,13.659793909245076,-10.20742884898252
2024-10-21 12:38:20.986887376+00:00,-128.0,612.0,19.48718762520417,-26.034403371782425
2024-10-21 12:38:20.986924542+00:00,0.0,-102.42857142857143,7.574885586681442,39.75769237759675
2024-10-21 12:38:20.990315989+00:00,0.0,-0.6666666666666666,14.231064870262976,68.35378129889335
2024-10-21 12:38:21.053639879+00:00,0.0,625.5,-422.4276908843496,-231.48483639644115
2024-10-21 12:38:21.057112403+00:00,0.0,-475.5,368.7542869438798,318.4235120135893
2024-10-21 12:38:21.064804647+00:00,0.0,133.33333333333334,-192.3037134011001,-275.7620313689754
2024-10-21 12:38:21.064830997+00:00,0.0,28.571428571428573,15.344866930390925,22.326735810359146
2024-10-21 12:38:21.086105964+00:00,0.0,-0.5,14.236133292555824,19.437201055099518
2024-10-21 12:38:21.116614965+00:00,0.0,-28.571428571428573,13.13904287458559,-46.85913262073931
2024-10-21 12:38:21.116627916+00:00,0.0,57.142857142857146,16.4477789582936,83.3692790948363
2024-10-21 12:38:21.127620498+00:00,0.0,57.142857142857146,16.4477789582936,-35.748382618806794
2024-10-21 12:38:21.712864469+00:00,0.0,-66.66666666666667,117.51478905428252,-40.67051463004721
2024-10-21 12:38:21.828276411+00:00,0.0,66.66666666666667,-89.030879249306,-51.74779184353608
2024-10-21 12:38:22.256456628+00:00,0.0,-66.66666666666667,117.51478905428252,-8.187865585787439
2024-10-21 12:38:22.256482691+00:00,0.0,350.0,-430.7034896780985,-202.5693816019162
2024-10-21 12:38:23.254687557+00:00,0.0,0.0,14.24195490248825,-113.51028640071549
2024-10-21 12:38:24.119784545+00:00,0.0,66.66666666666667,-89.030879249306,-69.95126426039522
2024-10-21 12:38:24.411319477+00:00,0.0,-316.6666666666667,368.5180852659114,430.84347043145226
2024-10-21 12:38:24.411330476+00:00,0.0,350.0,-430.7034896780985,-321.25942567208256
2024-10-21 12:38:27.465707438+00:00,0.0,66.66666666666667,-89.030879249306,-142.09359129809903
2024-10-21 12:38:27.556753199+00:00,0.0,-316.6666666666667,368.5180852659114,241.76249652266165
2024-10-21 12:38:27.556765455+00:00,0.0,350.0,-430.7034896780985,-193.91630468879197
2024-10-21 12:38:27.614000492+00:00,0.0,-316.6666666666667,368.5180852659114,220.19450917025276
2024-10-21 12:38:27.614012681+00:00,0.0,350.0,-430.7034896780985,-358.9820135595437
2024-10-21 12:38:27.623739112+00:00,0.0,-19.666666666666668,10.050284337093283,-189.1075867135719
2024-10-21 12:38:28.193154770+00:00,0.0,0.0,15.113722355228022,200.24981366747642
2024-10-21 12:38:28.732222683+00:00,-40.0,1247.0,24.3334261245738,35.57676798208122
2024-10-21 12:38:28.732261256+00:00,0.0,-74.0,7.448637326111585,59.09255464486502
2024-10-21 12:38:30.670563949+00:00,0.0,100.5,-33.514744861913904,-89.8875663314211
2024-10-21 12:38:30.672097186+00:00,0.0,-66.66666666666667,11.640307891506566,17.284375794432254
2024-10-21 12:38:30.672110180+00:00,0.0,102.42857142857143,20.909024218295038,44.86978941705599
2024-10-21 12:38:30.672237085+00:00,0.0,-74.0,7.448637326111585,-29.79441020678628
2024-10-21 12:38:30.672248660+00:00,0.0,131.0,22.011936246197678,42.93211327210259
2024-10-21 12:38:31.614004753+00:00,0.0,57.142857142857146,16.4477789582936,-83.54910664083691
2024-10-21 12:38:32.037724092+00:00,0.0,100.0,-32.998380691154935,-64.50969997006591
2024-10-21 12:38:33.019264575+00:00,0.0,-475.5,368.7542869438798,248.55903505826666
2024-10-21 12:38:33.019275921+00:00,0.0,350.0,-430.7034896780985,-162.96175178421078
2024-10-21 12:38:33.943719177+00:00,0.0,0.0,14.24195490248825,-14.976662114604784
2024-10-21 12:38:33.943719177+00:00,20.0,-20.0,14.161776861738263,-66.73510048923228
2024-10-21 12:38:33.943747947+00:00,0.0,0.0,14.24195490248825,115.26915036318287
2024-10-21 12:38:33.943747947+00:00,128.0,-1206.0,3.3803067774741735,-104.20268161697162
2024-10-21 12:38:33.943769475+00:00,100.0,2248.0,-635.9279242792335,-369.12991800634944
2024-10-21 12:38:33.943773105+00:00,22.0,2260.0,-922.3178124207022,-692.0272179836039
2024-10-21 12:38:33.943783290+00:00,0.0,50.0,-9.378212894333348,81.06311148063438
2024-10-21 12:38:33.943793216+00:00,33.0,33.0,11.454532758191004,110.6631910507992
2024-10-21 12:38:33.943807790+00:00,0.0,16.5,6.447299529537128,-0.37809502243833815
2024-10-21 12:38:33.943810905+00:00,0.0,-359.0,31.170928167404124,-42.46955276248166
2024-10-21 12:38:33.943823630+00:00,0.0,-50.0,37.86212269930987,80.6727822300065
2024-10-21 12:38:33.944141857+00:00,0.0,119.66666666666667,22.336095984355765,-13.142915630242744
2024-10-21 12:38:33.944247536+00:00,100.0,2226.0,-864.9432657686576,-617.6113080487853
2024-10-21 12:38:33.944267088+00:00,0.0,-103.0,7.550760370582498,18.958218211084368
2024-10-21 12:38:33.952228694+00:00,-55.0,-2226.0,937.7636319461053,724.0844919223081
2024-10-21 12:38:33.952250005+00:00,-22.0,-22.0,16.100236332019755,220.59246470503828
2024-10-21 12:38:33.989609591+00:00,0.0,119.66666666666667,22.336095984355765,-5.674909959204032
2024-10-21 12:38:34.050783040+00:00,0.0,33.333333333333336,15.542778407979101,68.16850314850191
2024-10-21 12:38:34.050814299+00:00,0.0,-1074.0,655.9651003136122,619.3432656337039
2024-10-21 12:38:34.203768072+00:00,-1207.0,-2258.0,561.3756777721577,364.5377219844662
2024-10-21 12:38:34.505296009+00:00,-20.0,1225.0,23.84639600836843,-79.25018570779521
2024-10-21 12:38:36.080592393+00:00,0.0,100.5,-33.514744861913904,-99.206729859396
2024-10-21 12:38:36.293829552+00:00,0.0,100.0,-32.998380691154935,41.996221082362055
2024-10-21 12:38:36.493352133+00:00,0.0,-28.571428571428573,13.13904287458559,90.48733353994646
2024-10-21 12:38:36.493362781+00:00,0.0,-74.0,7.448637326111585,-13.245810773546555
2024-10-21 12:38:36.493424304+00:00,2.0,2150.0,-621.8543383044868,-369.9842658404127
2024-10-21 12:38:36.493836095+00:00,0.0,102.42857142857143,20.909024218295038,-34.27788106591957
2024-10-21 12:38:36.497532688+00:00,-1207.0,-2258.0,505.6233417067974,521.1256513855462
2024-10-21 12:38:36.552185914+00:00,0.0,28.571428571428573,15.344866930390925,2.8816611509971652
2024-10-21 12:38:38.241994623+00:00,0.0,-475.5,368.7542869438798,235.3505236185486
2024-10-21 12:38:38.242007311+00:00,0.0,350.0,-430.7034896780985,-337.98612960701723
2024-10-21 12:38:41.493738059+00:00,0.0,66.66666666666667,-89.030879249306,-69.24174352686217
2024-10-21 12:38:41.521748296+00:00,0.0,100.5,-33.514744861913904,5.346711956677732
2024-10-21 12:38:41.531759226+00:00,0.0,-28.571428571428573,13.13904287458559,55.60197991442089
2024-10-21 12:38:41.531773720+00:00,0.0,57.142857142857146,16.4477789582936,-11.5771256877476
2024-10-21 12:38:53.685919391+00:00,-12.0,837.0,22.6447818198851,70.52831902050147
2024-10-21 12:38:53.685955694+00:00,0.0,-131.0,6.471973558778775,85.66309075670748
2024-10-21 12:38:54.308447960+00:00,0.0,-475.5,368.7542869438798,274.2491378501306
2024-10-21 12:38:54.308461200+00:00,0.0,350.0,-430.7034896780985,-457.71352437631316
2024-10-21 12:38:54.572377396+00:00,0.0,66.66666666666667,-89.030879249306,-101.81285860819172
2024-10-21 12:38:57.365590499+00:00,0.0,66.66666666666667,-89.030879249306,-164.70430822352293
2024-10-21 12:39:00.408882228+00:00,0.0,11.333333333333334,15.267158635267641,-137.51663571040302
2024-10-21 12:39:05.885844391+00:00,8.0,-8.0,14.209883686188254,59.1408267777521
2024-10-21 12:39:05.885844391+00:00,-8.0,8.0,14.274026118788251,-62.62048698740894
2024-10-21 12:39:05.885875693+00:00,8.0,-8.0,14.209883686188254,-24.01460817398307
2024-10-21 12:39:05.885875693+00:00,20.0,-1203.0,4.492200369387229,-32.8018901554069
2024-10-21 12:39:05.885899748+00:00,22.0,2260.0,-922.3178124207022,-673.8539589089551
2024-10-21 12:39:05.885911152+00:00,0.0,50.0,-9.378212894333348,-34.36773654476323
2024-10-21 12:39:05.885912895+00:00,0.0,-50.0,37.86212269930987,48.34001471527473
2024-10-21 12:39:05.885925030+00:00,0.0,-1074.0,655.9651003136122,499.04529610912755
2024-10-21 12:39:05.885938282+00:00,69.0,69.0,8.413708600775822,3.3408941168562127
2024-10-21 12:39:05.885953008+00:00,0.0,1103.5,-913.137278974156,-645.5343121213721
2024-10-21 12:39:05.886355387+00:00,100.0,2298.0,-892.0356363228364,-585.5986192155148
2024-10-21 12:39:05.886369948+00:00,0.0,-86.66666666666667,7.420785730237574,23.911622980798835
2024-10-21 12:39:05.886738012+00:00,-91.0,-2298.0,949.3077165103764,750.151596947343
2024-10-21 12:39:05.886757600+00:00,-22.0,-22.0,16.100236332019755,-75.76024778808713
2024-10-21 12:39:05.886783783+00:00,0.0,119.83333333333333,21.012524988586613,45.72630539319937
2024-10-21 12:39:05.981525319+00:00,0.0,33.333333333333336,15.542778407979101,0.3085063556687153
2024-10-21 12:39:05.993765456+00:00,0.0,-1074.0,655.9651003136122,535.980616780594
2024-10-21 12:39:06.136295194+00:00,-1207.0,-2258.0,561.3756777721577,422.9005872870261
2024-10-21 12:39:13.360887776+00:00,0.0,-33.333333333333336,12.941131396997408,100.2535239905885
2024-10-21 12:39:13.360899450+00:00,0.0,66.66666666666667,16.843601913469943,-2.0527087808291324
2024-10-21 12:39:17.310474885+00:00,0.0,-316.6666666666667,368.5180852659114,157.12778529589602
2024-10-21 12:39:17.310488922+00:00,0.0,350.0,-430.7034896780985,-310.0463032621519
2024-10-21 12:39:18.976780060+00:00,0.0,66.66666666666667,-89.030879249306,-207.77838801402373
2024-10-21 12:39:20.364855444+00:00,0.0,100.5,-33.514744861913904,-161.83793227814525
2024-10-21 12:39:30.110092903+00:00,0.0,-475.5,368.7542869438798,84.45366939838559
2024-10-21 12:39:30.110469895+00:00,-2.0,805.0,19.67004055522422,-63.60703982183236
2024-10-21 12:39:30.217424858+00:00,0.0,350.0,-430.7034896780985,-444.1526806924642
2024-10-21 12:39:33.244552009+00:00,0.0,66.66666666666667,-89.030879249306,82.64114440883449
2024-10-21 12:39:34.610960601+00:00,0.0,66.66666666666667,-89.030879249306,-50.121264205033
2024-10-21 12:39:39.685061973+00:00,0.0,-316.6666666666667,368.5180852659114,223.96128387150353
2024-10-21 12:39:39.685074623+00:00,0.0,350.0,-430.7034896780985,-336.57583943435714
2024-10-21 12:39:42.739238162+00:00,0.0,100.5,-33.514744861913904,161.62557648631605
2024-10-21 12:40:00.394502718+00:00,0.0,-55.55555555555556,8.891043608208237,-24.858724685483025
2024-10-21 12:40:02.173786055+00:00,0.0,-74.0,7.448637326111585,-57.03324938796078
2024-10-21 12:40:02.173798644+00:00,0.0,131.0,22.011936246197678,72.41942117541592
2024-10-21 12:40:02.229591880+00:00,200.0,-751.0,351.86081940268417,264.27109370265754
2024-10-21 12:40:06.958241+00:00,0.0,3.0,14.276884562082845,-41.87844981709133
2024-10-21 12:40:16.999383849+00:00,200.0,2258.0,-629.9359125458952,-436.60968011373757
2024-10-21 12:40:17.380243796+00:00,-2.0,811.0,22.335584977535305,32.100880425690086
2024-10-21 12:40:17.380284749+00:00,0.0,-131.0,6.471973558778775,25.552963173539286
2024-10-21 12:40:17.380598808+00:00,0.0,-153.0,4.846990315129859,-60.97649584851765
2024-10-21 12:40:17.408097402+00:00,0.0,33.333333333333336,15.542778407979101,-22.703840194528386
2024-10-21 12:40:21.749588745+00:00,-1207.0,-2158.0,470.7063635549944,307.5244465923274
2024-10-21 12:40:21.749600737+00:00,0.0,525.5,-375.18735529070636,-158.6317355549101
2024-10-21 12:40:21.804263239+00:00,0.0,33.333333333333336,15.542778407979101,11.28515069242447
2024-10-21 12:40:21.819271776+00:00,0.0,-103.0,7.550760370582498,25.621984390936973
2024-10-21 12:40:21.819284628+00:00,0.0,119.66666666666667,22.336095984355765,-13.11450561975915
2024-10-21 12:40:21.827634639+00:00,0.0,-103.0,7.550760370582498,63.35052979313358
2024-10-21 12:40:21.827646959+00:00,0.0,153.0,23.636919489846633,27.69755869252475
2024-10-21 12:40:23.563340523+00:00,2.0,-1178.0,3.196113475240002,22.765095012062265
2024-10-21 12:40:23.563340523+00:00,-2.0,1080.0,24.62938769767511,58.7154209948897
2024-10-21 12:40:23.563363852+00:00,102.0,1070.0,-641.1779788269206,-359.4605174955594
2024-10-21 12:40:23.563369579+00:00,12.0,2250.0,-946.8247241800624,-677.9830927033292
2024-10-21 12:40:23.563375890+00:00,0.0,50.0,-9.378212894333348,36.14473816233679
2024-10-21 12:40:23.563390255+00:00,0.0,712.6666666666666,-891.0197565355959,-753.6966065240915
2024-10-21 12:40:23.563405657+00:00,0.0,-50.0,37.86212269930987,151.12317021500564
2024-10-21 12:40:23.563407672+00:00,0.0,-1119.0,974.2950259325669,585.9215632042452
2024-10-21 12:40:23.663450037+00:00,-100.0,-2248.0,658.6160472046489,351.9074015824375
2024-10-21 12:40:23.663480945+00:00,-1207.0,-2258.0,505.6233417067974,426.5172103953502
2024-10-21 12:40:26.244122626+00:00,200.0,-751.0,351.86081940268417,86.62098933185447
2024-10-21 12:40:29.022903358+00:00,0.0,0.0,14.24195490248825,53.75190418840302
2024-10-21 12:40:29.022903358+00:00,26.0,-1676.0,1.516367800801316,-145.16808789222884
2024-10-21 12:40:29.022924599+00:00,100.0,2358.0,-668.7295143689407,-435.41649138060313
2024-10-21 12:40:29.022930395+00:00,22.0,2270.0,-985.319981653869,-841.4202776810046
2024-10-21 12:40:29.022945958+00:00,100.0,100.0,5.795221131890529,94.71273643123605
2024-10-21 12:40:29.022960110+00:00,0.0,746.0,-1008.9807059274212,-612.9144743778129
2024-10-21 12:40:29.022972653+00:00,0.0,-1124.0,1011.9456100293144,855.0568729482475
2024-10-21 12:40:29.123013019+00:00,-22.0,-22.0,16.100236332019755,18.2804051012472
2024-10-21 12:40:29.123043558+00:00,0.0,-1129.0,688.7666904033197,477.4490600689095
2024-10-21 12:40:29.273765083+00:00,-1407.0,-2358.0,487.59983109618963,470.6508163697273
2024-10-21 12:40:30.031246441+00:00,6.0,-6.0,14.217901490263255,186.38194848888992
2024-10-21 12:40:37.175837697+00:00,-4.0,1174.0,25.260884474216912,-16.346914205658635
2024-10-21 12:40:40.431312990+00:00,5.0,2263.0,-660.705117286873,-470.9576008479639
2024-10-21 12:40:41.079843018+00:00,0.0,2.5,14.271062952150414,27.569372353363452
2024-10-21 12:40:43.053712683+00:00,0.0,-223.6,4.876616078086871,4.445414703167465
2024-10-21 12:40:43.053725029+00:00,0.0,203.6,24.406563898115486,27.215604733292054
2024-10-21 12:40:43.108858295+00:00,0.0,1074.0,-903.8090338693651,-721.8493603438219
2024-10-21 12:40:43.193105037+00:00,0.0,-1029.0,641.5263548096764,499.55564123215186
2024-10-21 12:40:43.193118012+00:00,0.0,235.0,-341.8694010302401,-312.14599097384695
2024-10-21 12:40:45.077306659+00:00,0.0,80.0,17.715369366209707,37.44452349152168
2024-10-21 12:40:46.195504516+00:00,0.0,50.0,-94.85579068605091,-63.35172151408489
2024-10-21 12:40:46.250031571+00:00,0.0,-50.0,123.3397004910274,109.39148249691371
2024-10-21 12:40:46.250043946+00:00,0.0,-216.66666666666666,252.64173117948636,111.7749421564689
2024-10-21 12:40:48.678914166+00:00,0.0,-66.66666666666667,117.51478905428252,75.33260718630213
2024-10-21 12:40:48.678925835+00:00,0.0,285.0,-450.9671466187793,-383.3498573931306
2024-10-21 12:40:49.116948486+00:00,0.0,-50.0,123.3397004910274,144.6072236419835
2024-10-21 12:40:51.221298867+00:00,0.0,50.0,-94.85579068605091,-87.53133336064761
2024-10-21 12:40:51.681330922+00:00,0.0,50.0,-94.85579068605091,-48.04334515853792
2024-10-21 12:40:51.735734347+00:00,0.0,-50.0,123.3397004910274,139.37251959631544
2024-10-21 12:40:51.735746270+00:00,0.0,-216.66666666666666,252.64173117948636,126.82782566380193
2024-10-21 12:40:53.780616919+00:00,0.0,-66.66666666666667,117.51478905428252,-20.81179656229312
2024-10-21 12:40:53.780629438+00:00,0.0,235.0,-341.8694010302401,-360.1789735630249
2024-10-21 12:40:54.935490253+00:00,0.0,50.0,-94.85579068605091,12.367706662169201
2024-10-21 12:40:56.836324617+00:00,0.0,-50.0,123.3397004910274,241.6992899256613
2024-10-21 12:40:56.836337009+00:00,0.0,-325.0,308.67422973763746,189.19004611772291
2024-10-21 12:41:00.787986040+00:00,0.0,71.85714285714286,20.952554076772213,132.60993831073392
2024-10-21 12:41:02.958639135+00:00,0.0,0.0,14.24195490248825,-24.391428000483064
2024-10-21 12:41:02.958639135+00:00,25.0,-1177.0,4.14446264353807,-56.36038033468962
2024-10-21 12:41:02.958662045+00:00,100.0,2253.0,-969.4692745879553,-587.6704036035242
2024-10-21 12:41:02.958679653+00:00,-5.0,-2263.0,689.1890270918494,674.2289477866095
2024-10-21 12:41:02.959797070+00:00,100.0,100.0,5.795221131890529,-4.674784309815569
2024-10-21 12:41:07.396314590+00:00,0.0,100.0,16.731025590997,95.28589835375595
2024-10-21 12:41:24.040771450+00:00,0.0,-100.0,61.48229049613145,24.862903121372504
2024-10-21 12:41:24.040783567+00:00,0.0,313.6666666666667,-336.58997832143785,-205.28244673222173
2024-10-21 12:41:24.096538706+00:00,0.0,100.0,16.731025590997,-91.76814488422951
2024-10-21 12:41:33.732685313+00:00,0.0,100.0,16.731025590997,-54.630845134205174
2024-10-21 12:41:36.846722252+00:00,0.0,66.66666666666667,-89.030879249306,-77.66166910899723
2024-10-21 12:41:37.867616118+00:00,-1207.0,-2258.0,505.6233417067974,286.6053647335914
2024-10-21 12:41:37.867616118+00:00,105.0,2253.0,-630.5544740882021,-546.5391333437992
2024-10-21 12:41:37.867616118+00:00,-5.0,-5.0,14.664291591018138,26.37437973761468
2024-10-21 12:41:37.867639685+00:00,-1307.0,-1081.0,517.1862085641329,291.7982610591065
2024-10-21 12:41:37.867644597+00:00,-104.0,104.0,14.658880714388197,153.3257364711825
2024-10-21 12:41:37.867652188+00:00,-100.0,100.0,14.642845106238205,123.80771862707756
2024-10-21 12:41:37.867653690+00:00,-100.0,100.0,14.642845106238205,32.380670847577704
2024-10-21 12:41:37.867677809+00:00,0.0,-475.5,368.7542869438798,171.02135548033743
2024-10-21 12:41:37.867682285+00:00,100.0,-100.0,13.841064698738304,-46.57029159397148
2024-10-21 12:41:37.867702926+00:00,100.0,-100.0,13.841064698738304,68.38130310447319
2024-10-21 12:41:37.867737436+00:00,100.0,-100.0,13.841064698738304,-31.973396275167765
2024-10-21 12:41:37.867893701+00:00,100.0,-100.0,13.841064698738304,-13.940080876360303
2024-10-21 12:41:37.868002083+00:00,-128.0,128.0,14.755094363288185,95.74312763335307
2024-10-21 12:41:37.870051229+00:00,-128.0,1336.0,24.562302633734383,75.86682468869611
2024-10-21 12:41:37.872277341+00:00,0.0,-86.66666666666667,7.420785730237574,-30.668056480531824
2024-10-21 12:41:37.872417981+00:00,0.0,0.0,14.24195490248825,-21.787740903354784
2024-10-21 12:41:37.872417981+00:00,132.0,-909.0,6.104133932222612,-20.154744257131217
2024-10-21 12:41:37.872438670+00:00,100.0,2158.0,-621.4891787752975,-362.95595116086344
2024-10-21 12:41:37.872439572+00:00,4.0,-4.0,14.22591929433825,-48.42014170561021
2024-10-21 12:41:37.872443112+00:00,0.0,1024.0,-880.1888660725436,-615.0781790017891
2024-10-21 12:41:37.872449092+00:00,0.0,662.0,-873.0320234594157,-751.407252359111
2024-10-21 12:41:37.872453115+00:00,-200.0,-2196.0,913.2837561643678,531.6993351566276
2024-10-21 12:41:37.872464745+00:00,-100.0,-100.0,22.68868867308598,-27.08774863123642
2024-10-21 12:41:37.872736622+00:00,-48.0,-2106.0,645.5807870195632,582.0243634723472
2024-10-21 12:41:37.948619585+00:00,0.0,235.0,-341.8694010302401,-440.96595180491204
2024-10-21 12:41:37.957880869+00:00,0.0,50.0,-94.85579068605091,-35.92982877424049
2024-10-21 12:41:37.973766387+00:00,-1207.0,-2458.0,664.648511923952,528.8991738391754
2024-10-21 12:41:37.973822964+00:00,0.0,184.0,24.536538538460395,-88.9684521477963
2024-10-21 12:41:39.067873779+00:00,0.0,-66.66666666666667,117.51478905428252,160.54069007726187
2024-10-21 12:41:39.067885587+00:00,0.0,-316.6666666666667,368.5180852659114,236.29285436943312
2024-10-21 12:41:39.067896733+00:00,0.0,416.6666666666667,-533.9763238298927,-469.5520074846412
2024-10-21 12:41:40.032433370+00:00,0.0,40.0,15.978662134348994,-125.23627863332797
2024-10-21 12:41:44.073298694+00:00,0.0,-316.6666666666667,368.5180852659114,305.5166765963768
2024-10-21 12:41:44.073310878+00:00,0.0,186.25,-270.1543390923212,-258.17058438893037
2024-10-21 12:41:47.949975113+00:00,0.0,-124.0,7.500702018786131,-47.41912933212835
2024-10-21 12:41:47.949987830+00:00,0.0,184.0,24.536538538460395,126.44473724697654
2024-10-21 12:41:49.849454965+00:00,0.0,0.0,14.24195490248825,-4.814734665401657
2024-10-21 12:41:49.849454965+00:00,70.0,-70.0,13.96133175986329,-44.879738008517855
2024-10-21 12:41:49.849491539+00:00,0.0,0.0,14.24195490248825,185.16881846750553
2024-10-21 12:41:49.849491539+00:00,25.0,-1177.0,4.14446264353807,101.63856634917259
2024-10-21 12:41:49.849513942+00:00,100.0,2448.0,-758.4021343869894,-573.2869612866061
2024-10-21 12:41:49.849516947+00:00,0.0,1180.0,-992.4705522214769,-662.6613312304041
2024-10-21 12:41:49.849522698+00:00,0.0,-50.0,12.997419558233883,90.5856789296204
2024-10-21 12:41:49.849526401+00:00,0.0,1201.0,-980.436007249299,-751.5619102961156
2024-10-21 12:41:49.849539343+00:00,0.0,-21.333333333333332,47.289261831062404,-4.436265720093484
2024-10-21 12:41:49.849546854+00:00,0.0,795.6666666666666,-736.8651131977779,-528.9798552355518
2024-10-21 12:41:49.849557265+00:00,-86.0,-2488.0,1006.0982583565228,724.41377494995
2024-10-21 12:41:49.849565635+00:00,0.0,-1201.0,1030.8749325011186,801.0249046780341
2024-10-21 12:41:49.849576958+00:00,-22.0,-22.0,16.100236332019755,188.31890481167676
2024-10-21 12:41:49.849586071+00:00,0.0,-280.0,4.901083616214844,7.850666626708127
2024-10-21 12:41:49.849970156+00:00,100.0,2466.0,-970.2936308725739,-706.0276107900456
2024-10-21 12:41:49.850361832+00:00,-64.0,-2466.0,1036.2808421143009,722.200316548551
2024-10-21 12:41:49.938320730+00:00,0.0,205.0,22.22774313044472,111.77975467769595
2024-10-21 12:41:49.953764722+00:00,0.0,-1174.0,778.4393104213682,574.8607144800534
2024-10-21 12:41:49.953824187+00:00,0.0,50.0,15.48649024674262,86.20663504805717
2024-10-21 12:41:50.099656448+00:00,-1207.0,-2458.0,661.5904334196609,343.77467616373826
2024-10-21 12:41:54.605026768+00:00,0.0,-50.0,12.997419558233883,0.1890056689889601
2024-10-21 12:41:54.605038914+00:00,0.0,100.0,16.731025590997,-74.0405670831475
2024-10-21 12:42:00.451273152+00:00,0.0,-183.5,5.024236192795071,-3.5586829523765484
2024-10-21 12:42:01.205791497+00:00,0.0,123.8,20.941832970553314,-32.02170140367656
2024-10-21 12:42:01.410378914+00:00,0.0,-306.3333333333333,5.959396623893317,-18.399121238607584
2024-10-21 12:42:01.558207688+00:00,0.0,-66.66666666666667,13.152951679960573,-50.98589796935232
2024-10-21 12:42:01.558220271+00:00,0.0,254.75,23.430903659062057,55.497623654289725
2024-10-21 12:42:06.188932979+00:00,0.0,-15.0,-98.79148927095758,-146.04828043533377
2024-10-21 12:42:06.243954716+00:00,0.0,416.6666666666667,-533.9763238298927,-482.8731650276701
2024-10-21 12:42:10.521164045+00:00,0.0,-316.6666666666667,368.5180852659114,204.806216514818
2024-10-21 12:42:10.521177517+00:00,0.0,133.33333333333334,-192.3037134011001,-284.132135679993
2024-10-21 12:42:11.086778743+00:00,0.0,-459.5,6.034715387851993,-47.4078205787292
2024-10-21 12:42:11.425996730+00:00,0.0,416.6666666666667,-533.9763238298927,-389.9051140675539
2024-10-21 12:42:11.745252868+00:00,200.0,2548.0,-753.4724036383706,-498.2502851829862
2024-10-21 12:42:11.816393127+00:00,0.0,-212.5,355.91456533128064,237.02651205307853
2024-10-21 12:42:11.816406103+00:00,0.0,100.0,-203.95353627459002,-86.99063335747884
2024-10-21 12:42:14.032586828+00:00,0.0,100.0,15.406276888974592,85.5426848872859
2024-10-21 12:42:16.054252982+00:00,0.0,-100.0,13.077632916001908,-98.58914560192663
2024-10-21 12:42:16.818985957+00:00,0.0,-100.0,232.4374460795665,259.93753422839256
2024-10-21 12:42:16.818999497+00:00,0.0,127.0,-188.87180352693443,-131.86506703498094
2024-10-21 12:42:19.054770676+00:00,0.0,100.0,15.406276888974592,69.03926866206658
2024-10-21 12:42:19.821163900+00:00,-20.0,1196.0,24.06741047397226,130.11001636479028
2024-10-21 12:42:19.929575144+00:00,0.0,-66.66666666666667,13.152951679960573,-0.19550410265802043
2024-10-21 12:42:20.703092700+00:00,0.0,13.75,-137.75273345685883,-196.53753493292774
2024-10-21 12:42:20.703225651+00:00,0.0,-66.66666666666667,13.152951679960573,-17.574157075053748
2024-10-21 12:42:20.703237243+00:00,0.0,183.8,24.515191060113857,82.17005508875727
2024-10-21 12:42:20.754943741+00:00,0.0,-66.66666666666667,129.16461192777226,-13.37707253271347
2024-10-21 12:42:23.772177586+00:00,0.0,0.0,14.24195490248825,-104.17555147416508
2024-10-21 12:42:23.772177586+00:00,25.0,-1176.0,4.185837459175145,49.06926443355907
2024-10-21 12:42:23.772200068+00:00,100.0,2448.0,-1021.3535132285017,-821.5253220578971
2024-10-21 12:42:23.772203446+00:00,1.0,1.0,14.157487564782274,1.065803386378139
2024-10-21 12:42:23.772211976+00:00,100.0,100.0,5.795221131890529,-58.379604461456374
2024-10-21 12:42:23.772224573+00:00,-200.0,-200.0,31.135422443683723,-138.71469393842688
2024-10-21 12:42:23.772481783+00:00,4.0,4.0,13.904085551664341,120.60561094198103
2024-10-21 12:42:23.772771136+00:00,100.0,100.0,5.795221131890529,32.58533150486383
2024-10-21 12:42:23.772877430+00:00,-4.0,-4.0,14.57982425331217,12.71931930754609
2024-10-21 12:42:23.872284029+00:00,-1.0,-1.0,14.326422240194224,-25.128640720066965
2024-10-21 12:42:23.872761380+00:00,-200.0,-2458.0,761.6926565026658,429.74992711920197
2024-10-21 12:42:26.754101871+00:00,100.0,100.0,5.795221131890529,16.844400893849972
2024-10-21 12:42:26.765613859+00:00,-100.0,-100.0,22.68868867308598,-12.028692722136668
2024-10-21 12:42:30.983584342+00:00,100.0,2448.0,-1021.3535132285017,-788.5208416123293
2024-10-21 12:42:30.983588965+00:00,100.0,100.0,5.795221131890529,55.792995431920026
2024-10-21 12:42:30.983623729+00:00,0.0,-279.75,4.870393401365596,2.774946745450549
2024-10-21 12:42:30.983765496+00:00,128.0,-1356.0,1.0224640119060866,93.59685472244009
2024-10-21 12:42:30.983765496+00:00,-25.0,1276.0,24.480685090350192,27.332248364635237
2024-10-21 12:42:30.983765496+00:00,20.0,-20.0,14.161776861738263,-42.241012084341634
2024-10-21 12:42:30.983788140+00:00,228.0,1282.0,-1104.0447032215388,-756.5438023291972
2024-10-21 12:42:30.983791844+00:00,1.0,2539.0,-908.7100782710107,-590.9569755873075
2024-10-21 12:42:30.983802784+00:00,0.0,50.0,-9.378212894333348,-26.238411763512655
2024-10-21 12:42:30.983848403+00:00,0.0,-50.0,37.86212269930987,100.34993019966066
2024-10-21 12:42:30.983906995+00:00,0.0,-1269.0,1110.8623883653356,809.8648192081569
2024-10-21 12:42:30.984034903+00:00,0.0,-50.0,37.86212269930987,29.67306652081107
2024-10-21 12:42:30.984200479+00:00,0.0,-40.0,97.8607204544244,46.85209764636936
2024-10-21 12:42:31.054258517+00:00,0.0,40.0,-69.3768106494479,-165.14362898026883
2024-10-21 12:42:31.083872223+00:00,-100.0,-2448.0,1049.8374230334784,810.5457585624156
2024-10-21 12:42:31.083896105+00:00,-200.0,-2458.0,761.6926565026658,496.65090970795893
2024-10-21 12:42:31.083924688+00:00,0.0,506.3333333333333,25.791522848666244,57.11211330291411
2024-10-21 12:42:33.976481607+00:00,0.0,0.0,14.24195490248825,51.13552067873976
2024-10-21 12:42:36.344215669+00:00,0.0,0.0,14.24195490248825,116.22735351587797
2024-10-21 12:42:36.344215669+00:00,25.0,-25.0,14.141732351550766,-168.90660013487673
2024-10-21 12:42:36.344222466+00:00,100.0,2448.0,-1021.3535132285017,-660.8442081791984
2024-10-21 12:42:36.344292494+00:00,0.0,-66.66666666666667,13.152951679960573,-51.75807318201971
2024-10-21 12:42:36.344360943+00:00,4.0,-1428.0,0.37853231779939955,-2.983867736238141
2024-10-21 12:42:36.344373155+00:00,200.0,-1487.0,0.360706473712834,-20.083451420548602
2024-10-21 12:42:36.344395418+00:00,1.0,-1347.0,4.917062481868965,-81.47027730742747
2024-10-21 12:42:36.344594234+00:00,-200.0,-2458.0,761.6926565026658,580.1938636749243
2024-10-21 12:42:36.358702428+00:00,-200.0,1487.0,28.123203331263714,119.44835900359146
2024-10-21 12:42:36.404131118+00:00,-200.0,200.0,15.043735309988147,-18.290435523687982
2024-10-21 12:42:36.415666105+00:00,1.0,-1347.0,4.917062481868965,-90.32033897899244
2024-10-21 12:42:36.453978311+00:00,0.0,743.0,28.47992330031773,-69.61686738478865
2024-10-21 12:42:36.465458984+00:00,0.0,313.6666666666667,-336.58997832143785,-141.15879948102048
2024-10-21 12:42:38.411817639+00:00,0.0,-283.6666666666667,356.43092950203965,269.7394177668597
2024-10-21 12:42:38.411830877+00:00,0.0,66.66666666666667,-89.030879249306,55.99042296609909
2024-10-21 12:42:38.411863606+00:00,0.0,-66.66666666666667,117.51478905428252,-71.20758693395814
2024-10-21 12:42:38.415564347+00:00,0.0,285.0,-450.9671466187793,-350.40671565496467
2024-10-21 12:42:39.481634033+00:00,0.0,100.0,15.406276888974592,-21.847751736264936
2024-10-21 12:42:40.604433391+00:00,0.0,-216.66666666666666,252.64173117948636,203.37944305431455
2024-10-21 12:42:42.254261471+00:00,0.0,100.0,15.406276888974592,21.913441387363058
2024-10-21 12:42:43.909239345+00:00,0.0,0.0,14.24195490248825,16.545571100068507
2024-10-21 12:43:00.284425512+00:00,0.0,302.0,26.826234725609076,66.7925359942975
2024-10-21 12:43:02.784844745+00:00,0.0,313.6666666666667,-336.58997832143785,-101.22834049218716
2024-10-21 12:43:04.015686328+00:00,0.0,-283.6666666666667,356.43092950203965,344.3981371111966
2024-10-21 12:43:04.015699115+00:00,0.0,66.66666666666667,-89.030879249306,-44.82437883056768
2024-10-21 12:43:05.959981783+00:00,-128.0,1449.0,25.190790482021743,3.7442415065253067
2024-10-21 12:43:06.083701725+00:00,0.0,-408.3333333333333,1.5651098054526154,140.89604333635356
2024-10-21 12:43:06.083715131+00:00,0.0,440.0,24.671829411289362,-22.979240015641324
2024-10-21 12:43:06.092775798+00:00,0.0,-408.3333333333333,1.5651098054526154,-78.40577207067261
2024-10-21 12:43:06.092788627+00:00,0.0,440.0,24.671829411289362,139.12338099268013
2024-10-21 12:43:06.106459675+00:00,0.0,66.66666666666667,15.330958125015929,-14.12427160738801
2024-10-21 12:43:06.158293160+00:00,0.0,-66.66666666666667,13.152951679960573,48.02576662573388
2024-10-21 12:43:06.158305704+00:00,0.0,133.33333333333334,16.41996134754361,159.45794864911016
2024-10-21 12:43:06.163468352+00:00,0.0,200.5,16.57604389157358,47.73693956043542
2024-10-21 12:43:07.470875+00:00,0.0,-66.66666666666667,117.51478905428252,52.933974662764754
2024-10-21 12:43:07.577428252+00:00,0.0,235.0,-341.8694010302401,-340.9042333866606
2024-10-21 12:43:08.751885580+00:00,0.0,50.0,-94.85579068605091,-151.10672213339313
2024-10-21 12:43:08.806020808+00:00,0.0,-50.0,123.3397004910274,35.77982673736888
2024-10-21 12:43:08.806033885+00:00,0.0,67.0,-89.57636797724865,-27.535258946166593
2024-10-21 12:43:09.027088703+00:00,0.0,200.0,16.570598875460938,-7.336255450953146
2024-10-21 12:43:12.901407951+00:00,0.0,-283.6666666666667,356.43092950203965,446.7349487636939
2024-10-21 12:43:12.901420094+00:00,0.0,235.0,-341.8694010302401,-262.9506647987072
2024-10-21 12:43:12.919836141+00:00,0.0,200.0,16.570598875460938,11.487650978888986
2024-10-21 12:43:13.063028062+00:00,0.0,-216.66666666666666,252.64173117948636,162.93442156024014
2024-10-21 12:43:18.819511842+00:00,0.0,-66.66666666666667,117.51478905428252,100.25442321417604
2024-10-21 12:43:18.890070389+00:00,0.0,66.66666666666667,-89.030879249306,-93.55911130859283
2024-10-21 12:43:19.118949471+00:00,-200.0,1349.0,24.714383386818138,-114.60939725174974
2024-10-21 12:43:27.312017427+00:00,50.0,2398.0,-1017.1301463432029,-721.5569635037589
2024-10-21 12:43:28.682580695+00:00,0.0,-50.0,123.3397004910274,45.51306165630481
2024-10-21 12:43:28.682593294+00:00,0.0,186.0,-273.04232036032806,-250.5945994918755
2024-10-21 12:43:28.718720+00:00,0.0,133.33333333333334,16.41996134754361,51.32880665746483
2024-10-21 12:43:28.737428528+00:00,0.0,-460.5,6.059960586588537,9.398285813559461
2024-10-21 12:43:29.526405527+00:00,0.0,40.0,-69.3768106494479,-86.33688944106976
2024-10-21 12:43:29.583993815+00:00,0.0,-40.0,97.8607204544244,2.8379804786818177
2024-10-21 12:43:29.584006831+00:00,0.0,100.25,-204.3716301023497,-287.53311067111815
2024-10-21 12:43:29.841228100+00:00,0.0,-100.0,13.077632916001908,9.3651522165279
2024-10-21 12:43:29.841240098+00:00,0.0,273.6666666666667,22.078433685439318,106.35566849822027
2024-10-21 12:43:29.895971250+00:00,0.0,100.0,-203.95353627459002,-9.357946350815567
2024-10-21 12:43:30.016726563+00:00,0.0,66.66666666666667,15.330958125015929,-73.39836359387508
2024-10-21 12:43:31.026157327+00:00,0.0,-185.25,261.80105397462023,166.68292543759355
2024-10-21 12:43:31.026169913+00:00,0.0,186.0,-273.04232036032806,-155.90764902301922
2024-10-21 12:43:32.777462165+00:00,128.0,-1449.0,3.2181771528159215,-45.31715109563948
2024-10-21 12:43:32.778470496+00:00,-200.0,-2348.0,672.8585678548077,581.2507891903207
2024-10-21 12:43:32.778470496+00:00,0.0,0.0,14.24195490248825,-16.2475290705342
2024-10-21 12:43:32.778470496+00:00,50.0,2388.0,-948.3030656732913,-680.5982704392281
2024-10-21 12:43:32.778497265+00:00,-300.0,-1386.0,682.1064891027613,441.3968275729817
2024-10-21 12:43:32.778508908+00:00,0.0,349.3333333333333,23.34041867533446,40.97447988353495
2024-10-21 12:43:32.778520533+00:00,0.0,122.25,18.153365068485137,14.48197623164479
2024-10-21 12:43:32.778523795+00:00,13.0,-1002.0,5.374971971820899,63.63868949097751
2024-10-21 12:43:32.778533623+00:00,0.0,-445.0,5.231918780176488,-18.553866617327
2024-10-21 12:43:32.778543405+00:00,41.0,-990.0,5.495945064648435,-23.994547003645902
2024-10-21 12:43:32.778545123+00:00,0.0,-212.5,355.91456533128064,333.7946671633216
2024-10-21 12:43:32.843469885+00:00,0.0,127.0,-188.87180352693443,-205.34843225335337
2024-10-21 12:43:32.863795827+00:00,0.0,0.0,14.24195490248825,114.27184756572787
2024-10-21 12:43:32.864010296+00:00,100.0,2638.0,-1042.9611846704172,-713.474206303562
2024-10-21 12:43:32.864353459+00:00,-200.0,-2548.0,795.3327779625635,472.9420717554708
2024-10-21 12:43:32.875672259+00:00,100.0,2638.0,-1042.9611846704172,-701.8682362704665
2024-10-21 12:43:32.883762376+00:00,128.0,-1449.0,3.2181771528159215,137.9246940799949
2024-10-21 12:43:32.960428938+00:00,0.0,0.0,14.24195490248825,-62.34883073789094
2024-10-21 12:43:32.961014516+00:00,0.0,0.0,14.24195490248825,18.44364793340522
2024-10-21 12:43:32.961014516+00:00,65.0,-65.0,13.981376270050786,15.140280130068358
2024-10-21 12:43:33.006751243+00:00,0.0,141.0,-247.73254402289564,-230.54833208961358
2024-10-21 12:43:33.219553558+00:00,0.0,40.0,-69.3768106494479,-205.09444894919494
2024-10-21 12:43:33.275878319+00:00,0.0,-40.0,97.8607204544244,57.67691271747714
2024-10-21 12:43:33.275890776+00:00,0.0,80.0,-152.99557620138398,-247.18993367948582
2024-10-21 12:43:48.778340231+00:00,10.0,2548.0,-1024.8390314097237,-835.2525521805378
2024-10-21 12:43:49.327571719+00:00,0.0,80.2,-153.3487558714304,48.41522361632191
2024-10-21 12:43:54.884512067+00:00,0.0,-1269.0,1107.0129393179277,904.1600571218717
2024-10-21 12:43:59.424379492+00:00,-200.0,-1026.0,2.361068603020073,-57.43798674166987
2024-10-21 12:43:59.523974366+00:00,200.0,-200.0,13.440174494988359,-82.85609854130207
2024-10-21 12:43:59.523987613+00:00,0.0,200.0,16.570598875460938,-1.7550331807021458
2024-10-21 12:43:59.578697454+00:00,0.0,-180.33333333333334,158.52821982282592,108.28461769521414
2024-10-21 12:44:00.291904704+00:00,0.0,-317.25,1.2608737650600184,-2.0127556406585927
2024-10-21 12:44:01.574475139+00:00,0.0,-66.66666666666667,117.51478905428252,-6.304174550893041
2024-10-21 12:44:01.574487162+00:00,0.0,232.75,-298.9393942246907,-223.95637821890185
2024-10-21 12:44:01.597349974+00:00,0.0,0.0,14.24195490248825,-54.29779260108499
2024-10-21 12:44:01.597349974+00:00,-390.0,-471.0,683.0523052232226,476.4734833725994
2024-10-21 12:44:01.597372308+00:00,0.0,841.0,27.027784100459073,69.49161930686262
2024-10-21 12:44:01.597376739+00:00,0.0,594.0,25.38670733857336,-20.663937268239156
2024-10-21 12:44:01.597388458+00:00,0.0,252.75,24.370944010327108,205.45048096472823
2024-10-21 12:44:01.597398797+00:00,0.0,-370.3333333333333,3.518728269995067,-187.5528860280807
2024-10-21 12:44:01.597405484+00:00,0.0,572.5,25.148780178354205,-43.23670783010436
2024-10-21 12:44:01.597418633+00:00,0.0,-283.6666666666667,356.43092950203965,249.64489347190707
2024-10-21 12:44:01.597710823+00:00,0.0,-203.8,4.068662370701696,-157.79597639673727
2024-10-21 12:44:01.631410923+00:00,0.0,183.8,24.515191060113857,75.02846357978726
2024-10-21 12:44:01.665008249+00:00,0.0,133.33333333333334,-192.3037134011001,-92.26509492747849
2024-10-21 12:44:01.697457905+00:00,0.0,-349.3333333333333,4.895100678647885,-21.020723512199165
2024-10-21 12:44:01.697487107+00:00,0.0,-506.3333333333333,2.6923869563103073,-28.258572005200232
2024-10-21 12:44:01.723656057+00:00,0.0,66.66666666666667,15.330958125015929,53.04796494434423
2024-10-21 12:44:03.939688098+00:00,0.0,66.66666666666667,15.330958125015929,36.318005184052
2024-10-21 12:44:10.095362898+00:00,128.0,-1552.0,-0.1185715348505253,60.372642094187654
2024-10-21 12:44:10.112254651+00:00,-100.0,1547.0,25.848575901239766,-54.45786838904784
2024-10-21 12:44:10.112739141+00:00,128.0,-1552.0,-0.1185715348505253,-54.13018879110898
2024-10-21 12:44:10.125962951+00:00,0.0,0.0,14.24195490248825,-19.899592376759703
2024-10-21 12:44:10.125962951+00:00,-90.0,-90.0,21.844015296026207,21.541769712844932
2024-10-21 12:44:10.126029110+00:00,0.0,-133.33333333333334,220.78762320607672,141.26532636211715
2024-10-21 12:44:10.126259301+00:00,0.0,662.5,24.737449285733145,20.643250057480284
2024-10-21 12:44:10.130353938+00:00,0.0,-712.0,0.39456792594941836,12.97376623630624
2024-10-21 12:44:10.130410348+00:00,0.0,235.0,-341.8694010302401,-386.11036304944696
2024-10-21 12:44:10.139163189+00:00,-1207.0,-2258.0,561.3756777721577,436.54793624955926
2024-10-21 12:44:10.157454473+00:00,0.0,66.66666666666667,-89.030879249306,11.290764211231131
2024-10-21 12:44:10.210284689+00:00,0.0,-66.66666666666667,117.51478905428252,44.75194353994739
2024-10-21 12:44:10.210294376+00:00,0.0,-316.6666666666667,368.5180852659114,167.9153526007575
2024-10-21 12:44:10.228540017+00:00,0.0,350.0,-430.7034896780985,-331.393397594856
2024-10-21 12:44:22.659115608+00:00,1.0,2149.0,-627.5656578463419,-553.317435776296
2024-10-21 12:44:24.320346216+00:00,0.0,0.0,14.24195490248825,25.16835976503864
2024-10-21 12:44:24.320346216+00:00,-1207.0,-2258.0,561.3756777721577,400.22633699821296
2024-10-21 12:44:24.320371608+00:00,-1.0,1448.0,25.451694599527332,222.451830168196
2024-10-21 12:44:24.328088877+00:00,0.0,-316.6666666666667,368.5180852659114,185.01569354115347
2024-10-21 12:44:24.329087388+00:00,0.0,3.0,14.276884562082845,-51.32422224595279
2024-10-21 12:44:24.329391498+00:00,-4.0,4.0,14.257990510638248,76.55412516196039
2024-10-21 12:44:24.329400563+00:00,0.0,526.5,23.498161467144413,-131.5020545062423
2024-10-21 12:44:24.329919574+00:00,0.0,-726.5,3.001294447892089,-6.931379111598929
2024-10-21 12:44:24.333182245+00:00,0.0,-3.0,14.20702524289366,-46.64642810220536
2024-10-21 12:44:24.367829695+00:00,4.0,-4.0,14.22591929433825,-12.690938207013676
2024-10-21 12:44:24.396882356+00:00,0.0,416.6666666666667,-533.9763238298927,-451.52725662481816
2024-10-21 12:44:24.420452931+00:00,128.0,-1552.0,-0.1185715348505253,-119.02388761008612
2024-10-21 12:44:29.399741197+00:00,0.0,-316.6666666666667,368.5180852659114,215.19487992818594
2024-10-21 12:44:29.399754078+00:00,0.0,186.25,-270.1543390923212,-186.07217387421446
2024-10-21 12:44:37.204838096+00:00,0.0,0.0,14.24195490248825,-25.12041815187951
2024-10-21 12:44:37.267315101+00:00,100.0,-100.0,13.841064698738304,-80.88564883398811
2024-10-21 12:44:37.267315101+00:00,-100.0,100.0,14.642845106238205,4.437115798922521
2024-10-21 12:44:37.267346130+00:00,200.0,2348.0,-758.803024590739,-569.6337140693971
2024-10-21 12:44:37.267377859+00:00,0.0,-643.5,1.1624868812127263,101.73113679331834
2024-10-21 12:44:37.371918862+00:00,0.0,712.0,28.089341879027117,38.3535778012823
2024-10-21 12:44:37.372688632+00:00,-1207.0,-2458.0,661.5904334196609,673.654247613518
2024-10-21 12:44:43.997940262+00:00,0.0,301.6666666666667,-467.7755210121615,-331.819934973935
2024-10-21 12:44:43.997952400+00:00,0.0,-643.5,1.1624868812127263,114.05041833993667
2024-10-21 12:44:43.997963233+00:00,0.0,712.0,28.089341879027117,23.114179518056893
2024-10-21 12:44:44.082882873+00:00,0.0,100.0,15.406276888974592,142.53639152832815
2024-10-21 12:44:49.032770567+00:00,0.0,-316.6666666666667,368.5180852659114,224.6406399712785
2024-10-21 12:44:49.032784585+00:00,0.0,186.25,-270.1543390923212,-311.281472236327
2024-10-21 12:44:56.110568275+00:00,100.0,2448.0,-758.4021343869894,-522.4888956267778
2024-10-21 12:44:56.111500132+00:00,0.0,0.0,14.24195490248825,117.45977663668315
2024-10-21 12:44:59.972308166+00:00,10.0,2448.0,-1011.7389564800576,-739.481706141798
2024-10-21 12:44:59.972823933+00:00,0.0,-1174.0,778.4393104213682,518.973096876931
2024-10-21 12:45:00.466069449+00:00,0.0,0.0,14.24195490248825,-15.071543445714928
2024-10-21 12:45:00.466069449+00:00,200.0,-1487.0,0.360706473712834,-89.75465887808528
2024-10-21 12:45:00.466091166+00:00,100.0,2448.0,-998.0828658564567,-703.9292826336984
2024-10-21 12:45:00.466096527+00:00,6.0,2354.0,-942.9732963140834,-733.237731342925
2024-10-21 12:45:00.466104495+00:00,0.0,50.0,-9.378212894333348,7.534008765046449
2024-10-21 12:45:00.466110782+00:00,0.0,38.0,-3.709372623096162,28.64746341992422
2024-10-21 12:45:00.466138376+00:00,0.0,-50.0,37.86212269930987,141.85472276268177
2024-10-21 12:45:00.466144715+00:00,0.0,-50.0,37.86212269930987,93.07953484927985
2024-10-21 12:45:00.466331776+00:00,1.0,-1347.0,4.917062481868965,-26.9826727590665
2024-10-21 12:45:00.534396965+00:00,0.0,150.83333333333334,-225.63736093533234,-164.519256013882
2024-10-21 12:45:00.566178995+00:00,-76.0,-2424.0,1017.7235729965983,692.7390923526561
2024-10-21 12:45:00.566206580+00:00,-10.0,-2358.0,765.9075192792113,531.9193603321984
2024-10-21 12:45:00.576961798+00:00,-400.0,1687.0,28.924983738763558,-63.23280940555564
2024-10-21 12:45:00.732087701+00:00,0.0,50.0,-94.85579068605091,50.99328330751706
2024-10-21 12:45:01.132627516+00:00,0.0,50.0,-94.85579068605091,-94.90537809528034
2024-10-21 12:45:01.134992267+00:00,200.0,-200.0,13.440174494988359,-42.395206343607185
2024-10-21 12:45:01.188576992+00:00,0.0,-50.0,123.3397004910274,74.60758290747005
2024-10-21 12:45:01.188588948+00:00,0.0,67.0,-89.57636797724865,57.94537711013008
2024-10-21 12:45:03.941408756+00:00,0.0,66.66666666666667,-89.030879249306,-99.01818680224943
2024-10-21 12:45:04.378997886+00:00,0.0,-283.6666666666667,356.43092950203965,157.99339948854225
2024-10-21 12:45:04.392289828+00:00,-15.0,1439.0,28.149475409589616,51.29644107885473
2024-10-21 12:45:04.455791398+00:00,0.0,313.6666666666667,-336.58997832143785,-219.2807840723704
2024-10-21 12:45:04.463427946+00:00,0.0,-283.6666666666667,356.43092950203965,243.87090480487456
2024-10-21 12:45:04.463440670+00:00,0.0,133.33333333333334,-192.3037134011001,-76.85659509832811
2024-10-21 12:45:06.500906813+00:00,0.0,0.0,14.24195490248825,99.49316466936534
2024-10-21 12:45:07.821742791+00:00,30.0,2388.0,-1079.6602263636612,-796.6027785343331
2024-10-21 12:45:07.821766697+00:00,0.0,0.0,14.24195490248825,-6.653885117958827
2024-10-21 12:45:07.821766697+00:00,-10.0,-2468.0,848.9166964903245,626.0602616815723
2024-10-21 12:45:08.568521916+00:00,148.0,2506.0,-1089.6273722129665,-762.7050840631838
2024-10-21 12:45:08.568573634+00:00,0.0,0.0,14.24195490248825,-45.35524575228634
2024-10-21 12:45:08.568573634+00:00,200.0,-1487.0,0.360706473712834,71.44620465949464
2024-10-21 12:45:08.568595371+00:00,100.0,2596.0,-1064.052298184341,-757.382662790736
2024-10-21 12:45:08.568607237+00:00,-148.0,-2506.0,1118.1112820179435,805.5698165874688
2024-10-21 12:45:08.568836429+00:00,1.0,-1347.0,4.917062481868965,-37.4098966520508
2024-10-21 12:45:08.568842453+00:00,0.0,1224.0,-1044.2678838712689,-649.6911516888863
2024-10-21 12:45:08.569243224+00:00,0.0,0.0,14.24195490248825,21.045813459656554
2024-10-21 12:45:08.569247948+00:00,0.0,-1179.0,1105.6101160374583,881.7825938289525
2024-10-21 12:45:08.572627612+00:00,-10.0,-2468.0,848.9166964903245,632.743598857496
2024-10-21 12:45:08.674779302+00:00,-200.0,1487.0,28.123203331263714,2.3612055518715476
2024-10-21 12:45:08.952909426+00:00,100.0,2458.0,-1085.5729400030802,-796.7861305233628
2024-10-21 12:45:09.467642057+00:00,1.0,-1347.0,4.917062481868965,-70.57595937954194
2024-10-21 12:45:09.568869622+00:00,-200.0,1487.0,28.123203331263714,-16.78975650506507
2024-10-21 12:45:10.957645576+00:00,0.0,-50.0,123.3397004910274,85.35682238842632
2024-10-21 12:45:11.522901317+00:00,0.0,50.0,-94.85579068605091,-65.95870241640893
2024-10-21 12:45:16.300828735+00:00,-10.0,-2468.0,848.9166964903245,529.213211526845
2024-10-21 12:45:17.074205541+00:00,0.0,-66.66666666666667,117.51478905428252,152.58878644843674
2024-10-21 12:45:17.074218249+00:00,0.0,380.3333333333333,-439.86281247323205,-321.386022937491
2024-10-21 12:45:39.966757614+00:00,1.0,-1347.0,4.917062481868965,-94.22391919956951
2024-10-21 12:45:39.966770270+00:00,0.0,743.0,28.47992330031773,-34.268556474426646
2024-10-21 12:45:40.024030599+00:00,0.0,133.33333333333334,-192.3037134011001,-52.469492165613616
2024-10-21 12:45:41.579754503+00:00,-200.0,-1146.0,5.722851791406337,47.5154969477993
2024-10-21 12:45:42.523889758+00:00,0.0,-283.6666666666667,356.43092950203965,268.4475457055381
2024-10-21 12:45:42.523901729+00:00,0.0,313.6666666666667,-336.58997832143785,-235.48933415543934
2024-10-21 12:45:46.308803313+00:00,0.0,66.66666666666667,-89.030879249306,-99.78096210399933
2024-10-21 12:46:00.710010076+00:00,0.0,423.6666666666667,27.233926072141802,47.33861700396953
2024-10-21 12:46:01.288790694+00:00,0.0,-66.66666666666667,117.51478905428252,54.18957013116348
2024-10-21 12:46:01.288803458+00:00,0.0,133.33333333333334,-192.3037134011001,22.87891562893391
2024-10-21 12:46:10.320582034+00:00,0.0,-66.66666666666667,117.51478905428252,131.536290595841
2024-10-21 12:46:10.320607088+00:00,0.0,-283.6666666666667,356.43092950203965,156.75302326791257
2024-10-21 12:46:10.320619482+00:00,0.0,235.0,-341.8694010302401,-212.51213451910917
2024-10-21 12:46:12.080290410+00:00,-200.0,200.0,15.043735309988147,1.9862856820822241
2024-10-21 12:46:12.137568253+00:00,0.0,50.0,-94.85579068605091,65.11525312446759
2024-10-21 12:46:12.193567298+00:00,0.0,-50.0,123.3397004910274,99.57730802177277
2024-10-21 12:46:12.193579968+00:00,0.0,133.66666666666666,-192.84920212904282,-144.3982483082741
2024-10-21 12:46:12.268092521+00:00,-21.0,1647.0,29.337452525216516,107.93121488233088
2024-10-21 12:46:16.791652393+00:00,401.0,-1689.0,-0.4565533530538963,-34.5267178919829
2024-10-21 12:46:19.577613731+00:00,200.0,-200.0,13.440174494988359,12.644804782716477
2024-10-21 12:46:23.938521180+00:00,0.0,133.33333333333334,-192.3037134011001,-92.87372496703861
2024-10-21 12:46:25.802255158+00:00,0.0,-283.6666666666667,356.43092950203965,321.12351477060776
2024-10-21 12:46:25.802267157+00:00,0.0,235.0,-341.8694010302401,-162.7154465188206
2024-10-21 12:46:26.818456297+00:00,-200.0,1426.0,27.726402016956236,66.04841743529596
2024-10-21 12:46:30.615356413+00:00,-1.0,1322.0,24.75660209339819,76.67495386807704
2024-10-21 12:46:36.896860441+00:00,-2.0,824.0,22.092273099446736,-52.449005545890046
2024-10-21 12:46:36.896993475+00:00,0.0,-212.5,355.91456533128064,399.2505405535354
2024-10-21 12:46:36.935295740+00:00,1.0,-1322.0,3.727307711578303,-78.78566124035149
2024-10-21 12:46:36.967821622+00:00,0.0,285.0,-450.9671466187793,-246.13885550245004
2024-10-21 12:46:36.973880941+00:00,0.0,-613.0,1.5592881955201798,115.96531067673375
2024-10-21 12:46:36.973894591+00:00,0.0,506.6666666666667,25.760832633817046,-94.86133960136887
2024-10-21 12:46:40.270472256+00:00,0.0,-66.66666666666667,13.152951679960573,62.66250765351814
2024-10-21 12:46:42.223069810+00:00,0.0,100.0,-203.95353627459002,-158.66763409100957
2024-10-21 12:46:46.421912989+00:00,0.0,-408.3333333333333,1.5651098054526154,-12.427929554899759
2024-10-21 12:46:46.421925139+00:00,0.0,506.6666666666667,25.760832633817046,35.38396828920557
2024-10-21 12:46:46.487697098+00:00,0.0,133.33333333333334,16.41996134754361,134.03124581610595
2024-10-21 12:46:52.612794937+00:00,0.0,1.0,13.342187796064534,-55.91635640160047
2024-10-21 12:47:00.410294114+00:00,0.0,-241.2,1.6701204328099992,76.02643677680697
2024-10-21 12:47:02.422982273+00:00,0.0,100.5,15.411721905087232,89.84640082202873
2024-10-21 12:47:02.478990158+00:00,0.0,100.0,15.406276888974592,52.56428695731408
2024-10-21 12:47:08.170726079+00:00,0.0,0.0,14.24195490248825,32.003025168504365
2024-10-21 12:47:08.170726079+00:00,-1207.0,-2467.0,665.7915782793664,601.6167774929755
2024-10-21 12:47:08.170747785+00:00,-100.0,1420.0,25.109231439820945,-100.43246529734549
2024-10-21 12:47:08.170753593+00:00,-13.0,933.0,22.82609005065098,92.7694144359797
2024-10-21 12:47:08.170780793+00:00,-17.0,17.0,14.310106237125737,40.655690838230285
2024-10-21 12:47:08.170793241+00:00,0.0,-660.0,3.775568568905486,4.719890786426926
2024-10-21 12:47:08.170829114+00:00,0.0,418.5,22.29078069977169,16.80557326571379
2024-10-21 12:47:08.170966841+00:00,0.0,418.5,23.459432772132395,31.723332642127545
2024-10-21 12:47:08.171394413+00:00,0.0,-418.5,6.193129105204856,-35.563554079233676
2024-10-21 12:47:08.270834728+00:00,13.0,-13.0,14.189839176000758,-78.66595325392615
2024-10-21 12:47:08.270864543+00:00,0.0,-660.0,3.775568568905486,35.843783094712734
2024-10-21 12:47:08.423766296+00:00,1.0,-1425.0,0.39055902391187547,219.2465635090243
2024-10-21 12:47:09.542929513+00:00,0.0,-319.6666666666667,370.27544572209604,424.1454454590356
2024-10-21 12:47:09.542944189+00:00,0.0,353.0,-431.84655603351297,-315.63102067911217
2024-10-21 12:47:10.432682831+00:00,0.0,100.0,15.406276888974592,57.008848315309024
2024-10-21 12:47:11.297466321+00:00,0.0,66.66666666666667,-89.030879249306,16.53840332502887
2024-10-21 12:47:15.646925075+00:00,0.0,-319.6666666666667,370.27544572209604,209.58538009035428
2024-10-21 12:47:15.646937792+00:00,0.0,353.0,-431.84655603351297,-369.6766118650878
2024-10-21 12:47:19.469834115+00:00,200.0,-1487.0,0.360706473712834,87.84457541400293
2024-10-21 12:47:25.958887784+00:00,1.0,-1347.0,4.917062481868965,-57.53134457475528
2024-10-21 12:47:25.958901196+00:00,0.0,843.0,29.64424528680405,-39.09616206026844
2024-10-21 12:47:26.552220975+00:00,2.0,2159.0,-628.5498922904716,-359.553548128237
2024-10-21 12:47:26.552507902+00:00,0.0,1123.5,-921.2836433945431,-698.6060092284453
2024-10-21 12:47:26.552532797+00:00,0.0,1119.0,-901.7220069474803,-680.9459743353254
2024-10-21 12:47:26.552914503+00:00,0.0,-715.6666666666666,926.1473854026981,679.9795302404797
2024-10-21 12:47:26.553030755+00:00,0.0,-1078.5,656.8648674200361,624.2571785125372
2024-10-21 12:47:26.556326445+00:00,-1207.0,-2267.0,562.5187441275723,483.0463680337331
2024-10-21 12:47:26.596516239+00:00,0.0,-673.0,4.92107138390644,-13.700995304200973
2024-10-21 12:47:26.618112053+00:00,0.0,843.0,29.64424528680405,9.338913568830112
2024-10-21 12:47:26.625259595+00:00,0.0,-673.0,4.92107138390644,-45.189855621000476
2024-10-21 12:47:26.629968958+00:00,0.0,743.0,28.47992330031773,-35.797729162737085
2024-10-21 12:47:26.656630312+00:00,0.0,100.0,15.406276888974592,41.78105541291946
2024-10-21 12:47:26.684648838+00:00,0.0,-100.0,13.077632916001908,-52.65271761652377
2024-10-21 12:47:26.684660963+00:00,0.0,100.0,15.406276888974592,-50.817425388807
2024-10-21 12:47:27.032806515+00:00,0.0,100.0,15.406276888974592,-29.46131629473477
2024-10-21 12:47:29.736524116+00:00,-200.0,-1146.0,5.722851791406337,109.27525422739541
2024-10-21 12:47:29.804925373+00:00,0.0,66.66666666666667,-89.030879249306,-60.91652713230074
2024-10-21 12:47:29.856681774+00:00,0.0,-66.66666666666667,117.51478905428252,98.04370833859988
2024-10-21 12:47:29.856694723+00:00,0.0,133.33333333333334,-192.3037134011001,-214.38825452127782
2024-10-21 12:47:30.078583111+00:00,0.0,133.33333333333334,-192.3037134011001,-269.8803672716085
2024-10-21 12:47:34.313639819+00:00,0.0,100.5,-33.514744861913904,-77.63623907943595
2024-10-21 12:47:34.358474517+00:00,200.0,-200.0,13.440174494988359,-51.714561424565005
2024-10-21 12:47:34.358488026+00:00,0.0,743.0,28.47992330031773,58.57803838879595
2024-10-21 12:47:37.064329812+00:00,0.0,-480.0,370.5116474000642,306.54674347296435
2024-10-21 12:47:37.064342466+00:00,0.0,353.0,-431.84655603351297,-325.91282588674085
2024-10-21 12:47:37.119327456+00:00,0.0,100.0,15.406276888974592,107.05827130266451
2024-10-21 12:47:37.400458317+00:00,0.0,-673.0,4.92107138390644,150.3316998716981
2024-10-21 12:47:37.400470025+00:00,0.0,743.0,28.47992330031773,41.018637523158596
2024-10-21 12:47:37.454723801+00:00,0.0,-379.5,323.0351101284528,158.52655858687467
2024-10-21 12:47:38.779143882+00:00,0.0,142.85714285714286,-181.02031800691395,-264.2207026800026
2024-10-21 12:47:40.220416792+00:00,0.0,1030.0,-503.33779446994845,-239.8721868445852
2024-10-21 12:48:06.501702067+00:00,0.0,-673.0,4.92107138390644,40.8675978878657
2024-10-21 12:48:06.501715510+00:00,0.0,743.0,28.47992330031773,-56.329588242115044
2024-10-21 12:48:06.556937176+00:00,0.0,-980.0,565.7739203094665,372.4583260083586
2024-10-21 12:48:06.556948933+00:00,0.0,133.33333333333334,-192.3037134011001,-159.8973948644798
2024-10-21 12:48:08.370665186+00:00,-128.0,1552.0,28.52753916968821,44.1578039302848
2024-10-21 12:48:08.441224723+00:00,0.0,66.66666666666667,15.330958125015929,109.50950026670351
2024-10-21 12:48:08.499978640+00:00,0.0,-66.66666666666667,13.152951679960573,84.56652322066978
2024-10-21 12:48:08.499990971+00:00,0.0,100.5,15.411721905087232,-1.6655847077660613
2024-10-21 12:48:09.562658898+00:00,0.0,100.0,15.406276888974592,14.521681476873145
2024-10-21 12:48:09.617544283+00:00,0.0,686.3333333333334,-558.8539288573409,-426.5295269225793
2024-10-21 12:48:12.154776230+00:00,-28.0,28.0,14.354204159538234,-102.03865057444357
2024-10-21 12:48:13.697844531+00:00,0.0,-653.0,565.5377186314984,334.6844458126195
2024-10-21 12:48:13.697858036+00:00,0.0,133.33333333333334,-192.3037134011001,-96.42217785088081
2024-10-21 12:48:16.753702442+00:00,0.0,686.3333333333334,-558.8539288573409,-405.02678647616773
2024-10-21 12:48:19.442007179+00:00,4.0,3161.0,-728.6929499018521,-536.2110451586657
2024-10-21 12:48:19.442025239+00:00,0.0,0.0,14.24195490248825,-91.09537656943418
2024-10-21 12:48:19.442025239+00:00,65.0,-65.0,13.981376270050786,-81.55217498082492
2024-10-21 12:48:19.442044553+00:00,0.0,-100.0,13.077632916001908,4.162568352599951
2024-10-21 12:48:19.442103573+00:00,0.0,-643.5,1.1624868812127263,113.96311633985249
2024-10-21 12:48:19.442313654+00:00,100.0,3251.0,-998.6230608993525,-755.5670981253403
2024-10-21 12:48:19.442674818+00:00,-4.0,-3161.0,757.1768597068288,606.6337058101047
2024-10-21 12:48:19.442704447+00:00,54.0,-54.0,14.02547419246328,-149.70872913416235
2024-10-21 12:48:19.442704447+00:00,-54.0,54.0,14.458435612513222,144.3205778734954
2024-10-21 12:48:19.446110129+00:00,-1153.0,-3321.0,689.3096362413752,431.68644727939426
2024-10-21 12:48:19.520918631+00:00,0.0,-653.0,565.5377186314984,365.4702114159939
2024-10-21 12:48:19.520931496+00:00,0.0,133.33333333333334,-192.3037134011001,-242.3170415910565
2024-10-21 12:48:19.523249872+00:00,0.0,474.3333333333333,28.008578098955834,-169.20103625692735
2024-10-21 12:48:19.551210716+00:00,0.0,66.66666666666667,15.330958125015929,-10.65120856467328
2024-10-21 12:48:19.683603442+00:00,0.0,-66.66666666666667,13.152951679960573,-0.31506478302180607
2024-10-21 12:48:19.683615721+00:00,0.0,100.5,15.411721905087232,88.77305423314618
2024-10-21 12:48:20.389264986+00:00,10.0,3477.0,-960.2330487380804,-625.8828566168767
2024-10-21 12:48:20.657778486+00:00,0.0,-643.5,1.1624868812127263,36.70656639924299
2024-10-21 12:48:20.657790817+00:00,0.0,541.0,29.09758132148343,52.429773951546245
2024-10-21 12:48:21.283922667+00:00,0.0,537.25,-551.8410366611719,-457.90132713964243
2024-10-21 12:48:26.912777281+00:00,0.0,0.0,14.24195490248825,-50.3712062931566
2024-10-21 12:48:26.912777281+00:00,9.0,-9.0,14.20587478415076,-104.52016630200488
2024-10-21 12:48:26.912777281+00:00,1.0,-1687.0,-1.1643443838650267,-18.16314007172965
2024-10-21 12:48:26.912847872+00:00,0.0,1723.5,-1096.47045376564,-776.9028540238686
2024-10-21 12:48:26.912854091+00:00,0.0,-100.0,13.077632916001908,-35.66860160303387
2024-10-21 12:48:26.912899501+00:00,0.0,-673.0,4.92107138390644,-52.46447311758236
2024-10-21 12:48:26.913242243+00:00,0.0,-1678.5,865.936735944544,634.8395197636453
2024-10-21 12:48:27.020695881+00:00,0.0,843.0,29.64424528680405,-112.83547602151069
2024-10-21 12:48:28.369815806+00:00,0.0,-553.0,380.79217035872875,227.08177557889184
2024-10-21 12:48:30.038722144+00:00,0.0,650.0,-437.46386836383044,-379.7711171604936
2024-10-21 12:48:32.943736693+00:00,0.0,1577.5,-1016.4727189770482,-808.5910328880764
2024-10-21 12:48:32.943740045+00:00,152.0,152.0,1.4029195711797071,-8.209228634560075
2024-10-21 12:48:32.947835058+00:00,-152.0,-152.0,27.080990233796808,151.37392207534924
2024-10-21 12:48:32.947840314+00:00,0.0,-1578.5,751.0432034764435,421.41291926999463
2024-10-21 12:48:33.022380892+00:00,0.0,-620.0,484.5813686812819,346.06581719893524
2024-10-21 12:48:33.022394185+00:00,0.0,66.66666666666667,-89.030879249306,-90.47745698128105
2024-10-21 12:48:33.321638942+00:00,0.0,66.66666666666667,-89.030879249306,-118.14259488861471
2024-10-21 12:48:33.323589067+00:00,0.0,-100.0,13.077632916001908,-49.460956202366624
2024-10-21 12:48:33.378055235+00:00,0.0,-66.66666666666667,117.51478905428252,-1.1484763939497604
2024-10-21 12:48:33.378067107+00:00,0.0,716.6666666666666,-540.7367025156248,-319.0687338582951
2024-10-21 12:48:36.022806384+00:00,0.0,-673.0,4.92107138390644,71.4550895950559
2024-10-21 12:48:36.022819468+00:00,0.0,843.0,29.64424528680405,-11.282979244585693
2024-10-21 12:48:36.080879057+00:00,0.0,703.5,-656.249934797233,-369.8413249623296
2024-10-21 12:48:37.062302123+00:00,0.0,200.0,16.570598875460938,24.515230627731455
2024-10-21 12:48:37.707758529+00:00,0.0,-1533.5,769.676793988919,494.9702233411126
2024-10-21 12:48:37.707770928+00:00,0.0,716.6666666666666,-540.7367025156248,-337.8390601488745
2024-10-21 12:48:38.527186854+00:00,0.0,-100.0,13.077632916001908,33.517828027469776
2024-10-21 12:48:40.708153311+00:00,0.0,-673.0,4.92107138390644,-37.71345408469132
2024-10-21 12:48:40.708165824+00:00,0.0,743.0,28.47992330031773,7.414890093842553
2024-10-21 12:48:40.708592331+00:00,0.0,100.0,15.406276888974592,96.35271444355142
2024-10-21 12:48:40.759899740+00:00,0.0,703.5,-656.249934797233,-419.73800353761135
2024-10-21 12:48:40.759912108+00:00,0.0,-100.0,13.077632916001908,28.05937063129033
2024-10-21 12:48:40.759922567+00:00,0.0,200.0,16.570598875460938,-50.61015962798536
2024-10-21 12:48:40.945130102+00:00,0.0,33.333333333333336,14.786456513752091,39.7492654210862
2024-10-21 12:48:43.582578418+00:00,0.0,200.0,16.570598875460938,-101.60107216856281
2024-10-21 12:48:43.887584328+00:00,0.0,-111.11111111111111,114.21607783845717,215.54363982184347
2024-10-21 12:48:45.693722203+00:00,0.0,347.8,-608.341494971445,-500.38034391425833
2024-10-21 12:48:45.865188060+00:00,0.0,-100.0,13.077632916001908,19.05334563251393
2024-10-21 12:48:45.865335014+00:00,0.0,-723.0,4.338910390663293,128.23723714439026
2024-10-21 12:48:45.865346761+00:00,0.0,893.0,30.18874689806792,26.600407767370214
2024-10-21 12:48:46.043153157+00:00,0.0,-1478.5,1093.2558497741923,749.3745720649498
2024-10-21 12:48:46.043165049+00:00,0.0,713.3333333333334,-815.4326520029763,-551.5340678828968
2024-10-21 12:48:46.915333206+00:00,0.0,200.0,16.570598875460938,-104.00404262084407
2024-10-21 12:48:59.683517159+00:00,-1.0,1725.0,29.729679505580577,-66.7808924528553
2024-10-21 12:48:59.683569805+00:00,0.0,873.5,27.715329118792706,103.19926326324558
2024-10-21 12:49:03.380177241+00:00,0.0,-583.3333333333334,808.1604244665559,551.5628583263705
2024-10-21 12:49:03.380740871+00:00,0.0,-214.75,357.0576316866951,324.0499801735828
2024-10-21 12:49:03.398241224+00:00,0.0,316.6666666666667,-337.4897454278615,-239.06063634661268
2024-10-21 12:49:03.416667326+00:00,0.0,111.11111111111111,-85.73216803348068,-6.174989366941171
2024-10-21 12:49:03.426245015+00:00,0.0,66.66666666666667,-89.030879249306,-66.68690094238679
2024-10-21 12:49:07.334254534+00:00,0.0,1723.5,-1147.3010189386628,-811.558465470953
2024-10-21 12:49:07.344508563+00:00,0.0,271.6666666666667,-450.18616965731377,-396.48820135038824
2024-10-21 12:49:08.577405223+00:00,0.0,-50.0,123.3397004910274,225.54626593307836
2024-10-21 12:49:08.577417452+00:00,0.0,-446.6666666666667,430.825225200776,195.44961050475814
2024-10-21 12:49:09.323055469+00:00,0.0,-1678.5,1187.7365209614786,794.6026378516453
2024-10-21 12:49:09.326503177+00:00,0.0,1723.5,-1462.3043739058753,-1193.6908955411923
2024-10-21 12:49:10.615504825+00:00,128.0,-1852.0,-1.754900259366517,74.12885833798693
2024-10-21 12:49:10.615504825+00:00,1.0,-1787.0,-1.708845995128841,140.09759188334863
2024-10-21 12:49:10.615504825+00:00,-1.0,1748.0,27.719338020830158,58.91591847868405
2024-10-21 12:49:10.615529414+00:00,101.0,1746.0,-1035.2757648409718,-803.6320705492985
2024-10-21 12:49:10.615531617+00:00,0.0,0.5,14.005753224520037,-77.54969434661855
2024-10-21 12:49:10.615537132+00:00,0.0,0.0,14.24195490248825,14.586338005952753
2024-10-21 12:49:10.615540557+00:00,0.0,50.0,-9.378212894333348,62.472898553411646
2024-10-21 12:49:10.615552303+00:00,-201.0,-3549.0,1426.6649278284424,994.7598895127066
2024-10-21 12:49:10.615554379+00:00,41.0,41.0,10.778794056543186,27.24400841720839
2024-10-21 12:49:10.615571841+00:00,-1.0,-1.0,14.326422240194224,77.46008353334368
2024-10-21 12:49:10.615574342+00:00,-100.0,-100.0,22.68868867308598,43.61839373459107
2024-10-21 12:49:10.615598746+00:00,0.0,-723.0,4.338910390663293,7.109259047062566
2024-10-21 12:49:10.615674329+00:00,0.0,0.0,14.24195490248825,62.02291098897903
2024-10-21 12:49:10.615806415+00:00,-100.0,-100.0,22.68868867308598,34.471075415999266
2024-10-21 12:49:10.719298363+00:00,0.0,893.0,30.18874689806792,-1.3121367117270735
2024-10-21 12:49:10.719326799+00:00,-10.0,-3457.0,1491.6329570879125,1029.28103520643
2024-10-21 12:49:11.955975975+00:00,0.0,-1678.5,1187.7365209614786,815.1119597878051
2024-10-21 12:49:11.959487373+00:00,0.0,1723.5,-1462.3043739058753,-1099.8938415744824
2024-10-21 12:49:13.192050305+00:00,0.0,-149.8,262.15533235310124,81.70340744486128
2024-10-21 12:49:13.740463087+00:00,0.0,715.6666666666666,-952.343489818152,-840.6521537697483
2024-10-21 12:49:14.004842455+00:00,0.0,-652.3333333333334,885.9523751871217,556.4467866767698
2024-10-21 12:49:14.004855015+00:00,0.0,133.33333333333334,-192.3037134011001,-113.42021392038876
2024-10-21 12:49:16.380976995+00:00,0.0,347.8,-608.341494971445,-276.47326277828324
2024-10-21 12:49:17.095404048+00:00,0.0,-1678.5,1187.7365209614786,893.8077950044983
2024-10-21 12:49:17.098516295+00:00,0.0,1723.5,-1462.3043739058753,-1153.8669435679606
2024-10-21 12:49:20.689107718+00:00,0.0,-1678.5,1187.7365209614786,929.0235592367108
2024-10-21 12:49:20.692285781+00:00,0.0,1723.5,-1462.3043739058753,-1007.7272347820813
2024-10-21 12:49:27.922835826+00:00,0.0,1079.3333333333333,-1315.5548264154952,-984.8737081076273
2024-10-21 12:49:28.083552407+00:00,-1.0,1725.0,29.729679505580577,45.621899966130904
2024-10-21 12:49:28.121990369+00:00,1.0,-1787.0,-1.708845995128841,31.680897750692615
2024-10-21 12:49:31.767415647+00:00,0.0,-1673.5,1355.1031187977287,889.2973828358396
2024-10-21 12:49:31.770578504+00:00,0.0,1669.0,-1339.1749942123174,-1039.218353293355
2024-10-21 12:49:38.319661255+00:00,0.0,-982.3333333333334,1260.6224476104424,931.0179515287721
2024-10-21 12:49:38.319673756+00:00,0.0,457.75,-559.7020090736125,-405.8636056820635
2024-10-21 12:49:38.866315719+00:00,0.0,50.0,-94.85579068605091,13.26898701214241
2024-10-21 12:49:38.920680087+00:00,0.0,-50.0,123.3397004910274,-6.326764121538041
2024-10-21 12:49:38.920693145+00:00,0.0,-446.6666666666667,430.825225200776,534.6008855224652
2024-10-21 12:49:39.634329715+00:00,0.0,-1678.5,1187.7365209614786,842.9357960855045
2024-10-21 12:49:39.637815531+00:00,100.0,100.0,5.795221131890529,76.55772849530703
2024-10-21 12:49:43.110091934+00:00,0.0,1673.5,-1326.6192089927526,-1045.1496055044058
2024-10-21 12:49:46.832167455+00:00,-100.0,-100.0,22.68868867308598,4.949256790058379
2024-10-21 12:49:46.835474868+00:00,100.0,3348.0,-1326.3635769657753,-880.4704652961898
2024-10-21 12:49:46.957490822+00:00,100.0,3433.0,-1015.7340512222912,-887.4969622353307
2024-10-21 12:49:46.957502527+00:00,100.0,100.0,5.795221131890529,18.240970272572973
2024-10-21 12:49:46.957515098+00:00,100.0,3533.0,-870.6670592945849,-561.1925963719757
2024-10-21 12:49:46.957526708+00:00,0.0,-723.0,4.338910390663293,65.63598422795936
2024-10-21 12:49:46.957541207+00:00,100.0,100.0,5.795221131890529,125.70078339553724
2024-10-21 12:49:46.957573815+00:00,0.0,623.8,-511.56303242675955,-432.67884334203484
2024-10-21 12:49:46.957576775+00:00,0.0,0.0,14.24195490248825,115.56818665997281
2024-10-21 12:49:46.957576775+00:00,117.0,-1570.0,3.4639828744656866,-20.193510353919674
2024-10-21 12:49:46.957602301+00:00,6.0,3130.0,-520.6977350655474,-339.7742039827011
2024-10-21 12:49:46.957613470+00:00,0.0,1074.0,-421.87350178103594,-287.93583050245763
2024-10-21 12:49:46.957631839+00:00,0.0,0.0,14.24195490248825,-11.959104186488283
2024-10-21 12:49:46.957813627+00:00,0.0,-25.0,68.79082769675783,90.67429031230814
2024-10-21 12:49:46.957862508+00:00,0.0,1.3333333333333333,12.176498219452371,98.2766612514347
2024-10-21 12:49:46.957937664+00:00,0.0,-33.333333333333336,65.87837197838536,40.95994806120282
2024-10-21 12:49:46.957991157+00:00,0.0,-33.333333333333336,65.87837197838536,-44.70968076231043
2024-10-21 12:49:46.961681628+00:00,0.0,-372.57142857142856,337.3127820067061,210.03386716961887
2024-10-21 12:49:46.961955264+00:00,0.0,-1107.6666666666667,647.9046074129417,370.4125224967109
2024-10-21 12:49:46.966450387+00:00,0.0,-1077.6666666666667,843.4638997353203,541.1408735245486
2024-10-21 12:49:47.057682799+00:00,-24.0,-3357.0,1037.7984433616134,632.387714948307
2024-10-21 12:49:47.057708040+00:00,-100.0,-3348.0,1354.8474867707523,997.948399742165
2024-10-21 12:49:47.067321034+00:00,-400.0,1846.0,25.748560229312975,56.21403546353323
2024-10-21 12:49:48.478529399+00:00,200.0,-200.0,13.440174494988359,138.0286910488221
2024-10-21 12:49:48.478675769+00:00,117.0,-1570.0,3.4639828744656866,-24.122823940269384
2024-10-21 12:49:48.478687941+00:00,-200.0,1646.0,24.946779821813063,138.9115474880402
2024-10-21 12:49:48.484283756+00:00,-200.0,200.0,15.043735309988147,-42.95295353378607
2024-10-21 12:49:49.367557259+00:00,0.0,-66.66666666666667,117.51478905428252,216.08101050526983
2024-10-21 12:49:49.367580583+00:00,0.0,-982.3333333333334,1260.6224476104424,896.577157487482
2024-10-21 12:49:49.367595179+00:00,6.0,6.0,13.735150876252389,-68.83310294866546
2024-10-21 12:49:49.367610194+00:00,3.0,2957.0,-1139.4635796972457,-795.4551880259075
2024-10-21 12:49:49.367638925+00:00,200.0,-200.0,13.440174494988359,93.07487681979251
2024-10-21 12:49:49.367647847+00:00,117.0,-1570.0,3.4639828744656866,-132.48326835167856
2024-10-21 12:49:49.367661433+00:00,0.0,-3.0,15.659164970297551,0.6910928398952594
2024-10-21 12:49:49.367879143+00:00,-100.0,-3057.0,1271.4311981607225,849.0531347454677
2024-10-21 12:49:49.379300783+00:00,3.0,2951.0,-1138.0463696294362,-664.1182267675549
2024-10-21 12:49:49.383394936+00:00,-100.0,-3057.0,1271.4311981607225,905.3256047622571
2024-10-21 12:49:49.457051270+00:00,-200.0,200.0,15.043735309988147,21.459442212163808
2024-10-21 12:49:49.470761871+00:00,0.0,1079.3333333333333,-1315.5548264154952,-875.0266907158748
2024-10-21 12:49:49.480799866+00:00,-200.0,200.0,15.043735309988147,-85.71544025037929
2024-10-21 12:49:58.322449004+00:00,-10.0,-3357.0,1355.9477921747882,1031.5907649125966
2024-10-21 12:49:58.325910308+00:00,100.0,3348.0,-1326.3635769657753,-949.790166543584
2024-10-21 12:50:00.450230177+00:00,200.0,-200.0,13.440174494988359,-37.674029229262395
2024-10-21 12:50:00.450388901+00:00,200.0,-200.0,13.440174494988359,-1.1140524108494168
2024-10-21 12:50:00.450400607+00:00,0.0,764.5,24.628193038704996,-69.25573550901825
2024-10-21 12:50:02.747081660+00:00,0.0,100.0,15.406276888974592,-11.198764731678573
2024-10-21 12:50:08.578493418+00:00,-10.0,-3357.0,1355.9477921747882,956.6283641381051
2024-10-21 12:50:08.581776469+00:00,100.0,3348.0,-1326.3635769657753,-1047.5676280012613
2024-10-21 12:50:09.246492050+00:00,0.0,-100.0,13.077632916001908,-51.42798206437407
2024-10-21 12:50:09.246504376+00:00,0.0,100.0,15.406276888974592,-44.377986502364976
2024-10-21 12:50:11.198406052+00:00,0.0,-726.5,3.933024412853136,-36.30129991606826
2024-10-21 12:50:11.198419398+00:00,0.0,864.5,25.792515025191353,-139.72471844952724
2024-10-21 12:50:11.566181537+00:00,0.0,100.0,15.406276888974592,97.70972101529605
2024-10-21 12:50:12.467758096+00:00,-10.0,-3357.0,1355.9477921747882,991.0916418754714
2024-10-21 12:50:12.471274007+00:00,100.0,3348.0,-1326.3635769657753,-928.1054996267643
2024-10-21 12:50:13.271098437+00:00,0.0,0.0,14.24195490248825,123.97773549099982
2024-10-21 12:50:14.282020828+00:00,0.0,-726.5,3.933024412853136,-30.11751437958045
2024-10-21 12:50:14.282033670+00:00,0.0,864.5,25.792515025191353,0.3350916791789098
2024-10-21 12:50:15.277451082+00:00,20.0,3353.0,-1008.9766642058132,-556.1107186663704
2024-10-21 12:50:15.277477320+00:00,-100.0,-3348.0,1354.8474867707523,988.1370462820023
2024-10-21 12:50:15.277477320+00:00,20.0,3353.0,-1008.9766642058132,-797.2440897122906
2024-10-21 12:50:16.172964926+00:00,-100.0,-1049.3333333333333,1251.574652618958,1044.8395026058001
2024-10-21 12:50:16.211482112+00:00,0.0,-982.3333333333334,1260.6224476104424,933.1486556952138
2024-10-21 12:50:16.211495151+00:00,0.0,1079.3333333333333,-1315.5548264154952,-880.5698242945457
2024-10-21 12:50:16.267055594+00:00,0.0,100.0,15.406276888974592,92.91477886386124
2024-10-21 12:50:17.309428619+00:00,-10.0,-3357.0,1355.9477921747882,1110.4708616597286
2024-10-21 12:50:17.312771757+00:00,100.0,3348.0,-1326.3635769657753,-933.3087131605747
2024-10-21 12:50:19.173366770+00:00,0.0,66.66666666666667,-89.030879249306,77.15451795030914
2024-10-21 12:50:19.463071688+00:00,0.0,-1373.5,1213.382112016799,830.8968404902753
2024-10-21 12:50:19.939222379+00:00,0.0,-726.5,3.933024412853136,-67.3567629120272
2024-10-21 12:50:19.939235822+00:00,0.0,864.5,25.792515025191353,45.99549880984286
2024-10-21 12:50:19.998086298+00:00,0.0,100.0,15.406276888974592,49.84241680403018
2024-10-21 12:50:20.045656564+00:00,0.0,-726.5,3.933024412853136,-77.16494789694327
2024-10-21 12:50:20.045669794+00:00,0.0,864.5,25.792515025191353,68.04217073146307
2024-10-21 12:50:20.726462052+00:00,0.0,100.0,15.406276888974592,-25.826663340769564
2024-10-21 12:50:22.114304820+00:00,0.0,15.5,-1.5069593276664015,-152.0066939669647
2024-10-21 12:50:23.016526103+00:00,-210.0,-3291.0,1135.2065125332128,834.0383265419944
2024-10-21 12:50:23.019819419+00:00,100.0,3381.0,-1305.9365381795442,-992.4737792281921
2024-10-21 12:50:23.489361011+00:00,0.0,-665.0,5.160598514461154,-123.6513231285089
2024-10-21 12:50:23.489373964+00:00,0.0,864.5,25.792515025191353,-59.55701382490649
2024-10-21 12:50:27.730127297+00:00,0.0,100.0,15.406276888974592,93.13835981603073
2024-10-21 12:50:27.845945395+00:00,0.0,1586.0,-1173.8099266572003,-852.2955685869591
2024-10-21 12:50:30.292700701+00:00,-200.0,-3281.0,1295.6268461614748,1014.0968800850228
2024-10-21 12:50:30.295988952+00:00,100.0,3272.0,-1182.256660427798,-925.3358593048987
2024-10-21 12:50:36.089037837+00:00,0.0,-665.0,5.160598514461154,19.8578037446615
2024-10-21 12:50:36.089051122+00:00,0.0,864.5,25.792515025191353,28.811558741852444
2024-10-21 12:50:36.143652642+00:00,0.0,100.0,15.406276888974592,63.94581208939348
2024-10-21 12:50:45.942999977+00:00,0.0,100.0,-32.998380691154935,-22.82111561798811
2024-10-21 12:50:49.274508773+00:00,0.0,-1540.5,1278.7333786202792,988.1523052714704
2024-10-21 12:50:49.379316527+00:00,0.0,1586.0,-1173.8099266572003,-1005.141787721287
2024-10-21 12:50:54.633285417+00:00,-200.0,-3281.0,1295.6268461614748,1058.4589024441402
2024-10-21 12:50:54.636598543+00:00,100.0,3272.0,-1182.256660427798,-808.3741080617466
2024-10-21 12:50:55.034083416+00:00,0.0,-1540.5,1278.7333786202792,1001.6856916389654
2024-10-21 12:50:55.034096364+00:00,0.0,1054.0,-1224.6787835077614,-989.9648681997853
2024-10-21 12:50:58.090412659+00:00,0.0,105.0,-38.16202239874465,-20.2093491024287
2024-10-21 12:50:58.154681035+00:00,-200.0,-3281.0,1295.6268461614748,960.6258543080926
2024-10-21 12:50:58.158028951+00:00,100.0,3272.0,-1182.256660427798,-963.8275767652736
2024-10-21 12:51:00.690069078+00:00,0.0,-1540.5,1278.7333786202792,912.3489166138011
2024-10-21 12:51:00.690081541+00:00,0.0,1054.0,-1224.6787835077614,-814.0903002676539
2024-10-21 12:51:01.453112803+00:00,-10.0,-3281.0,1324.4563708113,1030.3116237078993
2024-10-21 12:51:01.456609178+00:00,100.0,3272.0,-1235.487534058041,-925.4686459105004
2024-10-21 12:51:03.745943857+00:00,0.0,66.66666666666667,-89.030879249306,-34.24630490044609
2024-10-21 12:51:10.314786051+00:00,-10.0,-3281.0,1324.4563708113,968.1168801090748
2024-10-21 12:51:10.318219099+00:00,100.0,3272.0,-1235.487534058041,-918.9126523026638
2024-10-21 12:51:13.418871996+00:00,0.0,66.66666666666667,-89.030879249306,-86.26061616051742
2024-10-21 12:51:13.446879874+00:00,0.0,66.66666666666667,-89.030879249306,-181.31542241560302
2024-10-21 12:51:17.677760514+00:00,-10.0,10.0,14.282043922863249,45.16419697075586
2024-10-21 12:51:17.750308421+00:00,0.0,-1023.6666666666666,1276.3713618405973,914.0212615186165
2024-10-21 12:51:17.750320974+00:00,0.0,1054.0,-1224.6787835077614,-903.3933528303253
2024-10-21 12:51:18.770505841+00:00,0.0,66.66666666666667,-89.030879249306,30.701306241193468
2024-10-21 12:51:18.773039140+00:00,0.0,-665.0,5.160598514461154,18.631469719489044
2024-10-21 12:51:18.773052313+00:00,0.0,864.5,25.792515025191353,147.81345613272393
2024-10-21 12:51:18.820951973+00:00,0.0,-66.66666666666667,117.51478905428252,52.312668803522975
2024-10-21 12:51:18.820965469+00:00,0.0,205.0,-85.40235799238788,-151.15939126114097
2024-10-21 12:51:22.821719489+00:00,-400.0,-3481.0,1312.5203137026701,1016.5669322098711
2024-10-21 12:51:22.824967410+00:00,100.0,3472.0,-1229.4969960214416,-941.9788268493342
2024-10-21 12:51:22.892872962+00:00,0.0,-1540.5,1278.7333786202792,908.7040590884026
2024-10-21 12:51:22.892886854+00:00,0.0,1054.0,-1224.6787835077614,-903.8225100239385
2024-10-21 12:51:23.690455424+00:00,0.0,-1023.6666666666666,1276.3713618405973,1000.3379572860008
2024-10-21 12:51:23.690468015+00:00,0.0,1054.0,-1224.6787835077614,-824.5282280346485
2024-10-21 12:51:25.478030138+00:00,0.0,66.66666666666667,-89.030879249306,-164.64047089667426
2024-10-21 12:51:25.549228495+00:00,-10.0,-3281.0,1324.4563708113,1014.557986405508
2024-10-21 12:51:25.552755288+00:00,100.0,3272.0,-1235.487534058041,-922.0006345757596
2024-10-21 12:51:26.744932781+00:00,0.0,105.0,-38.16202239874465,-6.562856028053259
2024-10-21 12:51:32.421978926+00:00,-200.0,-3281.0,1295.6268461614748,836.9476634388177
2024-10-21 12:51:32.425290341+00:00,100.0,3272.0,-1182.256660427798,-872.0343072885971
2024-10-21 12:51:37.000145065+00:00,-200.0,-3281.0,1295.6268461614748,962.1666883823707
2024-10-21 12:51:37.003493529+00:00,100.0,3272.0,-1182.256660427798,-812.819852508412
2024-10-21 12:51:39.563904075+00:00,0.0,100.0,-32.998380691154935,-50.65462190333439
2024-10-21 12:51:41.303046432+00:00,0.0,0.0,14.24195490248825,30.767373967168073
2024-10-21 12:51:41.303046432+00:00,-200.0,-3281.0,1295.6268461614748,774.0413018870008
2024-10-21 12:51:41.303070738+00:00,-100.0,1933.0,30.977428303973436,-45.75697172828943
2024-10-21 12:51:41.303072249+00:00,-22.0,22.0,14.330150747313242,72.97514650835954
2024-10-21 12:51:41.303082314+00:00,0.0,50.0,14.82411589573143,-83.72051566684365
2024-10-21 12:51:41.303094909+00:00,100.0,-77.0,13.974961727184237,-28.844704817516593
2024-10-21 12:51:41.303109674+00:00,-103.0,1876.0,28.93409732973492,102.08772241750904
2024-10-21 12:51:41.303116970+00:00,-10.0,-3091.0,1118.313044992018,901.2867143638863
2024-10-21 12:51:41.303439155+00:00,0.0,-33.333333333333336,13.697453291224415,-49.25595106256451
2024-10-21 12:51:41.305680987+00:00,100.0,3181.0,-1258.6962025859007,-899.8201696533816
2024-10-21 12:51:41.305701541+00:00,0.0,-878.0,-1.6443643304497526,18.77918233261594
2024-10-21 12:51:41.313465552+00:00,100.0,100.0,5.795221131890529,70.51821129100716
2024-10-21 12:51:41.387831402+00:00,0.0,1120.6666666666667,-1327.9516176595555,-1029.5858304640496
2024-10-21 12:51:41.403765587+00:00,0.0,-898.0,-1.6564771414140982,-178.97697563840802
2024-10-21 12:51:41.611216280+00:00,0.0,66.66666666666667,-89.030879249306,123.66261255256481
2024-10-21 12:51:44.445867547+00:00,0.0,105.0,-38.16202239874465,-131.83935069538637
2024-10-21 12:51:45.338942770+00:00,0.0,0.0,14.24195490248825,-23.213459856835875
2024-10-21 12:51:45.338942770+00:00,-28.0,-28.0,16.607040358255613,64.3817359647244
2024-10-21 12:51:45.339015515+00:00,0.0,-1540.5,1278.7333786202792,986.5236139762791
2024-10-21 12:51:45.441531969+00:00,0.0,1054.0,-1224.6787835077614,-844.498250530457
2024-10-21 12:51:47.453511166+00:00,0.0,-443.0,5.020038752757784,41.192289574143615
2024-10-21 12:51:47.453523118+00:00,0.0,556.3333333333334,29.401042484971878,47.625250784006674
2024-10-21 12:51:47.521571778+00:00,0.0,66.66666666666667,-89.030879249306,-87.29401789821068
2024-10-21 12:51:47.552306498+00:00,0.0,66.66666666666667,15.330958125015929,25.794827719935277
2024-10-21 12:51:47.562312438+00:00,0.0,163.5,16.097793935279675,1.148963537683561
2024-10-21 12:51:48.483479355+00:00,0.0,66.66666666666667,-89.030879249306,-78.32765754292579
2024-10-21 12:51:49.903491548+00:00,0.0,0.0,14.24195490248825,-87.1036767969919
2024-10-21 12:51:49.903491548+00:00,-1.0,-1.0,14.326422240194224,-151.4706778160379
2024-10-21 12:51:53.231358842+00:00,-10.0,-3281.0,1324.4563708113,1020.0605357436289
2024-10-21 12:51:53.231358842+00:00,71.0,3243.0,-1233.037981264568,-937.4147725423393
2024-10-21 12:51:53.231421720+00:00,-10.0,-1545.5,1118.313044992018,921.9535798032648
2024-10-21 12:51:53.251975842+00:00,0.0,0.0,14.24195490248825,56.99141601968267
2024-10-21 12:51:53.347723046+00:00,0.0,1635.5,-1295.127787629264,-867.8962363254035
2024-10-21 12:51:53.434736360+00:00,0.0,100.0,-32.998380691154935,-65.97900018562977
2024-10-21 12:51:55.283068255+00:00,0.0,0.0,14.24195490248825,24.998129932145705
2024-10-21 12:51:57.462291236+00:00,0.0,994.0,-1131.7332327711465,-801.4987363844332
2024-10-21 12:52:00.737452427+00:00,0.0,0.0,14.24195490248825,-118.41675813447422
2024-10-21 12:52:06.174442902+00:00,0.0,-1545.5,1281.095395399962,761.2690865018905
2024-10-21 12:52:06.174456062+00:00,0.0,1591.0,-1178.9735683647898,-833.128713034019
2024-10-21 12:52:06.229293947+00:00,0.0,100.0,15.406276888974592,-27.83593130221172
2024-10-21 12:52:14.295242257+00:00,0.0,100.0,-32.998380691154935,-82.45621508852449
2024-10-21 12:52:18.388695775+00:00,1.0,3178.0,-888.2915471558161,-569.5750694618825
2024-10-21 12:52:18.388709390+00:00,151.0,151.0,1.4873869088856855,-65.94631389060334
2024-10-21 12:52:18.388762155+00:00,0.0,-728.0,4.280694291338982,68.98526976000693
2024-10-21 12:52:18.392790223+00:00,-1.0,-1.0,14.326422240194224,31.776939238230558
2024-10-21 12:52:18.392814699+00:00,-10.0,-3192.0,1208.3021515468263,809.4053481115654
2024-10-21 12:52:18.400304638+00:00,-3.0,3.0,14.253981608600752,13.912441771833375
2024-10-21 12:52:18.400307812+00:00,0.0,701.0,27.9494827458162,121.1890076259016
2024-10-21 12:52:18.400340559+00:00,0.0,-1545.5,1281.095395399962,867.9867372688465
2024-10-21 12:52:18.404398863+00:00,3.0,-3.0,14.229928196375754,-50.814788912387534
2024-10-21 12:52:18.404415227+00:00,0.0,-728.0,4.280694291338982,29.797914139643474
2024-10-21 12:52:18.467409967+00:00,0.0,538.75,-681.1965459062118,-565.131900329289
2024-10-21 12:52:18.495352048+00:00,0.0,798.0,29.078875072707945,78.5051149286865
2024-10-21 12:52:18.604719011+00:00,0.0,50.0,-94.85579068605091,-57.81941148501758
2024-10-21 12:52:18.625710857+00:00,0.0,-554.6666666666666,549.846973582725,338.3305004942814
2024-10-21 12:52:20.518048065+00:00,0.0,-728.0,4.280694291338982,-21.248607624377588
2024-10-21 12:52:20.518059899+00:00,0.0,100.0,15.406276888974592,80.06066479203349
2024-10-21 12:52:20.587720643+00:00,0.0,798.0,29.078875072707945,37.66963846796938
2024-10-21 12:52:20.892880686+00:00,-4.0,1640.0,29.308733969486156,-147.38757938251712
2024-10-21 12:52:21.097180887+00:00,0.0,66.66666666666667,15.330958125015929,-64.11837804373654
2024-10-21 12:52:21.275458364+00:00,0.0,1054.0,-1224.6787835077614,-947.0631744304965
2024-10-21 12:52:21.522172957+00:00,0.0,110.0,-43.32566410633436,15.95926154977474
2024-10-21 12:52:28.443782882+00:00,-3.0,1538.0,26.40316785411137,42.54365192400348
2024-10-21 12:52:28.443920856+00:00,-12.0,12.0,14.290061726938248,56.46943483198026
2024-10-21 12:52:28.444671301+00:00,-7.0,1057.0,24.163411824265232,-5.583779943159754
2024-10-21 12:52:28.445030581+00:00,-28.0,28.0,14.354204159538234,16.111305372239524
2024-10-21 12:52:28.447890721+00:00,0.0,-1.5,14.224490072690955,34.33393509983232
2024-10-21 12:52:28.568234235+00:00,0.0,2.5,11.701807446011696,46.58326644166132
2024-10-21 12:52:29.704321659+00:00,0.0,40.0,15.978662134348994,-44.5002558750497
2024-10-21 12:52:32.192854637+00:00,7.0,-7.0,14.213892588225757,48.44618480837432
2024-10-21 12:52:32.193931288+00:00,0.0,-1555.5,1285.0006408581494,969.9676093044638
2024-10-21 12:52:32.193964031+00:00,0.0,4.333333333333333,14.312740111952552,-102.35995999423008
2024-10-21 12:52:32.194704016+00:00,0.0,-178.6,293.4314475947956,154.76946731858078
2024-10-21 12:52:32.198058929+00:00,0.0,-4.333333333333333,14.171169693023954,-2.881344576831593
2024-10-21 12:52:32.230152472+00:00,0.0,376.6,-627.9956546597876,-393.97297224172354
2024-10-21 12:52:32.272738336+00:00,0.0,1060.6666666666667,-1227.2189309642376,-1030.147084783466
2024-10-21 12:52:32.272847198+00:00,0.0,40.0,15.978662134348994,101.47014043274854
2024-10-21 12:52:32.300899398+00:00,0.0,66.66666666666667,-89.030879249306,43.45407410246986
2024-10-21 12:52:32.328927814+00:00,0.0,-40.0,12.505247670627522,-139.26778243896555
2024-10-21 12:52:32.328940616+00:00,0.0,-342.6666666666667,5.010430323091165,79.70386557827199
2024-10-21 12:52:40.109749794+00:00,0.0,-66.66666666666667,117.51478905428252,-10.161532050846322
2024-10-21 12:52:40.895621746+00:00,0.0,66.66666666666667,-89.030879249306,-108.79981842132203
2024-10-21 12:52:52.427835018+00:00,-16.0,1091.0,24.10492034202149,58.379649798380356
2024-10-21 12:52:52.427874272+00:00,0.0,-245.6,3.9214271005634695,35.12903984226593
2024-10-21 12:52:52.428191381+00:00,0.0,-1.0,14.21706419560317,-121.61098543606467
2024-10-21 12:52:52.428267507+00:00,0.0,-511.0,-0.20916273331919924,-128.4599214884337
2024-10-21 12:52:54.135441488+00:00,28.0,-1624.0,-0.7072145247813818,-68.88667895954259
2024-10-21 12:52:54.135441488+00:00,-16.0,1577.0,28.92022004900383,-123.26431578346836
2024-10-21 12:52:54.135462788+00:00,128.0,1873.0,-1027.9426313563063,-732.3842608039056
2024-10-21 12:52:54.135464840+00:00,6.0,3279.0,-799.9204345609041,-550.9252677424436
2024-10-21 12:52:54.135475842+00:00,0.0,-1698.5,1033.0306379634153,635.6928739610723
2024-10-21 12:52:54.135490428+00:00,0.0,1592.0,-778.3916811954967,-632.2873951177786
2024-10-21 12:52:54.135504193+00:00,0.0,-728.0,4.280694291338982,17.189438955823803
2024-10-21 12:52:54.156001750+00:00,0.0,798.0,29.078875072707945,31.565349456187498
2024-10-21 12:52:54.235547055+00:00,-11.0,-3408.0,1033.9597786781812,736.3655867693651
2024-10-21 12:52:54.235576841+00:00,-10.0,-3412.0,1364.5443818574329,951.862009488178
2024-10-21 12:52:57.365726586+00:00,200.0,-1656.0,3.478913883839087,-54.77315525338169
2024-10-21 12:52:57.365726586+00:00,-28.0,1624.0,29.191124329757933,60.431152689640925
2024-10-21 12:52:57.365728013+00:00,213.0,1754.0,-1016.4078445672662,-808.9882233070709
2024-10-21 12:52:57.365747718+00:00,0.0,1636.5,-799.4136305346683,-740.6225451081298
2024-10-21 12:52:57.365754933+00:00,0.0,1633.5,-580.1764906419564,-443.865461958709
2024-10-21 12:52:57.365762251+00:00,0.0,5.5,11.643736444837879,28.053016771039747
2024-10-21 12:52:57.365775239+00:00,0.0,3.6666666666666665,8.561949024139569,73.82551405833375
2024-10-21 12:52:57.365803525+00:00,0.0,-33.333333333333336,65.87837197838536,43.94671141907779
2024-10-21 12:52:57.366029914+00:00,0.0,50.0,-9.378212894333348,-21.777578074618784
2024-10-21 12:52:57.366051623+00:00,127.0,-1457.0,4.651467955698709,5.91011415732779
2024-10-21 12:52:57.366331535+00:00,0.0,-50.0,37.86212269930987,165.60510975198417
2024-10-21 12:52:57.369838111+00:00,-35.0,-3219.0,809.8319478201826,555.0551486450881
2024-10-21 12:52:57.369858806+00:00,-24.0,-24.0,16.269171007431705,-80.39679243550539
2024-10-21 12:52:57.436165494+00:00,-200.0,200.0,15.043735309988147,119.87346952490475
2024-10-21 12:52:57.442081954+00:00,-200.0,200.0,15.043735309988147,116.82077487218238
2024-10-21 12:52:57.473399287+00:00,0.0,-1698.5,1033.0306379634153,837.7237012884151
2024-10-21 12:52:57.623765735+00:00,-10.0,-3412.0,1364.5443818574329,975.662808064022
2024-10-21 12:52:59.389259843+00:00,200.0,-200.0,13.440174494988359,12.862229975873802
2024-10-21 12:52:59.389271786+00:00,-400.0,1856.0,25.80677632863725,-43.656870927511676
2024-10-21 12:53:00.698553118+00:00,0.0,423.6666666666667,27.233926072141802,-1.606087054389227
2024-10-21 12:53:02.267851771+00:00,-400.0,400.0,15.84551571748804,-68.67929999729591
2024-10-21 12:53:11.670955032+00:00,127.0,-1458.0,4.49926497413051,-30.512126543130954
2024-10-21 12:53:11.670966379+00:00,-400.0,400.0,15.84551571748804,-52.056757926215624
2024-10-21 12:53:11.727234767+00:00,-400.0,1798.0,29.57683134856038,2.7715664870094754
2024-10-21 12:53:26.529763238+00:00,-99.0,1834.0,30.243277046599264,211.239625230177
2024-10-21 12:53:28.427368134+00:00,0.0,100.0,15.406276888974592,-58.255115047082704
2024-10-21 12:53:35.578849770+00:00,0.0,-699.0,0.5106392714158662,112.08997440590221
2024-10-21 12:53:35.578862371+00:00,0.0,100.0,15.406276888974592,-88.66529926956066
2024-10-21 12:53:35.589718097+00:00,0.0,100.0,15.406276888974592,-17.957194901981957
2024-10-21 12:53:35.644427153+00:00,0.0,-100.0,13.077632916001908,63.57126348773976
2024-10-21 12:53:35.644439352+00:00,0.0,767.5,28.682073758400534,-21.661308398148204
2024-10-21 12:53:38.058449683+00:00,0.0,-66.66666666666667,117.51478905428252,128.08856558631152
2024-10-21 12:53:38.058462269+00:00,0.0,133.33333333333334,-192.3037134011001,-90.46700421855593
2024-10-21 12:53:42.548560344+00:00,0.0,-66.66666666666667,117.51478905428252,83.06958236142957
2024-10-21 12:53:43.243634699+00:00,-8.0,1537.0,25.964734450240012,-67.64839101651305
2024-10-21 12:53:58.645821004+00:00,0.0,-1030.3333333333333,1280.276607298785,784.9148136703997
2024-10-21 12:53:58.645833598+00:00,0.0,1060.6666666666667,-1227.2189309642376,-958.2607518973916
2024-10-21 12:53:58.694382577+00:00,0.0,66.66666666666667,-89.030879249306,-67.51823469703713
2024-10-21 12:54:00.371901518+00:00,0.0,-66.66666666666667,117.51478905428252,-21.030392374593635
2024-10-21 12:54:00.439608110+00:00,0.0,-241.2,1.6701204328099992,-70.10125027773655
2024-10-21 12:54:01.412078010+00:00,0.0,-1030.3333333333333,1280.276607298785,905.749283476186
2024-10-21 12:54:01.412090878+00:00,0.0,66.66666666666667,-89.030879249306,-28.65492028986051
2024-10-21 12:54:01.412103389+00:00,0.0,66.66666666666667,15.330958125015929,-21.88243467230298
2024-10-21 12:54:01.467751209+00:00,0.0,-66.66666666666667,13.152951679960573,-5.706863232587234
2024-10-21 12:54:01.467763122+00:00,0.0,66.66666666666667,15.330958125015929,35.56446787353654
2024-10-21 12:54:01.474174096+00:00,0.0,66.66666666666667,-89.030879249306,-219.00210193155124
2024-10-21 12:54:01.525937445+00:00,0.0,-66.66666666666667,117.51478905428252,101.49034384907563
2024-10-21 12:54:01.525951049+00:00,0.0,1127.3333333333333,-1330.4917651160324,-925.8045529534852
2024-10-21 12:54:05.277851281+00:00,1.0,1.0,14.157487564782274,-17.95993240669317
2024-10-21 12:54:15.649008030+00:00,0.0,764.0,26.351896253751065,31.511765263724474
2024-10-21 12:54:15.653103106+00:00,0.0,-816.0,-0.7855021166299632,114.20503474497167
2024-10-21 12:54:23.663963755+00:00,0.0,0.0,14.24195490248825,44.13718384026331
2024-10-21 12:54:23.663963755+00:00,99.0,-1695.0,-0.9918465694438304,20.938925957382654
2024-10-21 12:54:23.663985900+00:00,100.0,3498.0,-1013.2296636070053,-665.4039053728991
2024-10-21 12:54:23.663993545+00:00,24.0,3298.0,-801.9572108103705,-532.2000848945727
2024-10-21 12:54:23.664013091+00:00,11.0,-3387.0,1032.3376989266178,915.6876491267154
2024-10-21 12:54:23.664029700+00:00,0.0,1592.5,-778.908045366256,-626.7278286458347
2024-10-21 12:54:23.664035920+00:00,0.0,-728.0,4.280694291338982,76.1158375729587
2024-10-21 12:54:23.664298891+00:00,5.0,3195.0,-537.7861233185309,-309.6140990708857
2024-10-21 12:54:23.664623467+00:00,100.0,100.0,5.795221131890529,-42.70644025849305
2024-10-21 12:54:23.664895724+00:00,-100.0,-100.0,22.68868867308598,-95.54193323893713
2024-10-21 12:54:23.668403631+00:00,-35.0,-3220.0,810.3483119909419,542.3560195078828
2024-10-21 12:54:23.668424256+00:00,-24.0,-24.0,16.269171007431705,94.97013641096561
2024-10-21 12:54:23.764410397+00:00,0.0,-1699.0,1033.2668396413835,632.6658608185733
2024-10-21 12:54:23.774388827+00:00,0.0,798.0,29.078875072707945,3.7431141280541427
2024-10-21 12:54:23.920194306+00:00,-11.0,-3413.0,1364.6288491951389,1139.7518488336705
2024-10-21 12:54:28.518577763+00:00,0.0,100.0,15.406276888974592,16.18929829824065
2024-10-21 12:54:28.575646585+00:00,0.0,-100.0,13.077632916001908,-80.12245063000556
2024-10-21 12:54:28.575658039+00:00,0.0,100.0,15.406276888974592,-37.52306150358522
2024-10-21 12:54:33.076706602+00:00,11.0,3409.0,-1005.7120705511734,-645.0318622598687
2024-10-21 12:54:33.076763116+00:00,-70.0,1702.0,29.550035064231412,52.962951781829574
2024-10-21 12:54:41.332659042+00:00,-1.0,1.0,14.24596380452575,-90.18980106969127
2024-10-21 12:54:41.336753223+00:00,1.0,-1.0,14.237946000450755,-38.16573806468285
2024-10-21 12:54:41.347283222+00:00,-68.0,1665.0,27.026192677638775,66.27081803919256
2024-10-21 12:54:41.764117824+00:00,0.0,-333.25,0.8798404892084761,99.5295466283111
2024-10-21 12:54:41.769791072+00:00,-25.0,25.0,14.34217745342574,-54.30783207730824
2024-10-21 12:54:41.819429794+00:00,0.0,73.33333333333333,-99.94065380815991,14.84513463513569
2024-10-21 12:54:41.838180708+00:00,0.0,407.0,27.05155339292177,144.1596487220096
2024-10-21 12:54:42.700598912+00:00,0.0,-566.5,2.0441624756947947,47.1550298986844
2024-10-21 12:54:55.278148479+00:00,0.0,1489.0,-716.5669501014848,-514.7991804849896
2024-10-21 12:54:55.278155149+00:00,0.0,1014.6666666666666,-516.1017534777606,-265.2807755482897
2024-10-21 12:54:55.278183622+00:00,0.0,-100.0,13.077632916001908,-42.8284776499443
2024-10-21 12:54:55.278306742+00:00,68.0,-68.0,13.969349563938293,71.10164569294479
2024-10-21 12:54:55.278317125+00:00,0.0,-747.5,-0.006982664555818044,162.28942105425253
2024-10-21 12:54:55.278329008+00:00,0.0,-728.0,4.280694291338982,-173.61996807427732
2024-10-21 12:54:55.278547157+00:00,0.0,-991.3333333333334,744.1060531945886,534.7453584859362
2024-10-21 12:54:55.282480083+00:00,127.0,-1457.0,4.651467955698709,-86.94076614176518
2024-10-21 12:54:55.293445838+00:00,0.0,-1599.0,918.9266737597738,692.2889307738125
2024-10-21 12:54:55.293461222+00:00,-100.0,1556.0,24.604105717387462,-52.933264210479294
2024-10-21 12:54:55.293478028+00:00,0.0,-1000.6666666666666,1162.7572900326,778.7601670501351
2024-10-21 12:54:55.293821520+00:00,127.0,-1457.0,4.651467955698709,11.008292863622572
2024-10-21 12:54:55.347519532+00:00,-400.0,1856.0,25.80677632863725,-48.218635395229285
2024-10-21 12:54:55.376645110+00:00,0.0,1062.3333333333333,-887.8445454971476,-764.9968504220973
2024-10-21 12:54:57.286006414+00:00,-25.0,1821.0,30.343419610131754,1.75828821806786
2024-10-21 12:54:58.232213590+00:00,0.0,66.66666666666667,-89.030879249306,-116.72119396128659
2024-10-21 12:54:58.287022773+00:00,0.0,-66.66666666666667,117.51478905428252,-15.22019044812546
2024-10-21 12:54:58.287036014+00:00,0.0,205.5,-85.91872216314682,88.7630499878324
2024-10-21 12:55:04.801390940+00:00,0.0,-1506.5,1165.35550849025,826.0695162666599
2024-10-21 12:55:04.801403945+00:00,0.0,1062.3333333333333,-887.8445454971476,-667.0187453912778
2024-10-21 12:55:05.846852917+00:00,-400.0,-1056.0,5.884255106338768,58.80642398755405
2024-10-21 12:55:07.137227591+00:00,0.0,0.0,14.24195490248825,116.49796659535512
2024-10-21 12:55:07.137227591+00:00,-11.0,-3213.0,1210.926766341009,788.3418754441743
2024-10-21 12:55:07.137250126+00:00,-100.0,1921.0,30.78962751125504,-16.520738867299332
2024-10-21 12:55:07.137254976+00:00,-24.0,1882.0,30.596575805782475,76.65749658332832
2024-10-21 12:55:07.137277247+00:00,-11.0,11.0,14.286052824900748,63.78357491414114
2024-10-21 12:55:07.137292058+00:00,0.0,554.6666666666666,27.26701548819258,81.61408328757707
2024-10-21 12:55:07.137297701+00:00,0.0,-1555.5,1285.0006408581494,895.7757047598707
2024-10-21 12:55:07.137299614+00:00,0.0,-884.5,-1.4983290679195997,49.33376074506393
2024-10-21 12:55:07.208362599+00:00,0.0,1701.0,-1228.7540514149096,-946.5434255748452
2024-10-21 12:55:07.208409169+00:00,0.0,-1555.5,1285.0006408581494,1063.4712021227676
2024-10-21 12:55:07.208422476+00:00,0.0,100.0,-32.998380691154935,23.722849356447863
2024-10-21 12:55:07.237336751+00:00,24.0,-24.0,14.145741253588266,-111.30777881360699
2024-10-21 12:55:07.237363330+00:00,0.0,-910.5,-1.9048275025284724,4.995396259692318
2024-10-21 12:55:07.393764372+00:00,425.0,-1881.0,2.5769109254017075,3.6981741348435837
2024-10-21 12:55:09.549131905+00:00,-400.0,1821.0,29.66365414953215,57.832573233584526
2024-10-21 12:55:12.192189397+00:00,-400.0,400.0,15.84551571748804,-24.586639489066098
2024-10-21 12:55:12.209405788+00:00,0.0,-100.0,61.48229049613145,-19.800848809379495
2024-10-21 12:55:12.209418239+00:00,0.0,1060.6666666666667,-1227.2189309642376,-883.97703415656
2024-10-21 12:55:12.300974358+00:00,0.0,66.66666666666667,-89.030879249306,-105.56847760441336
2024-10-21 12:55:12.370199382+00:00,0.0,-1445.5,1233.036271705142,892.2313474424924
2024-10-21 12:55:13.264764014+00:00,0.0,1601.0,-1181.5137158212667,-862.8034230662396
2024-10-21 12:55:15.334545441+00:00,4.0,3202.0,-890.7806333056217,-745.329507512688
2024-10-21 12:55:15.338653449+00:00,-11.0,-3213.0,1210.926766341009,851.4437359074777
2024-10-21 12:55:15.998123326+00:00,0.0,-1555.5,1285.0006408581494,1026.4321044260378
2024-10-21 12:55:15.998136786+00:00,0.0,100.0,-32.998380691154935,-26.194178404883967
2024-10-21 12:55:16.052529509+00:00,-400.0,400.0,15.84551571748804,34.88817646443236
2024-10-21 12:55:17.765334567+00:00,0.0,-100.0,61.48229049613145,-126.96322016109873
2024-10-21 12:55:17.765347989+00:00,0.0,66.66666666666667,-89.030879249306,-110.63308343281032
2024-10-21 12:55:20.823373698+00:00,0.0,1601.0,-1181.5137158212667,-852.5600260902737
2024-10-21 12:55:22.580537870+00:00,-400.0,400.0,15.84551571748804,-35.14282634836863
2024-10-21 12:55:23.609032313+00:00,0.0,-1555.5,1285.0006408581494,1048.017924486401
2024-10-21 12:55:23.609045176+00:00,0.0,1601.0,-1181.5137158212667,-865.9578840146733
2024-10-21 12:55:23.680662027+00:00,-400.0,400.0,15.84551571748804,12.38249515096259
2024-10-21 12:55:23.701596845+00:00,200.0,-200.0,13.440174494988359,99.73973315651821
2024-10-21 12:55:23.701735603+00:00,25.0,-1481.0,4.180471740401514,44.28554018012226
2024-10-21 12:55:23.701747931+00:00,0.0,798.0,29.078875072707945,-87.92124578732408
2024-10-21 12:55:24.862826730+00:00,0.0,100.0,-32.998380691154935,-15.922570022132913
2024-10-21 12:55:26.706482748+00:00,0.0,100.0,15.406276888974592,-53.78803073231116
2024-10-21 12:55:37.151044095+00:00,0.0,-100.0,13.077632916001908,-106.75165809370915
2024-10-21 12:55:37.151054693+00:00,0.0,-728.0,4.280694291338982,-1.107250505125735
2024-10-21 12:55:37.151066136+00:00,0.0,100.0,15.406276888974592,82.21632496390913
2024-10-21 12:55:42.999639664+00:00,0.0,-1555.5,1285.0006408581494,996.181999181249
2024-10-21 12:55:42.999652165+00:00,0.0,1601.0,-1181.5137158212667,-841.2074939297535
2024-10-21 12:55:42.999664407+00:00,0.0,100.0,15.406276888974592,-62.96158024798963
2024-10-21 12:55:43.053918430+00:00,0.0,-100.0,13.077632916001908,86.21584652511238
2024-10-21 12:55:43.053930632+00:00,0.0,798.0,29.078875072707945,19.425209474943774
2024-10-21 12:55:44.065840207+00:00,0.0,100.0,-32.998380691154935,76.24233431844448
2024-10-21 12:55:44.298847396+00:00,0.0,-1555.5,1285.0006408581494,924.4949288545693
2024-10-21 12:55:44.298860589+00:00,0.0,1601.0,-1181.5137158212667,-872.26125505637
2024-10-21 12:55:49.600508142+00:00,-4.0,1562.0,28.854648394756534,-30.158765929317926
2024-10-21 12:55:49.600561018+00:00,0.0,775.5,26.51366122486164,24.368900376648586
2024-10-21 12:55:49.602960660+00:00,0.0,-511.0,-0.20916273331919924,-7.533165449275896
2024-10-21 12:55:51.620426502+00:00,-25.0,25.0,14.34217745342574,-59.19201049870063
2024-10-21 12:56:02.093908434+00:00,0.0,66.66666666666667,15.330958125015929,168.9544971394701
2024-10-21 12:56:03.269632443+00:00,0.0,-66.66666666666667,13.152951679960573,48.636832071807376
2024-10-21 12:56:03.269646561+00:00,0.0,66.66666666666667,15.330958125015929,-81.3377782764056
2024-10-21 12:56:07.124679898+00:00,0.0,100.0,-32.998380691154935,46.49534879140165
2024-10-21 12:56:08.881388845+00:00,0.0,-465.3333333333333,0.5693567187549208,18.8242944888102
2024-10-21 12:56:08.881400360+00:00,0.0,511.0,28.693072538295713,92.51507908899757
2024-10-21 12:56:09.292369731+00:00,0.0,100.0,-32.998380691154935,-41.12181355728174
2024-10-21 12:56:22.318827078+00:00,0.0,0.0,14.24195490248825,8.451984419511449
2024-10-21 12:56:22.318827078+00:00,4.0,-4.0,14.22591929433825,4.871085660352109
2024-10-21 12:56:22.318827078+00:00,98.0,-1694.0,-0.9878376674063496,128.65359039304983
2024-10-21 12:56:22.318852373+00:00,100.0,3298.0,-898.8894977253959,-619.681655650719
2024-10-21 12:56:22.318854497+00:00,37.0,37.0,11.116663407367096,105.23231268960781
2024-10-21 12:56:22.318867022+00:00,0.0,1537.0,-739.2423111864338,-508.3636954838015
2024-10-21 12:56:22.318873215+00:00,0.0,-728.0,4.280694291338982,145.31563783420563
2024-10-21 12:56:22.318879396+00:00,-91.0,-91.0,21.92848263373218,36.07373692071145
2024-10-21 12:56:22.318888491+00:00,0.0,-1599.0,918.9266737597738,695.3842361841143
2024-10-21 12:56:22.318892579+00:00,0.0,1491.5,-717.7479584913258,-484.0443171466087
2024-10-21 12:56:22.418935993+00:00,-37.0,-37.0,17.367246397609406,-18.301275063521956
2024-10-21 12:56:22.418961652+00:00,0.0,-1599.0,918.9266737597738,577.1215036996446
2024-10-21 12:56:22.418999332+00:00,0.0,798.0,29.078875072707945,107.61058972525738
2024-10-21 12:56:22.573764377+00:00,-11.0,-3213.0,1210.926766341009,898.7981315411618
2024-10-21 12:56:28.426425567+00:00,0.0,-1555.5,1285.0006408581494,885.4373083797618
2024-10-21 12:56:28.426438060+00:00,0.0,1601.0,-1181.5137158212667,-702.5758869175739
2024-10-21 12:56:29.082300571+00:00,0.0,100.0,-32.998380691154935,-38.70235678574951
2024-10-21 12:56:43.345471121+00:00,-6.0,6.0,14.266008314713252,63.804772663554445
2024-10-21 12:56:43.345495320+00:00,0.0,-1555.5,1285.0006408581494,963.7672295962125
2024-10-21 12:56:43.349563754+00:00,6.0,-6.0,14.217901490263255,-2.4737204819192256
2024-10-21 12:56:43.451978758+00:00,0.0,1601.0,-1181.5137158212667,-686.5348707394605
2024-10-21 12:56:49.157872964+00:00,-10.0,10.0,14.282043922863249,30.15956349798237
2024-10-21 12:56:49.157900740+00:00,-148.0,1789.0,29.915123912548275,-6.018085199380749
2024-10-21 12:56:49.161966909+00:00,0.0,-5.0,14.18373880316393,49.79444303483028
2024-10-21 12:56:49.162006671+00:00,98.0,-1694.0,-0.9878376674063496,29.796321815528767
2024-10-21 12:56:49.229676652+00:00,0.0,-1555.5,1285.0006408581494,851.7162630404828
2024-10-21 12:56:49.229690482+00:00,0.0,1127.3333333333333,-1330.4917651160324,-1017.3635638318244
2024-10-21 12:56:52.237667266+00:00,0.0,-66.66666666666667,117.51478905428252,44.1459455881147
2024-10-21 12:56:53.459845124+00:00,0.0,66.66666666666667,-89.030879249306,-120.08301853802666
2024-10-21 12:56:54.514621370+00:00,0.0,-66.66666666666667,117.51478905428252,86.86688878759276
2024-10-21 12:56:54.514633369+00:00,0.0,133.33333333333334,-192.3037134011001,-146.3543846161314
2024-10-21 12:56:55.487592894+00:00,-10.0,1641.0,29.30367933204901,-97.20671928242362
2024-10-21 12:56:55.488162035+00:00,-3.0,1539.0,26.410872433142785,39.26566870409069
2024-10-21 12:56:55.488202584+00:00,0.0,564.5,24.590991797801887,-67.6057973828422
2024-10-21 12:56:55.489128406+00:00,0.0,2.0,14.265241342217976,236.49417961331926
2024-10-21 12:56:55.491687427+00:00,0.0,-508.6666666666667,2.143280177270522,65.10579624116693
2024-10-21 12:56:55.492269126+00:00,97.0,-1728.0,-1.1685440043349762,116.56588047886635
2024-10-21 12:56:55.527565335+00:00,4.0,-4.0,14.22591929433825,20.828711982615516
2024-10-21 12:56:56.401563592+00:00,0.0,-66.66666666666667,117.51478905428252,148.27783975130734
2024-10-21 12:56:57.109300963+00:00,-6.0,1625.0,26.906092763647074,69.64755957016348
2024-10-21 12:56:57.109313303+00:00,93.0,-1724.0,-1.152508396184955,-0.08499962403387556
2024-10-21 12:56:57.109331676+00:00,0.0,-1030.3333333333333,1280.276607298785,942.5399086748085
2024-10-21 12:56:57.211996601+00:00,0.0,1060.6666666666667,-1227.2189309642376,-934.0269740718552
2024-10-21 12:57:02.679458939+00:00,3.0,3.0,13.988552889370325,54.206606448139574
2024-10-21 12:57:07.894276467+00:00,0.0,-147.16666666666666,238.3857367050836,260.4125233559015
2024-10-21 12:57:07.914190596+00:00,0.0,295.6666666666667,-465.1231083578504,-289.54185309124773
2024-10-21 12:57:11.591940037+00:00,0.0,66.66666666666667,-89.030879249306,-71.48057037850819
2024-10-21 12:57:11.661884620+00:00,0.0,-66.66666666666667,117.51478905428252,71.98603037506115
2024-10-21 12:57:18.749231265+00:00,0.0,0.0,14.24195490248825,-120.03412064724192
2024-10-21 12:57:28.505373884+00:00,0.0,-1030.3333333333333,1280.276607298785,969.0982111322387
2024-10-21 12:57:28.505387072+00:00,0.0,493.75,-574.638947774149,-498.93401914540954
2024-10-21 12:57:28.732652951+00:00,0.0,-561.3333333333334,553.7522190409129,308.5056949564847
2024-10-21 12:57:30.098442544+00:00,0.0,-66.66666666666667,117.51478905428252,74.7133419288042
2024-10-21 12:57:30.210776056+00:00,0.0,493.75,-574.638947774149,-353.6400994271323
2024-10-21 12:57:31.558732931+00:00,0.0,469.0,-747.4357738761395,-546.0110881594264
2024-10-21 12:57:32.240045543+00:00,0.0,66.66666666666667,-89.030879249306,7.882510098799532
2024-10-21 12:57:34.892506576+00:00,0.0,-66.66666666666667,117.51478905428252,27.46211255608171
2024-10-21 12:57:35.231673580+00:00,0.0,66.66666666666667,-89.030879249306,-62.1703399684889
2024-10-21 12:57:36.202783941+00:00,0.0,-66.66666666666667,117.51478905428252,38.22354649907277
2024-10-21 12:57:36.556498826+00:00,22.0,3223.0,-898.2520707113046,-747.3851769177702
2024-10-21 12:57:37.356921695+00:00,0.0,50.0,-94.85579068605091,-43.55887492207307
2024-10-21 12:57:43.442533026+00:00,0.0,-50.0,123.3397004910274,-45.602836588361484
2024-10-21 12:57:43.442545695+00:00,0.0,73.33333333333333,-99.94065380815991,-109.924927891065
2024-10-21 12:57:48.025719444+00:00,0.0,-1000.6666666666666,1162.7572900326,993.2999833218898
2024-10-21 12:57:48.025732688+00:00,0.0,841.75,-991.8574279635773,-538.3432823093979
2024-10-21 12:58:02.614676805+00:00,-8.0,1627.0,26.91411056772208,-96.05256174910713
2024-10-21 12:58:02.926203519+00:00,0.0,140.0,-203.21348795995405,-94.4070293828252
2024-10-21 12:58:03.694780418+00:00,0.0,133.33333333333334,-192.3037134011001,-11.432111260678539
2024-10-21 12:58:04.432418262+00:00,0.0,0.0,14.24195490248825,-60.85978703906709
2024-10-21 12:58:04.559873878+00:00,0.0,1638.5,-849.8891492872498,-657.5007027173059
2024-10-21 12:58:04.664725575+00:00,0.0,1.0,14.253598122353118,12.349727349095385
2024-10-21 12:58:07.447014433+00:00,0.0,100.0,15.406276888974592,11.968716331776132
2024-10-21 12:58:10.664315609+00:00,-100.0,1429.0,26.048874749397065,81.61681903355209
2024-10-21 12:58:10.664349579+00:00,0.0,-746.75,813.0556211503294,603.2028411237684
2024-10-21 12:58:10.664468587+00:00,-6.0,1335.0,26.27914831045845,-30.140258536043746
2024-10-21 12:58:10.664469496+00:00,-100.0,-3116.0,1174.5108472947525,874.0864449020376
2024-10-21 12:58:10.664469496+00:00,22.0,3123.0,-817.2792589623318,-423.6760409518345
2024-10-21 12:58:10.664494919+00:00,-100.0,-3116.0,1174.5108472947525,959.4780979711531
2024-10-21 12:58:10.664494919+00:00,-95.0,-95.0,22.266351984556096,74.94580600056327
2024-10-21 12:58:10.664498353+00:00,0.0,0.0,14.24195490248825,-116.36176910806223
2024-10-21 12:58:10.664498353+00:00,-14.0,-3125.0,1286.183183586033,924.5592525980217
2024-10-21 12:58:10.664507666+00:00,0.0,-185.6,5.098600210701787,-18.636935448876372
2024-10-21 12:58:10.664525419+00:00,0.0,7.5,14.32927905147473,47.653410857495004
2024-10-21 12:58:10.664537782+00:00,0.0,-7.5,14.154630753501776,93.81234454778122
2024-10-21 12:58:10.664655804+00:00,-95.0,1332.0,26.51439914488789,-55.040036925307774
2024-10-21 12:58:10.664709483+00:00,0.0,-410.3333333333333,3.2193504490254745,89.28319133226768
2024-10-21 12:58:10.665088334+00:00,0.0,0.0,14.24195490248825,19.507080790659845
2024-10-21 12:58:10.665164204+00:00,0.0,-178.6,293.4314475947956,188.22539076855932
2024-10-21 12:58:10.665444096+00:00,0.0,-245.6,3.9214271005634695,-34.90554700458112
2024-10-21 12:58:10.666096256+00:00,0.0,0.0,14.24195490248825,25.93000310302072
2024-10-21 12:58:10.666096256+00:00,6.0,-1642.0,-0.7970655557042897,55.39374332159178
2024-10-21 12:58:10.666117777+00:00,100.0,2225.0,-890.8056560320322,-531.8493530692565
2024-10-21 12:58:10.666119828+00:00,22.0,22.0,12.383673472956753,-88.56303744255786
2024-10-21 12:58:10.666134191+00:00,0.0,1012.5,-637.2005561385938,-388.3701121690179
2024-10-21 12:58:10.666182330+00:00,-100.0,-100.0,22.68868867308598,99.39338237889726
2024-10-21 12:58:10.668387164+00:00,127.0,-1457.0,4.651467955698709,-109.44936399795331
2024-10-21 12:58:10.668387164+00:00,-202.0,1658.0,25.0130137252124,-96.0396305091616
2024-10-21 12:58:10.668387164+00:00,-6.0,1642.0,29.280975360680834,10.597671068687704
2024-10-21 12:58:10.668387164+00:00,8.0,-1699.0,-1.1800894276124043,-5.598673643082316
2024-10-21 12:58:10.668387164+00:00,295.0,-1751.0,3.0980681902766514,-4.194146407991049
2024-10-21 12:58:10.668412244+00:00,227.0,675.0,-543.770012035978,-317.04559048144586
2024-10-21 12:58:10.668421624+00:00,0.0,908.5,-306.1127216986829,-191.19225219581278
2024-10-21 12:58:10.668424903+00:00,100.0,1987.0,-246.7253172601486,-92.80315958562491
2024-10-21 12:58:10.668436484+00:00,100.0,100.0,5.795221131890529,35.05018786183465
2024-10-21 12:58:10.668486990+00:00,0.0,-908.5,334.5966315036595,208.78347111026832
2024-10-21 12:58:10.668495920+00:00,-100.0,-100.0,22.68868867308598,55.810312187038086
2024-10-21 12:58:10.668504902+00:00,-9.0,-2041.0,554.976907162921,469.4679138944259
2024-10-21 12:58:10.668524657+00:00,0.0,-1012.5,665.68446594357,456.3589878188724
2024-10-21 12:58:10.668685103+00:00,100.0,2119.0,-531.1089032756015,-398.22213042802696
2024-10-21 12:58:10.668708138+00:00,100.0,1995.0,-329.3410739445217,-269.6248766122172
2024-10-21 12:58:10.668768437+00:00,15.0,1980.0,-279.4433796309519,16.448735825090417
2024-10-21 12:58:10.668997172+00:00,0.0,-598.3333333333334,325.75808218207885,244.59168192070103
2024-10-21 12:58:10.669075250+00:00,0.0,-1009.5,551.1460793099805,356.4969724602832
2024-10-21 12:58:10.672875445+00:00,-9.0,-2034.0,666.4446719829239,432.9436871504896
2024-10-21 12:58:10.766666052+00:00,0.0,40.0,-69.3768106494479,-117.96930841033775
2024-10-21 12:58:10.766692893+00:00,0.0,-1162.5,1019.9405776549503,816.4803090698438
2024-10-21 12:58:10.769583448+00:00,-14.0,-2335.0,1026.4079008678586,764.2533421060868
2024-10-21 12:58:10.779690647+00:00,-200.0,1656.0,25.004995921137425,47.896666883611346
2024-10-21 12:58:10.931928238+00:00,-200.0,1796.0,29.880655480207853,111.48296644781709
2024-10-21 12:58:10.970212670+00:00,0.0,111.11111111111111,-85.73216803348068,-53.73870170952627
2024-10-21 12:58:11.735054168+00:00,0.0,66.66666666666667,-89.030879249306,-110.11702189699727
2024-10-21 12:58:11.739498889+00:00,0.0,-728.0,4.280694291338982,-65.81979181073258
2024-10-21 12:58:11.739510725+00:00,0.0,489.6666666666667,28.31203926244421,-15.212289649320832
2024-10-21 12:58:11.741567426+00:00,0.0,66.66666666666667,15.330958125015929,-50.49515633665601
2024-10-21 12:58:11.790575104+00:00,0.0,-66.66666666666667,117.51478905428252,74.2869846864966
2024-10-21 12:58:11.790587578+00:00,0.0,1163.6666666666667,-1166.8385284774495,-751.9317320072773
2024-10-21 12:58:13.632358940+00:00,0.0,210.0,-90.56599969997758,-52.32773550726112
2024-10-21 12:58:15.135381045+00:00,0.0,-66.66666666666667,13.152951679960573,101.83596653703358
2024-10-21 12:58:15.135391677+00:00,0.0,-443.0,5.020038752757784,-64.98797912958068
2024-10-21 12:58:15.135402966+00:00,0.0,556.3333333333334,29.401042484971878,-49.23858308916926
2024-10-21 12:58:15.189814409+00:00,0.0,200.0,-80.23871628479812,-21.944236292759054
2024-10-21 12:58:15.280737422+00:00,0.0,-100.0,61.48229049613145,54.9868253254461
2024-10-21 12:58:15.315283786+00:00,0.0,163.5,16.097793935279675,33.24115276791805
2024-10-21 12:58:16.357123535+00:00,0.0,100.0,15.406276888974592,-47.844966482918764
2024-10-21 12:58:20.739070247+00:00,0.0,100.0,-32.998380691154935,2.2194263069335607
2024-10-21 12:58:25.681145858+00:00,100.0,2516.0,-846.1448682119955,-610.2552050657938
2024-10-21 12:58:25.752287218+00:00,0.0,-66.66666666666667,117.51478905428252,104.21906705746082
2024-10-21 12:58:38.664122485+00:00,100.0,-100.0,13.841064698738304,26.536161609265925
2024-10-21 12:58:38.865141726+00:00,-100.0,1733.0,29.67612373528882,-93.59637197960858
2024-10-21 12:58:38.865153436+00:00,0.0,-798.0,-0.5949652677313769,-42.241311905066354
2024-10-21 12:58:38.884268974+00:00,0.0,66.66666666666667,-89.030879249306,-32.786350015983295
2024-10-21 12:58:38.934127462+00:00,0.0,2.5,13.060946512647172,122.28051984761477
2024-10-21 12:58:39.124837053+00:00,0.0,816.5,29.275233531538884,-22.114275723795274
2024-10-21 12:58:39.665440876+00:00,0.0,307.5,24.574928057855566,-15.541506608439404
2024-10-21 12:58:44.315042667+00:00,0.0,-66.66666666666667,117.51478905428252,-6.3687190720505065
2024-10-21 12:58:44.315056213+00:00,0.0,66.66666666666667,-89.030879249306,-231.65653357499264
2024-10-21 12:58:53.553367785+00:00,0.0,-1037.0,999.1040533940173,781.8459751130825
2024-10-21 12:58:53.553380154+00:00,0.0,800.6666666666666,-834.3913109498426,-637.2436892621046
2024-10-21 12:58:54.392440802+00:00,0.0,-2.5,15.42296329232933,17.38001351498348
2024-10-21 12:58:54.393294723+00:00,0.0,797.3333333333334,-729.0295467061344,-424.1359566542901
2024-10-21 12:58:56.608715388+00:00,0.0,-600.6666666666666,553.0567182994365,324.9418985208305
2024-10-21 12:58:56.926366487+00:00,-6.0,1136.0,24.061220795718988,-68.78188490431319
2024-10-21 12:58:56.926409817+00:00,0.0,558.5,25.064838908639643,36.273077565983336
2024-10-21 12:58:56.930460468+00:00,87.0,-1217.0,4.097967944220045,43.43080905625697
2024-10-21 12:58:56.936864426+00:00,0.0,0.0,14.24195490248825,-104.60009295537951
2024-10-21 12:58:56.936864426+00:00,0.0,0.0,14.24195490248825,65.74230812720857
2024-10-21 12:58:56.985971755+00:00,0.0,-765.0,2.237817531350092,25.22407030782642
2024-10-21 12:58:56.985973938+00:00,0.0,-767.5,-0.295371529503163,-29.0077741190476
2024-10-21 12:58:57.006192128+00:00,0.0,-66.66666666666667,117.51478905428252,183.6363997055542
2024-10-21 12:58:57.006204731+00:00,0.0,596.75,-726.4477258523397,-481.0493484019837
2024-10-21 12:58:57.186825862+00:00,-100.0,1617.0,26.571301548254734,-7.197703695771002
2024-10-21 12:58:57.188827212+00:00,0.0,-333.25,0.8798404892084761,43.91744234751034
2024-10-21 12:58:57.245928065+00:00,0.0,509.3333333333333,26.35151965993125,-57.48121220590305
2024-10-21 12:58:59.191738848+00:00,-2.0,2.0,14.249972706563254,32.07618642023981
2024-10-21 12:59:00.362666414+00:00,0.0,100.5,20.835587671482212,-35.14999453156333
2024-10-21 12:59:01.222899124+00:00,0.0,-307.5,4.216589176874929,148.20798782574684
2024-10-21 12:59:01.222911311+00:00,0.0,50.0,15.48649024674262,-26.26414760075084
2024-10-21 12:59:01.250393352+00:00,0.0,100.0,-203.95353627459002,-166.87809036471157
2024-10-21 12:59:01.302902468+00:00,0.0,232.5,23.18293210796815,-156.0032506529569
2024-10-21 12:59:02.387943682+00:00,0.0,100.0,-203.95353627459002,-111.8115879087013
2024-10-21 12:59:02.700990199+00:00,100.0,100.0,5.795221131890529,-67.53537854394138
2024-10-21 12:59:18.925937054+00:00,0.0,-800.6666666666666,862.8752207548191,602.8132203787083
2024-10-21 12:59:18.926788826+00:00,0.0,2.5,13.060946512647172,21.669798418061866
2024-10-21 12:59:29.383886738+00:00,0.0,-476.6666666666667,3.1275859543472486,61.97745965293261
2024-10-21 12:59:29.584160244+00:00,-100.0,1119.0,24.069181933382502,-0.9238570075674257
2024-10-21 12:59:29.843991689+00:00,0.0,33.333333333333336,14.786456513752091,-104.60998214258626
2024-10-21 12:59:34.987099899+00:00,0.0,-66.66666666666667,117.51478905428252,84.20476286908266
2024-10-21 12:59:41.219174443+00:00,0.0,66.66666666666667,-89.030879249306,-126.64175036908527
2024-10-21 12:59:41.751768006+00:00,151.0,2757.0,-796.2535486840058,-771.2086688888053
2024-10-21 12:59:41.751808827+00:00,0.0,-307.5,4.216589176874929,-37.20342432624333
2024-10-21 12:59:41.752297252+00:00,0.0,50.0,15.48649024674262,58.89203124185315
2024-10-21 12:59:41.755876256+00:00,-200.0,-2621.0,884.2565201774106,595.1000305339553
2024-10-21 12:59:58.443981541+00:00,0.0,232.5,23.18293210796815,29.02658918239958
2024-10-21 13:00:00.834769249+00:00,0.0,-66.66666666666667,117.51478905428252,121.04402948577398
2024-10-21 13:00:00.834779433+00:00,0.0,-703.6666666666666,907.5360085748567,779.9887299347702
2024-10-21 13:00:00.834789913+00:00,0.0,800.6666666666666,-834.3913109498426,-633.3271957019349
2024-10-21 13:00:02.522599613+00:00,0.0,-66.66666666666667,117.51478905428252,57.07129948453752
2024-10-21 13:00:04.240937700+00:00,0.0,66.66666666666667,-89.030879249306,-55.19826742959769
2024-10-21 13:00:05.482580960+00:00,0.0,50.0,15.48649024674262,111.65756119990738
2024-10-21 13:00:07.149349109+00:00,0.0,-66.66666666666667,117.51478905428252,-106.63707152804754
2024-10-21 13:00:07.149359620+00:00,0.0,-703.6666666666666,907.5360085748567,667.3642192299098
2024-10-21 13:00:07.149370167+00:00,0.0,133.33333333333334,-192.3037134011001,-94.8029993825215
2024-10-21 13:00:07.381906885+00:00,0.0,800.6666666666666,-834.3913109498426,-546.3110027387813
2024-10-21 13:00:08.520115733+00:00,0.0,133.33333333333334,-192.3037134011001,-282.5166874854839
2024-10-21 13:00:12.307331848+00:00,0.0,-703.6666666666666,907.5360085748567,683.2633778522113
2024-10-21 13:00:12.307344629+00:00,0.0,133.33333333333334,-192.3037134011001,-247.7698771274806
2024-10-21 13:00:21.846946300+00:00,0.0,-33.333333333333336,13.697453291224415,34.857708121599735
2024-10-21 13:00:22.047186467+00:00,2.0,-1519.0,2.613088086150702,37.742162047834334
2024-10-21 13:00:22.047193836+00:00,-100.0,1119.0,24.069181933382502,122.84549007720621
2024-10-21 13:00:22.047247171+00:00,0.0,501.5,24.556562375919864,-3.4816894578657447
2024-10-21 13:00:22.047528913+00:00,0.0,0.3333333333333333,14.247399918600895,54.364941353985316
2024-10-21 13:00:22.049440630+00:00,0.0,-0.6666666666666666,14.231064870262976,32.3251415683935
2024-10-21 13:00:22.051622729+00:00,0.0,-339.0,4.827261295208828,46.20989414315203
2024-10-21 13:00:22.306998857+00:00,0.0,339.0,24.601158720634153,-35.90351886958615
2024-10-21 13:00:23.028961848+00:00,0.0,800.6666666666666,-834.3913109498426,-524.9586072510692
2024-10-21 13:00:23.497741295+00:00,0.0,133.33333333333334,-192.3037134011001,-37.66767933205634
2024-10-21 13:00:24.055121332+00:00,-2.0,2.0,14.249972706563254,94.02397906037582
2024-10-21 13:00:32.311803698+00:00,0.0,0.0,14.24195490248825,229.62274572233463
2024-10-21 13:00:37.203589594+00:00,0.0,-339.0,4.827261295208828,-31.60427542367093
2024-10-21 13:00:37.403888415+00:00,-100.0,1203.0,25.50873287968993,114.12911653381418
2024-10-21 13:00:37.403900812+00:00,0.0,-50.0,13.659793909245076,-27.99662013199744
2024-10-21 13:00:37.663834055+00:00,0.0,33.333333333333336,14.786456513752091,64.0299680644633
2024-10-21 13:00:37.909519348+00:00,0.0,-600.5,3.756085067641403,-19.846611820212864
2024-10-21 13:00:39.919001937+00:00,-2.0,2.0,14.249972706563254,-1.875977950309856
2024-10-21 13:00:41.254543871+00:00,0.0,-703.6666666666666,907.5360085748567,610.1448433709345
2024-10-21 13:00:41.254556294+00:00,0.0,800.6666666666666,-834.3913109498426,-605.094099277688
2024-10-21 13:00:47.280596294+00:00,-1.0,1204.0,25.656353189241294,68.12345064439839
2024-10-21 13:00:47.280659810+00:00,0.0,42.0,14.730970136812527,-89.93439241394799
2024-10-21 13:00:47.281137105+00:00,0.0,0.0,14.24195490248825,-97.72269220212108
2024-10-21 13:00:47.281141058+00:00,0.0,0.0,14.24195490248825,-65.70259656609868
2024-10-21 13:00:47.281338436+00:00,-100.0,-100.0,22.68868867308598,17.624644173070195
2024-10-21 13:00:47.281338436+00:00,-85.0,-85.0,21.421678607496318,-68.73200586570317
2024-10-21 13:00:47.281338436+00:00,185.0,185.0,-1.3845025731175407,17.80039307260536
2024-10-21 13:00:47.281361951+00:00,-285.0,1202.0,40.56550905274547,123.48024322031392
2024-10-21 13:00:47.281390357+00:00,0.0,-703.6666666666666,907.5360085748567,734.3638561270859
2024-10-21 13:00:47.281409424+00:00,1.0,-1288.0,2.33854138141092,23.641775431321133
2024-10-21 13:00:47.281544196+00:00,-100.0,100.0,14.642845106238205,-18.42644050095221
2024-10-21 13:00:47.281567592+00:00,0.0,0.0,14.24195490248825,-88.66685694028882
2024-10-21 13:00:47.281567592+00:00,-19.0,-2140.0,923.557403404594,641.5930045039581
2024-10-21 13:00:47.281588001+00:00,-100.0,1487.0,25.52121257038282,-75.77274998244386
2024-10-21 13:00:47.281592801+00:00,-1.0,1088.0,22.420306945376357,-37.48243853673042
2024-10-21 13:00:47.281602730+00:00,0.0,-693.5,3.3635874383436457,84.73658478141431
2024-10-21 13:00:47.281718049+00:00,0.0,-166.0,4.968625570356883,-80.33159046485342
2024-10-21 13:00:47.281791800+00:00,0.0,-0.5,14.236133292555824,98.76538744889118
2024-10-21 13:00:47.281884865+00:00,0.0,-650.0,3.216275284850614,117.4469708610114
2024-10-21 13:00:47.283236429+00:00,0.0,-1.0,14.230311682623384,-63.181336625565656
2024-10-21 13:00:47.340772919+00:00,0.0,-33.333333333333336,13.697453291224415,-16.242864084211487
2024-10-21 13:00:47.350814208+00:00,0.0,1155.5,-926.2924343635231,-812.7864116595151
2024-10-21 13:00:47.352683135+00:00,0.0,-1060.5,921.9525239881806,712.9812739678592
2024-10-21 13:00:47.381671412+00:00,184.0,-1698.0,1.900932745123043,-6.461926861029399
2024-10-21 13:00:47.391389607+00:00,0.0,1155.5,-926.2924343635231,-685.5861388986611
2024-10-21 13:00:47.540862619+00:00,-100.0,1298.0,25.112379892747153,-161.01057184646527
2024-10-21 13:00:48.046853525+00:00,-100.0,1298.0,26.022923240925056,-6.3617018586809735
2024-10-21 13:00:48.046865874+00:00,0.0,-599.0,3.772420115979306,63.8517249504289
2024-10-21 13:00:48.047217522+00:00,-84.0,84.0,14.578702673638205,48.54306474193241
2024-10-21 13:00:48.057752746+00:00,0.0,44.25,-24.131617182196397,64.74339560438494
2024-10-21 13:00:48.106791240+00:00,0.0,-50.0,13.659793909245076,25.37027558198391
2024-10-21 13:00:48.270719410+00:00,0.0,-13.777777777777779,26.6387461465484,0.19705810426954695
2024-10-21 13:00:48.306982169+00:00,0.0,549.0,25.0775314259113,-12.755470447415137
2024-10-21 13:00:49.286612720+00:00,-2.0,2.0,14.249972706563254,-29.68752689448503
2024-10-21 13:00:49.631471943+00:00,0.0,40.0,15.978662134348994,89.53659532024244
2024-10-21 13:00:49.661620967+00:00,0.0,-1051.0,911.1322318121972,764.8134508635
2024-10-21 13:00:49.661634376+00:00,0.0,724.3333333333334,-958.0442501052537,-691.7439739326969
2024-10-21 13:00:49.664098756+00:00,2.0,-2.0,14.233937098413252,-111.72515603628467
2024-10-21 13:00:49.688039551+00:00,0.0,-40.0,12.505247670627522,16.063490711107207
2024-10-21 13:00:49.688052684+00:00,0.0,80.0,17.715369366209707,14.934454601433789
2024-10-21 13:00:49.716064956+00:00,0.0,66.66666666666667,-89.030879249306,-68.42077758549932
2024-10-21 13:00:49.726074065+00:00,-200.0,-530.0,7.3472934487626205,-26.62742560978825
2024-10-21 13:00:49.778826185+00:00,200.0,-200.0,13.440174494988359,99.82815887084843
2024-10-21 13:00:49.778838318+00:00,0.0,228.5,23.752529384394812,-85.23398228857995
2024-10-21 13:00:54.716822373+00:00,0.0,110.0,-43.32566410633436,-62.58621111102827
2024-10-21 13:00:59.693940803+00:00,0.0,50.0,15.48649024674262,22.128977859379876
2024-10-21 13:00:59.747110424+00:00,0.0,-50.0,12.997419558233883,79.34086478253981
2024-10-21 13:00:59.747122038+00:00,-200.0,-614.0,6.824588604175785,31.18512059361165
2024-10-21 13:01:00.264901397+00:00,0.0,-183.5,5.024236192795071,19.521636218318456
2024-10-21 13:01:02.339834695+00:00,200.0,-200.0,13.440174494988359,120.19245655337018
2024-10-21 13:01:02.339847159+00:00,0.0,66.66666666666667,15.330958125015929,173.49679997036876
2024-10-21 13:01:02.394404993+00:00,0.0,100.0,-32.998380691154935,6.806270610720559
2024-10-21 13:01:05.134038116+00:00,0.0,8.5,14.340922271339597,88.05947522429148
2024-10-21 13:01:05.134048475+00:00,0.0,-1051.0,911.1322318121972,633.8998119620976
2024-10-21 13:01:05.138120217+00:00,0.0,-8.5,14.142987533636916,-50.408606648568316
2024-10-21 13:01:05.235815575+00:00,0.0,1096.5,-912.3390349622816,-737.1309266745058
2024-10-21 13:01:05.393823832+00:00,100.0,-100.0,13.841064698738304,147.24850420366434
2024-10-21 13:01:05.393825110+00:00,-100.0,1380.0,25.579666637974757,-17.83240408559423
2024-10-21 13:01:05.899852701+00:00,-81.0,81.0,14.566675967525702,-76.5002273898015
2024-10-21 13:01:05.959248966+00:00,0.0,-532.0,1.8523376799873414,74.59939009236577
2024-10-21 13:01:06.034140717+00:00,0.0,365.3333333333333,23.98972746691002,-98.48434363689103
2024-10-21 13:01:06.159894555+00:00,100.0,-100.0,13.841064698738304,-142.58860565765673
2024-10-21 13:01:06.159895738+00:00,-100.0,1261.0,25.49199430989202,-94.03819010811958
2024-10-21 13:01:06.160259036+00:00,-81.0,81.0,14.566675967525702,110.1378004877892
2024-10-21 13:01:06.160299314+00:00,0.0,-121.33333333333333,6.835307442562521,45.26954420565733
2024-10-21 13:01:06.417068923+00:00,0.0,-328.0,3.398722255976626,82.11391773005202
2024-10-21 13:01:06.417082645+00:00,0.0,225.6,25.122016826135486,171.35015850092248
2024-10-21 13:01:06.419808801+00:00,0.0,50.0,14.82411589573143,-19.395500475603257
2024-10-21 13:01:06.420441261+00:00,-4.0,1562.0,27.550937909469134,-9.730354154794044
2024-10-21 13:01:06.487767695+00:00,0.0,-1051.0,911.1322318121972,626.9805069890523
2024-10-21 13:01:06.487780628+00:00,0.0,100.0,-32.998380691154935,-215.32111575130034
2024-10-21 13:01:06.928932179+00:00,0.0,-50.0,13.659793909245076,31.780040977450753
2024-10-21 13:01:06.928934336+00:00,-100.0,100.0,14.642845106238205,108.463575687631
2024-10-21 13:01:07.114657176+00:00,0.0,56.8,16.52500800665514,101.94242222718003
2024-10-21 13:01:07.491424602+00:00,0.0,1096.5,-912.3390349622816,-529.5911049985691
2024-10-21 13:01:07.809440257+00:00,0.0,-162.4,6.10589040518099,25.53804704347536
2024-10-21 13:01:07.809453384+00:00,0.0,138.0,22.94269759970222,15.098613323069806
2024-10-21 13:01:07.864852819+00:00,0.0,-1051.0,911.1322318121972,640.0246893328125
2024-10-21 13:01:07.864865339+00:00,0.0,133.33333333333334,-192.3037134011001,-89.98289271907566
2024-10-21 13:01:08.021159560+00:00,0.0,-105.6,8.572014674423277,21.560129579448155
2024-10-21 13:01:10.260620882+00:00,0.0,0.0,14.24195490248825,89.63368076484299
2024-10-21 13:01:10.260688910+00:00,0.0,0.0,14.24195490248825,39.55338220550518
2024-10-21 13:01:13.991855366+00:00,0.0,-66.66666666666667,117.51478905428252,-25.902662330852745
2024-10-21 13:01:13.993575048+00:00,0.0,-66.66666666666667,117.51478905428252,118.63009863944362
2024-10-21 13:01:13.993804360+00:00,-81.0,1443.0,26.715979799074184,-12.118533982808943
2024-10-21 13:01:13.993845419+00:00,0.0,-14.0,13.695609030182093,36.33934104567763
2024-10-21 13:01:14.053073117+00:00,0.0,-25.0,13.619687230361064,0.2825442946602621
2024-10-21 13:01:14.101635781+00:00,0.0,66.66666666666667,-89.030879249306,-114.8828213716854
2024-10-21 13:01:14.254042044+00:00,-100.0,100.0,14.642845106238205,48.725605551576095
2024-10-21 13:01:14.254340207+00:00,0.0,3.75,14.33529505330733,136.39558606013082
2024-10-21 13:01:14.258450289+00:00,0.0,-3.75,14.148614751669179,-51.760575749990956
2024-10-21 13:01:14.551172515+00:00,0.0,66.66666666666667,-89.030879249306,62.137559451406716
2024-10-21 13:01:14.757245185+00:00,-100.0,1458.0,26.0634836287301,-97.14437434418394
2024-10-21 13:01:14.757257838+00:00,0.0,-50.0,13.659793909245076,-21.332907173077025
2024-10-21 13:01:14.757605580+00:00,-81.0,81.0,14.566675967525702,110.19308681940913
2024-10-21 13:01:14.817149379+00:00,0.0,-33.333333333333336,13.697453291224415,112.36014726266991
2024-10-21 13:01:15.017831294+00:00,0.0,50.0,14.82411589573143,20.66079367262345
2024-10-21 13:01:22.653792170+00:00,0.0,-89.71428571428571,6.842035710765099,35.492500414782015
2024-10-21 13:01:22.653805266+00:00,0.0,118.14285714285714,22.28885123586288,-9.126300728456995
2024-10-21 13:01:22.709886825+00:00,0.0,28.571428571428573,15.344866930390925,-91.33026501767468
2024-10-21 13:01:22.771731264+00:00,0.0,-66.66666666666667,117.51478905428252,14.278078850542432
2024-10-21 13:01:22.771744033+00:00,0.0,791.0,-1061.3170842570478,-715.8882518610297
2024-10-21 13:01:24.376253116+00:00,0.0,0.0,14.24195490248825,-5.601663230452834
2024-10-21 13:01:31.407847430+00:00,0.0,-138.0,5.541212205274271,-77.14325706312451
2024-10-21 13:01:36.770750984+00:00,0.0,-694.0,906.4081982528329,570.8669568245541
2024-10-21 13:01:36.770763949+00:00,0.0,66.66666666666667,-89.030879249306,13.279426262273343
2024-10-21 13:01:38.009732596+00:00,0.0,66.66666666666667,-89.030879249306,-62.423719848776756
2024-10-21 13:01:38.212599640+00:00,0.0,-66.66666666666667,117.51478905428252,35.10862142807775
2024-10-21 13:01:41.028235004+00:00,0.0,33.333333333333336,15.542778407979101,28.813503225009374
2024-10-21 13:01:41.825702493+00:00,0.0,66.66666666666667,-89.030879249306,-30.46076201466502
2024-10-21 13:01:43.524114303+00:00,-16.0,1371.0,25.647343638133066,132.7890693297949
2024-10-21 13:01:43.583733107+00:00,0.0,-33.333333333333336,13.697453291224415,-92.3905768164331
2024-10-21 13:01:43.783882145+00:00,-100.0,100.0,14.642845106238205,123.27761217268328
2024-10-21 13:01:45.884946041+00:00,-20.0,-2512.0,757.8982445529912,398.7623234159086
2024-10-21 13:01:45.884946041+00:00,5.0,2507.0,-1089.616326999339,-719.9189773027566
2024-10-21 13:01:45.884946041+00:00,14.0,14.0,13.05941217460457,102.39025792945694
2024-10-21 13:01:45.884946041+00:00,-10.0,-10.0,15.086628279548025,-2.021221087104986
2024-10-21 13:01:45.884946041+00:00,-1.0,-1.0,14.326422240194224,-8.455993144071275
2024-10-21 13:01:45.885003513+00:00,-20.0,-834.0,757.9526947141175,496.79068291944816
2024-10-21 13:01:45.885132988+00:00,0.0,-100.0,61.48229049613145,166.93408225799766
2024-10-21 13:01:45.885143787+00:00,0.0,-100.0,61.48229049613145,61.74193789486106
2024-10-21 13:01:45.889098836+00:00,0.0,-3.3333333333333335,14.187504741361868,62.82185362165594
2024-10-21 13:01:45.934608846+00:00,0.0,100.0,-32.998380691154935,-37.94848279667695
2024-10-21 13:01:45.952579456+00:00,0.0,-100.0,61.48229049613145,97.4501141489143
2024-10-21 13:01:46.089830558+00:00,0.0,358.3333333333333,-357.9455684935724,-257.3483481032058
2024-10-21 13:01:53.318700214+00:00,-4.0,975.0,22.66360965105698,-68.01310152795004
2024-10-21 13:01:53.318745624+00:00,0.0,-295.0,376.6328013039485,356.61789437394066
2024-10-21 13:01:53.319069858+00:00,-16.0,16.0,14.306097335088246,-104.20501642191063
2024-10-21 13:01:53.319109528+00:00,0.0,-118.14285714285714,6.195058569113622,-32.159590920411986
2024-10-21 13:01:53.357137118+00:00,4.0,-4.0,14.22591929433825,86.79848049507922
2024-10-21 13:01:53.421896177+00:00,0.0,358.3333333333333,-357.9455684935724,-282.0480280489883
2024-10-21 13:01:53.580085827+00:00,0.0,-50.0,13.659793909245076,61.51576830374942
2024-10-21 13:01:53.580087339+00:00,-100.0,100.0,14.642845106238205,47.54073999548299
2024-10-21 13:01:53.886883978+00:00,0.0,-33.333333333333336,13.697453291224415,75.44035192572254
2024-10-21 13:01:54.087201713+00:00,100.0,-100.0,13.841064698738304,-119.0369069028302
2024-10-21 13:01:54.087204965+00:00,-100.0,806.0,21.735690829480816,78.30520510363652
2024-10-21 13:01:54.087566172+00:00,-81.0,81.0,14.566675967525702,79.0867623743328
2024-10-21 13:01:54.087608499+00:00,0.0,-118.14285714285714,6.195058569113622,-125.83257098540642
2024-10-21 13:01:54.347089082+00:00,0.0,50.0,14.82411589573143,14.322606556109045
2024-10-21 13:01:54.854313070+00:00,100.0,-100.0,13.841064698738304,-56.456300741863046
2024-10-21 13:01:54.854320646+00:00,-100.0,906.0,22.330319018341513,-33.25855066037104
2024-10-21 13:01:54.854683427+00:00,-81.0,81.0,14.566675967525702,75.59239789053726
2024-10-21 13:01:54.854726318+00:00,0.0,-118.14285714285714,6.195058569113622,-91.935602836492
2024-10-21 13:01:54.914155820+00:00,0.0,-33.333333333333336,13.697453291224415,-28.629915546664215
2024-10-21 13:01:55.114822843+00:00,0.0,50.0,14.82411589573143,73.4164618985549
2024-10-21 13:01:55.619347215+00:00,-100.0,1083.0,23.126597339293976,-28.727969618704357
2024-10-21 13:01:55.619359544+00:00,0.0,-50.0,13.659793909245076,88.83838506125721
2024-10-21 13:01:55.619386195+00:00,0.0,-601.0,3.7244641373735434,60.67208157838086
2024-10-21 13:01:55.619397108+00:00,0.0,-40.5,13.77040449796128,51.470425768487715
2024-10-21 13:01:55.619408622+00:00,0.0,-335.3333333333333,4.246688704145451,180.03988900805987
2024-10-21 13:01:55.619418677+00:00,0.0,-363.3333333333333,4.153517091155067,126.00646458729209
2024-10-21 13:01:55.619428622+00:00,0.0,-503.0,2.235845451185425,-8.21342736269647
2024-10-21 13:01:55.619439498+00:00,0.0,-511.0,-0.20916273331919924,23.610006960299955
2024-10-21 13:01:55.619990738+00:00,-81.0,81.0,14.566675967525702,47.272887357504324
2024-10-21 13:01:55.679367069+00:00,100.0,-100.0,13.841064698738304,-22.27734559072269
2024-10-21 13:01:55.679377988+00:00,0.0,-798.0,-0.5949652677313769,119.4539029618571
2024-10-21 13:01:55.691001931+00:00,0.0,-295.0,376.6328013039485,257.7903520312136
2024-10-21 13:01:55.691014779+00:00,0.0,318.5,-472.3227367909137,-426.13613939873983
2024-10-21 13:01:55.879929994+00:00,0.0,816.5,29.275233531538884,36.396260350204116
2024-10-21 13:01:55.939347809+00:00,-100.0,100.0,14.642845106238205,77.38442328137613
2024-10-21 13:01:56.191953909+00:00,0.0,66.66666666666667,15.330958125015929,-38.65205865099343
2024-10-21 13:01:56.246908570+00:00,0.0,-66.66666666666667,13.152951679960573,26.774929508918405
2024-10-21 13:01:56.246922313+00:00,0.0,133.33333333333334,16.41996134754361,-42.53485219090838
2024-10-21 13:01:56.993831894+00:00,0.0,-465.3333333333333,0.5693567187549208,-67.1962043763391
2024-10-21 13:01:56.993844895+00:00,0.0,511.0,28.693072538295713,140.61876440939372
2024-10-21 13:01:57.165899729+00:00,0.0,-221.0,376.1164371331895,401.1177526308605
2024-10-21 13:01:57.165912786+00:00,0.0,268.5,-363.2249912023746,-310.8058775571546
2024-10-21 13:01:58.745358302+00:00,0.0,50.0,-94.85579068605091,-45.3850307085021
2024-10-21 13:01:59.675052114+00:00,-100.0,100.0,14.642845106238205,97.85921804156996
2024-10-21 13:02:00.466387757+00:00,0.0,50.0,-94.85579068605091,-71.96090972183106
2024-10-21 13:02:00.466402127+00:00,0.0,66.66666666666667,15.330958125015929,1.3402731884960852
2024-10-21 13:02:00.468799008+00:00,0.0,-50.0,123.3397004910274,109.72113022753118
2024-10-21 13:02:00.468810088+00:00,0.0,-221.0,376.1164371331895,230.17028259300025
2024-10-21 13:02:00.468935740+00:00,0.0,564.3333333333334,27.40547944024325,91.69648620755127
2024-10-21 13:02:00.473030295+00:00,0.0,-577.6666666666666,-1.2981659558468548,-177.09901971773803
2024-10-21 13:02:00.488266361+00:00,-1.0,2010.0,29.235936297236425,116.38598287923708
2024-10-21 13:02:00.488297237+00:00,0.0,795.0,27.745884430441034,107.15271719913791
2024-10-21 13:02:00.488423390+00:00,-8.0,8.0,14.274026118788251,-89.04765185742343
2024-10-21 13:02:00.499390446+00:00,1.0,-1.0,14.237946000450755,-52.07662999997195
2024-10-21 13:02:00.521318201+00:00,0.0,-40.0,12.505247670627522,-10.459222186714312
2024-10-21 13:02:00.521332116+00:00,0.0,80.0,17.715369366209707,-25.7243680573755
2024-10-21 13:02:00.543537646+00:00,-200.0,-1028.0,4.7232075080633615,93.73805013744884
2024-10-21 13:02:00.547471734+00:00,0.0,-333.25,0.8798404892084761,34.05517217226881
2024-10-21 13:02:00.557303929+00:00,0.0,328.5,25.097632902442417,-24.49056552150923
2024-10-21 13:02:00.558727390+00:00,200.0,-200.0,13.440174494988359,19.86025051713617
2024-10-21 13:02:00.561398333+00:00,0.0,-333.25,0.8798404892084761,63.69776133527481
2024-10-21 13:02:00.572273497+00:00,-81.0,1679.0,27.12339511271106,-38.508313618810924
2024-10-21 13:02:00.603031343+00:00,0.0,-25.0,13.619687230361064,51.61108271823004
2024-10-21 13:02:00.603034863+00:00,0.0,-25.0,13.619687230361064,-4.612354596761655
2024-10-21 13:02:00.632932221+00:00,0.0,100.0,15.406276888974592,-16.96052329975153
2024-10-21 13:02:00.753033427+00:00,0.0,50.0,-94.85579068605091,92.66478010497326
2024-10-21 13:02:00.763036835+00:00,0.0,50.0,-94.85579068605091,-146.71444035109513
2024-10-21 13:02:00.828077266+00:00,0.0,-100.0,13.077632916001908,11.03224385325877
2024-10-21 13:02:00.828089935+00:00,0.0,225.6,25.122016826135486,93.56983557592757
2024-10-21 13:02:00.831877617+00:00,-200.0,200.0,15.043735309988147,163.34202401704664
2024-10-21 13:02:00.831882513+00:00,0.0,50.0,14.82411589573143,86.7428184555925
2024-10-21 13:02:00.850825310+00:00,0.0,0.0,14.24195490248825,213.1946620829319
2024-10-21 13:02:00.850825310+00:00,-1207.0,-2537.0,705.3962677413873,709.3913390927391
2024-10-21 13:02:00.850908070+00:00,0.0,7.666666666666667,14.36719027307894,-20.352088350190737
2024-10-21 13:02:00.850932826+00:00,0.0,17.2,14.988739012188368,-74.93882651673164
2024-10-21 13:02:00.851097126+00:00,-4.0,1692.0,28.39336975979834,-16.837447241352805
2024-10-21 13:02:00.851457343+00:00,-16.0,16.0,14.306097335088246,21.639555796279645
2024-10-21 13:02:00.855017272+00:00,0.0,-5.75,14.098833337898999,84.68117162182996
2024-10-21 13:02:00.855026125+00:00,0.0,-14.333333333333334,13.682600795127184,57.50730356190958
2024-10-21 13:02:00.876214037+00:00,-81.0,1679.0,27.26521508962776,41.5773482768409
2024-10-21 13:02:00.889534250+00:00,0.0,-2.0,14.218668462758531,149.36889107209137
2024-10-21 13:02:00.899219069+00:00,0.0,-71.33333333333333,8.142859216255967,60.15542252730334
2024-10-21 13:02:00.927615176+00:00,0.0,0.0,14.24195490248825,5.613584581757717
2024-10-21 13:02:00.927615176+00:00,-900.0,-900.0,90.2625588378678,60.9876634972254
2024-10-21 13:02:00.927646147+00:00,-200.0,1675.0,27.309209260598532,146.54679108347787
2024-10-21 13:02:00.927671794+00:00,0.0,-66.66666666666667,117.51478905428252,-76.57708160462225
2024-10-21 13:02:00.927682794+00:00,0.0,-66.66666666666667,117.51478905428252,77.70397588886709
2024-10-21 13:02:00.928003213+00:00,-81.0,81.0,14.566675967525702,-84.95708178769411
2024-10-21 13:02:00.928041580+00:00,0.0,-11.571428571428571,13.79527553118767,-60.11128560282096
2024-10-21 13:02:00.935398656+00:00,0.0,-50.0,12.997419558233883,67.595459956363
2024-10-21 13:02:00.935401504+00:00,0.0,-20.0,13.373601286557886,58.015817204958196
2024-10-21 13:02:00.973406066+00:00,200.0,-200.0,13.440174494988359,-167.94749656349973
2024-10-21 13:02:01.033287331+00:00,0.0,133.33333333333334,-192.3037134011001,-275.20106691049193
2024-10-21 13:02:01.135551441+00:00,0.0,50.0,14.82411589573143,-31.758575065736572
2024-10-21 13:02:01.188132386+00:00,-200.0,200.0,15.043735309988147,-88.8157068274084
2024-10-21 13:02:01.533605979+00:00,81.0,-81.0,13.917233837450798,75.36247459375849
2024-10-21 13:02:01.533611324+00:00,0.0,-40.5,13.77040449796128,-17.522054179792168
2024-10-21 13:02:01.533616664+00:00,0.0,-332.6666666666667,4.347018057476797,63.023743367171996
2024-10-21 13:02:01.533622158+00:00,0.0,-252.25,4.594563396278765,-99.8805104435512
2024-10-21 13:02:01.533628256+00:00,0.0,-503.0,2.235845451185425,-65.60557188501076
2024-10-21 13:02:01.533638903+00:00,0.0,-511.0,-0.20916273331919924,5.064212027838104
2024-10-21 13:02:01.533643884+00:00,-81.0,1809.0,27.840562711455032,174.9925042320577
2024-10-21 13:02:01.592865605+00:00,0.0,-511.0,-0.20916273331919924,5.684282437334688
2024-10-21 13:02:01.793250270+00:00,-200.0,200.0,15.043735309988147,20.4150809089319
2024-10-21 13:02:03.532792430+00:00,0.0,66.66666666666667,15.330958125015929,-86.98999460525833
2024-10-21 13:02:04.538283059+00:00,-180.0,-180.0,29.44607568956417,144.14809925471695
2024-10-21 13:02:04.538283059+00:00,180.0,180.0,-0.9621658845876535,3.937998236450065
2024-10-21 13:02:04.538335499+00:00,-180.0,-193.33333333333334,235.9917439931526,139.5309128291742
2024-10-21 13:02:04.557444177+00:00,0.0,66.66666666666667,-89.030879249306,-4.0640355914578095
2024-10-21 13:02:04.585465906+00:00,0.0,66.66666666666667,-89.030879249306,34.8516891253866
2024-10-21 13:02:04.612481758+00:00,0.0,-465.3333333333333,0.5693567187549208,34.84009930410552
2024-10-21 13:02:04.612494059+00:00,0.0,511.0,28.693072538295713,39.96369944131172
2024-10-21 13:02:05.526065625+00:00,0.0,-66.66666666666667,117.51478905428252,106.1142508157261
2024-10-21 13:02:05.526078693+00:00,0.0,361.3333333333333,-450.9053614800073,-448.1698200303072
2024-10-21 13:02:05.613608760+00:00,-1.0,-1130.0,443.98712408006554,345.1377497974158
2024-10-21 13:02:05.613608760+00:00,7.0,1092.0,-451.73283452191725,-377.57514796296607
2024-10-21 13:02:05.613608760+00:00,120.0,120.0,4.1058743777709825,143.683743703146
2024-10-21 13:02:05.613676908+00:00,-1.0,-520.0,296.0624582145764,184.1493932639081
2024-10-21 13:02:05.613767492+00:00,0.0,328.5,25.097632902442417,63.29237654812519
2024-10-21 13:02:05.614743449+00:00,-2.0,1497.0,26.372815233984465,-14.958783062722269
2024-10-21 13:02:05.614959701+00:00,0.0,1.3333333333333333,14.263734966938806,1.044908850960688
2024-10-21 13:02:05.615589936+00:00,0.0,0.0,14.24195490248825,143.92289598378323
2024-10-21 13:02:05.615589936+00:00,-505.0,-1139.0,250.50466717709966,168.42640127682822
2024-10-21 13:02:05.615614835+00:00,-1.0,1402.0,26.7530631341264,-66.98082033724144
2024-10-21 13:02:05.615952955+00:00,0.0,741.0,26.96929046730928,-32.95385109444486
2024-10-21 13:02:05.615975118+00:00,-4.0,4.0,14.257990510638248,-150.05651705653014
2024-10-21 13:02:05.617862987+00:00,0.0,-89.71428571428571,6.842035710765099,127.36097275855064
2024-10-21 13:02:05.619066257+00:00,0.0,-0.8,14.20722075785104,60.39657550154788
2024-10-21 13:02:05.673847211+00:00,0.0,-25.0,13.619687230361064,-27.394960113069686
2024-10-21 13:02:05.675014223+00:00,0.0,-25.0,13.619687230361064,48.76402569501987
2024-10-21 13:02:05.675016935+00:00,0.0,-185.6,5.098600210701787,-79.99671821125867
2024-10-21 13:02:05.715696027+00:00,1.0,-1.0,14.237946000450755,73.34450560687283
2024-10-21 13:02:05.725381659+00:00,0.0,137.8,-195.41825318966988,-235.01624635337404
2024-10-21 13:02:05.875153265+00:00,0.0,100.0,15.406276888974592,-53.04032482515784
2024-10-21 13:02:05.882759100+00:00,0.0,33.333333333333336,14.786456513752091,176.30187668606226
2024-10-21 13:02:06.177206010+00:00,0.0,-50.0,13.659793909245076,22.684823177832953
2024-10-21 13:02:06.377828230+00:00,0.0,-50.0,13.659793909245076,35.89414717261849
2024-10-21 13:02:06.377834609+00:00,-100.0,100.0,14.642845106238205,32.87616959272944
2024-10-21 13:02:06.642038480+00:00,0.0,-47.25,-22.265886723555763,3.2847209610897723
2024-10-21 13:02:07.056407619+00:00,0.0,0.0,20.066866339233158,-24.004304732883227
2024-10-21 13:02:07.667678198+00:00,0.0,367.0,-195.452569291588,-265.9693316792858
2024-10-21 13:02:13.203808325+00:00,0.0,40.0,15.978662134348994,60.78466551504131
2024-10-21 13:02:13.262517762+00:00,0.0,-40.0,12.505247670627522,-13.156774177928662
2024-10-21 13:02:13.262530556+00:00,0.0,-276.0,6.099433545618845,-76.7983153446087
2024-10-21 13:02:14.078140536+00:00,-1.0,1.0,14.24596380452575,-39.04678056640006
2024-10-21 13:02:16.458029734+00:00,0.0,-317.0,207.84866163558115,155.0656819757859
2024-10-21 13:02:16.458042005+00:00,0.0,50.0,-94.85579068605091,-228.63223184880428
2024-10-21 13:02:17.186032750+00:00,-4.0,1502.0,26.549548477687765,-5.8708890928998185
2024-10-21 13:02:17.186071606+00:00,0.0,-50.0,123.3397004910274,49.04732480874571
2024-10-21 13:02:17.186181809+00:00,-16.0,16.0,14.306097335088246,-32.42358387651933
2024-10-21 13:02:17.186194946+00:00,0.0,-245.6,3.9214271005634695,-45.244967270262
2024-10-21 13:02:17.186538717+00:00,-12.0,1449.0,27.254262720454367,-5.455616144850256
2024-10-21 13:02:17.186674729+00:00,-48.0,48.0,14.434382200288224,147.38660118311256
2024-10-21 13:02:17.186686642+00:00,0.0,-0.4,14.224587830169648,-8.59041309082369
2024-10-21 13:02:17.186892213+00:00,0.0,-432.0,0.8100887399275553,-30.200019095325136
2024-10-21 13:02:17.190125762+00:00,-82.0,1495.0,27.430678383072987,-88.09714782874192
2024-10-21 13:02:17.190140340+00:00,0.0,-1.3333333333333333,14.2201748380377,-168.93898948691475
2024-10-21 13:02:17.190162546+00:00,0.0,-1.0,14.21706419560317,143.3901919591821
2024-10-21 13:02:17.190465707+00:00,0.0,0.0,14.24195490248825,53.617279978973315
2024-10-21 13:02:17.190465707+00:00,60.0,-1905.0,-0.07353776861782639,-50.86610475440883
2024-10-21 13:02:17.190483254+00:00,0.0,-100.0,11.752884213979515,-63.837440058454206
2024-10-21 13:02:17.190634749+00:00,12.0,-12.0,14.193848078038258,89.37328250875223
2024-10-21 13:02:17.246026005+00:00,0.0,-333.25,0.8798404892084761,28.176444054466206
2024-10-21 13:02:17.246305868+00:00,0.0,-33.333333333333336,13.697453291224415,-96.73498099590248
2024-10-21 13:02:17.291149576+00:00,0.0,50.0,-94.85579068605091,-17.21131152244395
2024-10-21 13:02:17.291164570+00:00,0.0,357.0,25.807018048667373,166.17289199968266
2024-10-21 13:02:17.326291877+00:00,0.0,50.0,15.48649024674262,56.88607215717713
2024-10-21 13:02:17.451147618+00:00,-200.0,200.0,15.043735309988147,7.275101665427789
2024-10-21 13:02:17.451151260+00:00,0.0,622.5,25.79752075390215,-163.2663919781072
2024-10-21 13:02:19.513201357+00:00,0.0,0.0,76.09936489738419,-13.378563153079021
2024-10-21 13:02:19.536601031+00:00,0.0,0.0,14.24195490248825,4.782334527595198
2024-10-21 13:02:19.536601031+00:00,1.0,-1.0,14.237946000450755,17.054104489239702
2024-10-21 13:02:19.876892416+00:00,0.0,-100.0,61.48229049613145,-57.97772847389469
2024-10-21 13:02:19.876904712+00:00,0.0,50.0,-94.85579068605091,-181.2644795902268
2024-10-21 13:02:20.932833275+00:00,0.0,-50.0,123.3397004910274,176.91732159287537
2024-10-21 13:02:20.933057922+00:00,-82.0,1474.0,26.662936700542197,44.04347140925715
2024-10-21 13:02:20.992255017+00:00,0.0,-50.0,13.659793909245076,-101.06436081372398
2024-10-21 13:02:20.992403217+00:00,0.0,-381.6666666666667,3.2685500443175677,38.381341065804506
2024-10-21 13:02:21.000274259+00:00,0.0,137.8,-195.41825318966988,-171.75236730926147
2024-10-21 13:02:21.192906010+00:00,-200.0,200.0,15.043735309988147,75.57725375721355
2024-10-21 13:02:21.563478775+00:00,0.0,-40.0,12.505247670627522,-7.252195747257499
2024-10-21 13:02:21.563491796+00:00,0.0,-342.6666666666667,5.010430323091165,52.770265897056866
2024-10-21 13:02:22.575417566+00:00,0.0,0.0,14.24195490248825,6.361187962948884
2024-10-21 13:02:22.575417566+00:00,6.0,-6.0,14.217901490263255,19.245179017298913
2024-10-21 13:02:22.644977353+00:00,0.0,-66.66666666666667,13.152951679960573,-45.63272562853887
2024-10-21 13:02:22.644990352+00:00,0.0,225.6,25.122016826135486,-18.106267372363426
2024-10-21 13:02:26.004586835+00:00,0.0,-77.8,86.83185886498336,205.74635325636993
2024-10-21 13:02:26.004599650+00:00,0.0,80.0,-152.99557620138398,-156.83924444674165
2024-10-21 13:02:26.805812700+00:00,0.0,258.25,24.277095348237477,145.16833106816534
2024-10-21 13:02:26.805844770+00:00,0.0,102.28571428571429,21.67673506037689,-93.54384062568053
2024-10-21 13:02:26.806107899+00:00,-4.0,1164.0,22.85190708829639,24.325338874292736
2024-10-21 13:02:26.806466236+00:00,-16.0,16.0,14.306097335088246,38.31459178542127
2024-10-21 13:02:26.806545827+00:00,-500.0,-500.0,56.47562375547689,24.7525491043261
2024-10-21 13:02:26.806545827+00:00,-30.0,-1089.0,408.84869914859263,281.5094536329276
2024-10-21 13:02:26.806545827+00:00,505.0,1539.0,-389.2582884759954,-232.70250732097682
2024-10-21 13:02:26.806571123+00:00,-136.0,97.0,419.47248085020885,242.50112534407768
2024-10-21 13:02:26.806584268+00:00,-100.0,100.0,14.642845106238205,76.84557231850066
2024-10-21 13:02:26.806596745+00:00,-100.0,100.0,14.642845106238205,21.32502629646791
2024-10-21 13:02:26.806614516+00:00,0.0,-100.0,232.4374460795665,74.26659668605382
2024-10-21 13:02:26.806616034+00:00,100.0,-100.0,13.841064698738304,105.25309895696692
2024-10-21 13:02:26.806637489+00:00,100.0,-100.0,13.841064698738304,-58.725989341175854
2024-10-21 13:02:26.806690074+00:00,100.0,-100.0,13.841064698738304,-75.48039168366515
2024-10-21 13:02:26.806928491+00:00,-82.0,82.0,14.570684869563214,51.19805436551357
2024-10-21 13:02:26.808727277+00:00,0.0,-25.22222222222222,11.518250676281621,-10.089367226379974
2024-10-21 13:02:26.809920136+00:00,0.0,-171.33333333333334,5.085642423683504,-92.41464585082201
2024-10-21 13:02:26.844545346+00:00,0.0,-2.0,14.218668462758531,78.87816093391486
2024-10-21 13:02:26.865265424+00:00,0.0,-33.333333333333336,13.697453291224415,-74.8556932134606
2024-10-21 13:02:26.866143539+00:00,0.0,-66.66666666666667,13.075185619097226,29.781804071908173
2024-10-21 13:02:26.906652410+00:00,6.0,-6.0,14.217901490263255,-4.759464410960262
2024-10-21 13:02:26.911316679+00:00,0.0,147.25,-167.445694648546,-88.61798116736401
2024-10-21 13:02:26.934279106+00:00,0.0,33.5,15.548292968118613,-8.324650052917681
2024-10-21 13:02:27.066058714+00:00,0.0,50.0,14.82411589573143,-50.966763014821204
2024-10-21 13:02:27.066172137+00:00,-200.0,200.0,15.043735309988147,107.45114429421263
2024-10-21 13:02:27.798414858+00:00,0.0,0.25,14.248177579209523,42.50390069903055
2024-10-21 13:02:29.795444570+00:00,100.0,-100.0,13.841064698738304,-27.544244364712803
2024-10-21 13:02:29.923107931+00:00,0.0,33.333333333333336,15.542778407979101,-71.34963376309292
2024-10-21 13:02:38.731508348+00:00,0.0,0.0,14.24195490248825,24.687500740678995
2024-10-21 13:02:38.731508348+00:00,0.0,0.0,14.24195490248825,40.82841602197184
2024-10-21 13:02:38.731508348+00:00,0.0,0.0,14.24195490248825,25.70774668453992
2024-10-21 13:02:38.731508348+00:00,-10.0,-10.0,15.086628279548025,25.045129570162683
2024-10-21 13:02:38.731508348+00:00,-4.0,-4.0,14.57982425331217,58.76201108518836
2024-10-21 13:02:38.731600377+00:00,0.0,39.25,18.05697686077125,28.2032394617939
2024-10-21 13:02:38.731649841+00:00,0.0,-111.0,109.31957779809308,51.35574390046587
2024-10-21 13:02:38.731920607+00:00,-100.0,953.0,20.89290649381864,-3.229886221788595
2024-10-21 13:02:38.731943932+00:00,-100.0,100.0,14.642845106238205,-127.67751226154736
2024-10-21 13:02:38.732079511+00:00,-6.0,932.0,21.594181605199275,90.45784549444723
2024-10-21 13:02:38.732093418+00:00,0.0,-59.285714285714285,10.676847438578948,-46.40680237436261
2024-10-21 13:02:38.732244823+00:00,0.0,0.0,14.24195490248825,-71.45773641824285
2024-10-21 13:02:38.732244823+00:00,-115.0,-660.0,174.62335598103633,70.83648424240533
2024-10-21 13:02:38.732252265+00:00,-148.0,1064.0,22.248682982869166,-68.22498724048357
2024-10-21 13:02:38.732265738+00:00,0.0,464.5,22.184996523113714,-39.66774002789279
2024-10-21 13:02:38.732267454+00:00,-6.0,6.0,14.266008314713252,70.6335115315712
2024-10-21 13:02:38.732278341+00:00,0.0,17.0,14.439889640190932,81.74317121175365
2024-10-21 13:02:38.732312347+00:00,0.0,-50.0,13.659793909245076,-13.111672864677196
2024-10-21 13:02:38.732326763+00:00,0.0,-25.0,13.619687230361064,-167.29323679197182
2024-10-21 13:02:38.732374886+00:00,0.0,-177.5,7.952477205779562,-10.93274160591756
2024-10-21 13:02:38.732553558+00:00,0.0,50.0,14.82411589573143,-29.40188325104456
2024-10-21 13:02:38.732591521+00:00,-100.0,100.0,14.642845106238205,-92.06459003375437
2024-10-21 13:02:38.732609438+00:00,-82.0,82.0,14.570684869563214,-101.79750404617526
2024-10-21 13:02:38.732621749+00:00,0.0,-6.714285714285714,13.982770575931129,27.083118774393952
2024-10-21 13:02:38.732712645+00:00,0.0,-69.33333333333333,10.67034332105149,-13.98153282269647
2024-10-21 13:02:38.732737568+00:00,0.0,-50.0,13.659793909245076,-47.02552303808342
2024-10-21 13:02:38.732854326+00:00,100.0,-100.0,13.841064698738304,84.50163697434326
2024-10-21 13:02:38.733588429+00:00,-100.0,963.0,21.970255952941756,-67.96037412207944
2024-10-21 13:02:38.733599937+00:00,0.0,-74.0,13.380356632488354,20.760928884126987
2024-10-21 13:02:38.733612793+00:00,0.0,0.0,14.24195490248825,89.29963884576252
2024-10-21 13:02:38.733612793+00:00,88.0,-842.0,7.947137749622329,-60.663517204058536
2024-10-21 13:02:38.733619694+00:00,0.0,-3.2,14.10301832393939,-38.5209913835825
2024-10-21 13:02:38.733622488+00:00,-100.0,799.0,21.004591802502613,17.82455380460089
2024-10-21 13:02:38.733624693+00:00,0.0,-26.875,11.779759466481625,80.94592276584073
2024-10-21 13:02:38.733633515+00:00,0.0,-3.0,14.20702524289366,-30.040914428925664
2024-10-21 13:02:38.733657813+00:00,0.0,-16.4,13.529904937425353,113.10702461025986
2024-10-21 13:02:38.735695353+00:00,0.0,-25.22222222222222,11.518250676281621,22.1888945572785
2024-10-21 13:02:38.773470233+00:00,0.0,0.0,14.24195490248825,83.03189396940535
2024-10-21 13:02:38.773470233+00:00,-100.0,-595.0,176.8242908492019,180.3820236914997
2024-10-21 13:02:38.773551432+00:00,0.0,83.2,17.492917411573114,-129.60449808917724
2024-10-21 13:02:38.773770468+00:00,0.0,50.0,14.82411589573143,11.499565429352863
2024-10-21 13:02:38.774077016+00:00,0.0,-50.0,13.659793909245076,-27.59488054180622
2024-10-21 13:02:38.777643183+00:00,0.0,-85.8,9.981426865488432,25.814794456842854
2024-10-21 13:02:38.791493467+00:00,0.0,-104.83333333333333,7.285951919349331,17.767289642348928
2024-10-21 13:02:38.792274452+00:00,0.0,-126.0,6.8268480570783545,-12.969032832040236
2024-10-21 13:02:38.833763026+00:00,0.0,-245.33333333333334,6.787731133006113,70.87588434684547
2024-10-21 13:02:38.834574584+00:00,0.0,165.8,23.38508544359957,94.08759730896503
2024-10-21 13:02:38.850282237+00:00,0.0,40.0,15.978662134348994,-27.116944370658654
2024-10-21 13:02:38.882132027+00:00,0.0,77.66666666666667,-96.16371121551249,5.603329074911134
2024-10-21 13:02:38.892136187+00:00,0.0,49.0,-85.26989580153732,-130.74303930496225
2024-10-21 13:02:38.993894779+00:00,-100.0,100.0,14.642845106238205,12.863441329455942
2024-10-21 13:02:38.993898183+00:00,0.0,508.5,23.566949184557018,20.061813142561903
2024-10-21 13:02:39.030301612+00:00,0.0,33.333333333333336,15.542778407979101,-73.7983975711948
2024-10-21 13:02:39.065030299+00:00,0.0,33.333333333333336,15.542778407979101,42.32439782384516
2024-10-21 13:02:39.119325935+00:00,0.0,40.0,-69.3768106494479,-56.47107213902885
2024-10-21 13:02:39.119338697+00:00,0.0,-33.333333333333336,12.941131396997408,98.95064358415253
2024-10-21 13:02:39.119349845+00:00,0.0,80.2,17.721873483737177,36.99004827603149
2024-10-21 13:02:39.238884226+00:00,0.0,-257.5,4.337777368569632,139.65233107597203
2024-10-21 13:02:39.309689370+00:00,0.0,40.0,-69.3768106494479,-77.34896031744174
2024-10-21 13:02:39.364436653+00:00,0.0,-40.0,97.8607204544244,-7.415882720211616
2024-10-21 13:02:39.364449708+00:00,0.0,173.0,-255.94292302445086,-191.71412500402806
2024-10-21 13:02:41.411027687+00:00,0.0,-376.6666666666667,4.642394784626579,35.59820528995803
2024-10-21 13:02:41.411037542+00:00,0.0,0.0,14.24195490248825,109.33429087883862
2024-10-21 13:02:41.411037542+00:00,100.0,-100.0,13.841064698738304,21.470016923912887
2024-10-21 13:02:41.411037542+00:00,100.0,-1730.0,1.1802252310069483,-53.16311279192123
2024-10-21 13:02:41.411049221+00:00,-28.0,1258.0,24.53592527064306,60.73959708025489
2024-10-21 13:02:41.411096752+00:00,0.0,-410.0,3.9097594077295765,-8.26593119777473
2024-10-21 13:02:41.411130976+00:00,0.0,0.0,14.24195490248825,-11.366535708433743
2024-10-21 13:02:41.411130976+00:00,2.0,-2.0,14.233937098413252,29.76005358139583
2024-10-21 13:02:41.411157988+00:00,100.0,-1435.0,0.46768365941344225,104.1837301575832
2024-10-21 13:02:41.457798577+00:00,0.0,715.0,25.738472383733274,167.54204432631803
2024-10-21 13:02:41.470363167+00:00,200.0,-1535.0,0.06679345566352735,6.151619322064672
2024-10-21 13:02:41.470410254+00:00,1.0,-1398.0,0.5595262067850109,-50.659345652356784
2024-10-21 13:02:41.470423231+00:00,-400.0,1735.0,29.21889675681292,68.57371139490391
2024-10-21 13:02:41.730788179+00:00,0.0,50.0,14.82411589573143,37.48009921952701
2024-10-21 13:02:41.730793259+00:00,-100.0,100.0,14.642845106238205,-66.20922037561759
2024-10-21 13:02:41.854813935+00:00,400.0,-400.0,12.638394087488466,-49.673864210965554
2024-10-21 13:02:41.854827150+00:00,0.0,543.0,26.746711826189646,187.89274616767827
2024-10-21 13:02:41.914311910+00:00,0.0,-50.0,13.659793909245076,-158.63701411575408
2024-10-21 13:02:41.914315184+00:00,1.0,-1735.0,-1.4582574019143564,-33.88047309616947
2024-10-21 13:02:41.925260783+00:00,0.0,-698.5,0.5635351088225046,-80.04661329168896
2024-10-21 13:02:41.925274240+00:00,0.0,867.0,29.93815830485339,-19.35372324951483
2024-10-21 13:02:42.184807957+00:00,0.0,50.0,14.82411589573143,-14.264512610343651
2024-10-21 13:02:42.184809660+00:00,0.0,33.333333333333336,14.786456513752091,-33.59548354963529
2024-10-21 13:02:42.838988143+00:00,0.0,-50.0,13.659793909245076,25.414137587729158
2024-10-21 13:02:42.838994562+00:00,0.0,914.5,27.951140491559965,124.8910436545242
2024-10-21 13:02:42.893706138+00:00,0.0,250.0,17.11510048672479,-12.984921366195517
2024-10-21 13:02:42.953240291+00:00,0.0,-25.0,13.619687230361064,132.6417998161586
2024-10-21 13:02:43.153825930+00:00,0.0,50.0,14.82411589573143,-9.726114691117125
2024-10-21 13:02:43.993948059+00:00,0.0,-50.0,13.659793909245076,83.55703987781118
2024-10-21 13:02:43.993951138+00:00,0.0,664.5,25.039721008998992,-47.41065876790985
2024-10-21 13:02:44.048983873+00:00,0.0,-464.5,5.699346785551069,106.94577692225268
2024-10-21 13:02:44.108506435+00:00,0.0,-444.6666666666667,0.8743954730958109,20.147874541946486
2024-10-21 13:02:44.308787770+00:00,0.0,443.0,25.113206992398133,-0.4987351486156202
2024-10-21 13:02:45.295289876+00:00,0.0,-50.0,13.659793909245076,41.83181886316006
2024-10-21 13:02:45.295296308+00:00,-100.0,100.0,14.642845106238205,105.30805449895304
2024-10-21 13:02:45.785897261+00:00,1.0,945.0,-322.29892594696656,-137.81623846189297
2024-10-21 13:02:54.065366756+00:00,-400.0,-1034.0,1.8957952948524341,96.77419642969795
2024-10-21 13:02:54.125064769+00:00,0.0,-698.5,0.5635351088225046,30.307852635207425
2024-10-21 13:02:54.324971177+00:00,-100.0,1935.0,30.927031111778934,-41.973002956401864
2024-10-21 13:02:54.324983380+00:00,0.0,-50.0,13.659793909245076,-31.876776338796503
2024-10-21 13:02:54.584880408+00:00,0.0,443.0,25.113206992398133,26.831396686087313
2024-10-21 13:02:57.486428159+00:00,-2.0,1332.0,25.05318382918666,136.69723505634897
2024-10-21 13:03:00.362452201+00:00,0.0,-107.5,133.54398178664277,59.694421507604034
2024-10-21 13:03:00.362466018+00:00,0.0,50.0,-94.85579068605091,-163.83411185037085
2024-10-21 13:03:00.793886150+00:00,0.0,50.0,-94.85579068605091,-90.78468344929112
2024-10-21 13:03:04.859893835+00:00,0.0,-50.0,123.3397004910274,140.19409645688353
2024-10-21 13:03:04.859912246+00:00,0.0,157.25,-181.75108266251533,-65.5397024371041
2024-10-21 13:03:05.981522150+00:00,0.0,0.0,14.392592430405582,-114.67070315299786
2024-10-21 13:03:06.041021112+00:00,0.0,-307.25,3.915204423842215,-46.73937414392179
2024-10-21 13:03:06.241417113+00:00,0.0,665.0,24.96817762485693,31.172072100516154
2024-10-21 13:03:06.241421839+00:00,0.0,-33.333333333333336,13.697453291224415,15.65681257095661
2024-10-21 13:03:06.501857672+00:00,0.0,25.0,14.864222574615438,-151.52902270022426
2024-10-21 13:03:07.939878188+00:00,0.0,-245.6,3.9214271005634695,-6.144701316301591
2024-10-21 13:03:07.940732514+00:00,-1.0,1332.0,25.574863936178637,-17.37568023590096
2024-10-21 13:03:07.941102172+00:00,-4.0,4.0,14.257990510638248,55.47573970619689
2024-10-21 13:03:08.001204760+00:00,0.0,-576.3333333333334,1.1149303066596883,-33.27017631354418
2024-10-21 13:03:08.001215687+00:00,0.0,-25.0,13.619687230361064,3.994948399340675
2024-10-21 13:03:08.076045762+00:00,0.0,-444.6666666666667,0.8743954730958109,108.48521869849921
2024-10-21 13:03:08.076059309+00:00,0.0,66.66666666666667,15.330958125015929,29.34034932803322
2024-10-21 13:03:08.078451618+00:00,0.0,-66.66666666666667,13.152951679960573,-30.17897335543405
2024-10-21 13:03:08.078463238+00:00,0.0,357.0,25.807018048667373,100.77864949752748
2024-10-21 13:03:08.201611100+00:00,0.0,343.0,23.936033882259817,121.8052938161613
2024-10-21 13:03:08.201621143+00:00,0.0,232.25,23.573648807988743,-36.160308707321065
2024-10-21 13:03:08.261719560+00:00,0.0,-232.25,5.0923775339805335,105.22291981089033
2024-10-21 13:03:08.462566235+00:00,0.0,-664.5,3.253607733439664,3.5295244215418577
2024-10-21 13:03:08.506351384+00:00,0.0,-50.0,13.659793909245076,-158.55535218477078
2024-10-21 13:03:08.722906904+00:00,0.0,257.0,24.00757726640192,26.954779911049723
2024-10-21 13:03:08.766043114+00:00,0.0,257.0,24.43331888775984,1.5966655068650688
2024-10-21 13:03:10.001483055+00:00,0.0,347.3333333333333,23.890069506836873,-76.19218410055335
2024-10-21 13:03:10.005577236+00:00,0.0,-343.0,4.04514590110409,-50.56631770981163
2024-10-21 13:03:10.060817080+00:00,0.0,-257.0,4.4763325385745905,-0.5777893880403634
2024-10-21 13:03:10.060828163+00:00,0.0,-357.0,2.676891756309099,-50.70962936667821
2024-10-21 13:03:10.320895435+00:00,0.0,257.0,24.00757726640192,171.3057999907628
2024-10-21 13:03:10.320899236+00:00,0.0,185.6,23.811051215632617,1.7080086639125964
2024-10-21 13:03:10.584070039+00:00,0.0,-257.0,4.4763325385745905,17.506275495064834
2024-10-21 13:03:10.584073624+00:00,0.0,-357.0,2.676891756309099,-6.751029384634009
2024-10-21 13:03:10.784152799+00:00,0.0,343.0,23.936033882259817,-7.559345268627467
2024-10-21 13:03:10.784155033+00:00,0.0,25.0,14.864222574615438,-85.02887050267216
2024-10-21 13:03:10.896699549+00:00,0.0,0.0,14.24195490248825,-88.48806101172973
2024-10-21 13:03:10.896699549+00:00,1.0,-1.0,14.237946000450755,112.79693569517039
2024-10-21 13:03:12.236621705+00:00,0.0,-509.6666666666667,2.126945128932662,6.482951283816685
2024-10-21 13:03:12.236624590+00:00,0.0,-33.333333333333336,13.697453291224415,107.64462253942534
2024-10-21 13:03:12.436828266+00:00,0.0,343.0,23.936033882259817,-23.068143478899966
2024-10-21 13:03:12.436831902+00:00,-100.0,100.0,14.642845106238205,-5.114817217915855
2024-10-21 13:03:12.741835279+00:00,0.0,0.0,14.24195490248825,21.882448601717904
2024-10-21 13:03:12.741835279+00:00,4.0,-4.0,14.22591929433825,-11.794018762368143
2024-10-21 13:03:12.741835279+00:00,2.0,-1531.0,2.0812679428782688,20.019221009910744
2024-10-21 13:03:12.741835279+00:00,100.0,-1634.0,-0.6158745470016084,-141.69796178689157
2024-10-21 13:03:12.741835279+00:00,11.0,-11.0,14.19785698007576,14.268892403451492
2024-10-21 13:03:12.741861917+00:00,100.0,790.0,-204.19699063915132,-193.09528650687204
2024-10-21 13:03:12.741864310+00:00,122.0,812.0,-188.780788422762,-40.52637336403584
2024-10-21 13:03:12.741876084+00:00,0.0,50.0,-9.378212894333348,-48.84825155495174
2024-10-21 13:03:12.741878320+00:00,0.0,11.0,9.045517987187504,69.11738431463561
2024-10-21 13:03:12.741890372+00:00,100.0,100.0,5.795221131890529,-191.77174209057296
2024-10-21 13:03:12.741904697+00:00,-100.0,-100.0,22.68868867308598,-8.534069642388555
2024-10-21 13:03:12.741928024+00:00,0.0,-50.0,37.86212269930987,8.924240620910219
2024-10-21 13:03:12.741933888+00:00,0.0,0.0,14.24195490248825,-23.99674602567399
2024-10-21 13:03:12.741981193+00:00,-100.0,-100.0,22.68868867308598,78.47080318242475
2024-10-21 13:03:12.742259611+00:00,0.0,-50.0,37.86212269930987,-7.171021807365501
2024-10-21 13:03:12.742343106+00:00,100.0,100.0,5.795221131890529,40.06818027121988
2024-10-21 13:03:12.742497801+00:00,0.0,0.0,14.24195490248825,27.905807106708
2024-10-21 13:03:12.742497801+00:00,1.0,-1.0,14.237946000450755,17.537118493700618
2024-10-21 13:03:12.742589599+00:00,-100.0,-100.0,22.68868867308598,5.539058233450061
2024-10-21 13:03:12.841946356+00:00,-22.0,-712.0,226.09244810306163,167.29893968959175
2024-10-21 13:03:12.841977245+00:00,-1.0,-745.0,241.68509016340388,235.47307566756214
2024-10-21 13:03:13.806051892+00:00,1.0,-1597.0,-0.5989741697689349,-53.66503964570008
2024-10-21 13:03:14.007072365+00:00,-100.0,1634.0,29.099784351978062,9.472237604449012
2024-10-21 13:03:14.007436799+00:00,-86.0,86.0,14.586720477713206,-53.19167927819709
2024-10-21 13:03:14.772488041+00:00,100.0,-100.0,13.841064698738304,-4.175248573721577
2024-10-21 13:03:14.772520788+00:00,-100.0,1615.0,26.714011722719118,44.831990164758366
2024-10-21 13:03:14.772879460+00:00,-86.0,86.0,14.586720477713206,105.73272181192173
2024-10-21 13:03:20.213773571+00:00,86.0,-1620.0,-0.5597499184765977,94.83592816703104
2024-10-21 13:03:20.213773571+00:00,-86.0,1601.0,26.657887094194123,1.575373060160909
2024-10-21 13:03:20.213773571+00:00,-100.0,100.0,14.642845106238205,41.19155625386502
2024-10-21 13:03:20.213797145+00:00,186.0,-830.0,-218.99869546011615,-90.43465096984806
2024-10-21 13:03:20.213802636+00:00,6.0,6.0,13.735150876252389,41.30589658818061
2024-10-21 13:03:20.213809939+00:00,100.0,100.0,5.795221131890529,-70.82810461955741
2024-10-21 13:03:20.213821110+00:00,0.0,345.0,-178.4757732226328,-165.1462275075389
2024-10-21 13:03:20.213842517+00:00,-100.0,-1496.0,9.016090489352672,-130.4335946434856
2024-10-21 13:03:20.213865521+00:00,-100.0,-100.0,22.68868867308598,-50.79181179051781
2024-10-21 13:03:20.213922684+00:00,0.0,-345.0,224.23416667353013,136.08947104130317
2024-10-21 13:03:20.313883054+00:00,-1.0,-745.0,241.68509016340388,231.76726868440133
2024-10-21 13:03:20.322973910+00:00,0.0,511.0,28.693072538295713,4.235255404965002
2024-10-21 13:03:20.473833853+00:00,-100.0,1615.0,26.714011722719118,49.37971938102679
2024-10-21 13:03:20.474197048+00:00,-86.0,86.0,14.586720477713206,29.90442034695626
2024-10-21 13:03:20.486975799+00:00,0.0,0.0,14.24195490248825,101.09737116413747
2024-10-21 13:03:20.486975799+00:00,100.0,-100.0,13.841064698738304,60.197304273286576
2024-10-21 13:03:20.486975799+00:00,86.0,-1620.0,-0.5597499184765977,36.292734703340386
2024-10-21 13:03:20.486975799+00:00,14.0,-14.0,14.18583027396326,-145.39669619845807
2024-10-21 13:03:20.487001821+00:00,6.0,696.0,-196.25706089478936,-29.90460507638764
2024-10-21 13:03:20.487002677+00:00,100.0,100.0,5.795221131890529,14.29061729929359
2024-10-21 13:03:20.487016407+00:00,100.0,100.0,5.795221131890529,-19.529246286256146
2024-10-21 13:03:20.487027392+00:00,0.0,345.0,-178.4757732226328,-121.27350597709088
2024-10-21 13:03:20.487038621+00:00,-100.0,-100.0,22.68868867308598,-27.017266255861436
2024-10-21 13:03:20.487048628+00:00,-100.0,-100.0,22.68868867308598,0.8216005699090045
2024-10-21 13:03:20.487075702+00:00,0.0,-345.0,224.23416667353013,205.93012972492284
2024-10-21 13:03:20.487648190+00:00,0.0,-465.3333333333333,0.5693567187549208,23.20348353307633
2024-10-21 13:03:20.587081704+00:00,-1.0,-745.0,241.68509016340388,197.17207438444774
2024-10-21 13:03:20.596628869+00:00,0.0,511.0,28.693072538295713,25.00265270352464
2024-10-21 13:03:20.996838322+00:00,0.0,-76.66666666666667,30.271147634848553,-34.591977855276205
2024-10-21 13:03:23.618858827+00:00,18.0,-18.0,14.16979466581326,32.99947913565934
2024-10-21 13:03:23.618858827+00:00,-18.0,18.0,14.314115139163237,90.20592570075326
2024-10-21 13:03:23.619129617+00:00,18.0,-471.3333333333333,0.49719648207997186,90.43588744839342
2024-10-21 13:03:23.701512507+00:00,0.0,-728.0,4.280694291338982,16.910307238647544
2024-10-21 13:03:23.720191320+00:00,0.0,798.0,29.078875072707945,25.749467448366
2024-10-21 13:03:24.863758285+00:00,0.0,-66.66666666666667,117.51478905428252,-29.14622468272813
2024-10-21 13:03:24.863770627+00:00,0.0,157.25,-181.75108266251533,-217.5953875742983
2024-10-21 13:03:25.546508920+00:00,0.0,100.0,15.406276888974592,-34.441974738627906
2024-10-21 13:03:25.598507727+00:00,0.0,-100.0,13.077632916001908,7.102886536408921
2024-10-21 13:03:25.598520614+00:00,0.0,100.0,15.406276888974592,24.75345518274598
2024-10-21 13:03:25.666338141+00:00,0.0,100.0,15.406276888974592,-66.56548224496584
2024-10-21 13:03:36.191870141+00:00,0.0,773.5,28.774575077349752,7.324455096353102
2024-10-21 13:03:36.195963623+00:00,0.0,-798.0,-0.5949652677313769,-92.17799834662314
2024-10-21 13:03:40.012377997+00:00,0.0,-728.0,4.280694291338982,-0.3351908474876537
2024-10-21 13:03:40.012390526+00:00,0.0,798.0,29.078875072707945,-74.96348386407077
2024-10-21 13:03:41.173109512+00:00,0.0,100.0,15.406276888974592,-85.47878820392462
2024-10-21 13:03:45.203430807+00:00,0.0,-107.5,133.54398178664277,115.29046759424587
2024-10-21 13:03:45.203443133+00:00,0.0,157.25,-181.75108266251533,-135.15760355766113
2024-10-21 13:03:45.257822337+00:00,0.0,100.0,15.406276888974592,29.291773839875177
2024-10-21 13:03:48.395621585+00:00,0.0,-728.0,4.280694291338982,133.38632152831332
2024-10-21 13:03:48.395634304+00:00,0.0,798.0,29.078875072707945,5.899598881907092
2024-10-21 13:03:48.450060300+00:00,0.0,50.0,-94.85579068605091,-55.82874984739869
2024-10-21 13:03:48.567162849+00:00,0.0,0.0,14.24195490248825,88.50109447881219
2024-10-21 13:03:48.567162849+00:00,46.0,-46.0,14.057545408763279,-76.42730645093914
2024-10-21 13:03:53.449986144+00:00,0.0,-76.66666666666667,30.271147634848553,-94.56590249595249
2024-10-21 13:03:58.123721435+00:00,1.0,746.0,-241.89049967322697,-324.52015943971804
2024-10-21 13:03:59.183603746+00:00,0.0,0.0,14.24195490248825,-24.068142113453668
2024-10-21 13:03:59.183603746+00:00,200.0,-1656.0,3.478913883839087,-10.53137255777266
2024-10-21 13:03:59.183669679+00:00,127.0,-1486.0,4.362039915482158,25.3345799266762
2024-10-21 13:03:59.183876209+00:00,0.0,395.0,-220.65211937379317,-178.8336401631039
2024-10-21 13:03:59.184222352+00:00,0.0,-372.5,270.28994214049754,157.555203164463
2024-10-21 13:03:59.248163697+00:00,-200.0,1656.0,25.004995921137425,167.50434528152988
2024-10-21 13:03:59.856550937+00:00,127.0,-1486.0,4.362039915482158,-62.11326374366495
2024-10-21 13:03:59.856562661+00:00,-200.0,1656.0,25.004995921137425,91.42983335141673
2024-10-21 13:03:59.914652027+00:00,0.0,147.25,-167.445694648546,-162.80713997390217
2024-10-21 13:04:00.251822386+00:00,-200.0,200.0,15.043735309988147,-88.39672907687975
2024-10-21 13:04:02.656590751+00:00,-20.0,1816.0,30.32337509994429,88.20080650566622
2024-10-21 13:04:03.284191279+00:00,0.0,-100.0,13.077632916001908,115.0017695486688
2024-10-21 13:04:03.284204503+00:00,0.0,100.0,15.406276888974592,-41.43538896040413
2024-10-21 13:04:07.992810696+00:00,0.0,100.0,15.406276888974592,56.48029208057825
2024-10-21 13:04:12.059103619+00:00,0.0,-728.0,4.280694291338982,-28.133669451535958
2024-10-21 13:04:12.059115861+00:00,0.0,798.0,29.078875072707945,-3.2056018945906004
2024-10-21 13:04:12.262890838+00:00,0.0,100.0,15.406276888974592,-110.34011970351757
2024-10-21 13:04:13.166105605+00:00,0.0,-100.0,13.077632916001908,-23.566736310333315
2024-10-21 13:04:13.166117304+00:00,0.0,100.0,15.406276888974592,-127.86218816354511
2024-10-21 13:04:16.470997970+00:00,0.0,0.0,14.24195490248825,-58.3679743499413
2024-10-21 13:04:16.470997970+00:00,-1.0,-745.0,236.2970470844149,146.43564125160978
2024-10-21 13:04:16.471023709+00:00,-13.0,1566.0,28.86162046343186,95.3068012718488
2024-10-21 13:04:16.471051572+00:00,0.0,729.5,25.9799560801769,121.93625726902629
2024-10-21 13:04:16.471267721+00:00,-2.0,974.0,23.65335703913578,-44.936536009878395
2024-10-21 13:04:16.471272606+00:00,0.0,2.5,14.271062952150414,40.66131937666692
2024-10-21 13:04:16.471323530+00:00,0.0,-148.33333333333334,141.28944434802733,-16.75823252553731
2024-10-21 13:04:16.475362515+00:00,18.0,-1477.0,2.431793488124616,72.33723727836876
2024-10-21 13:04:16.475379658+00:00,5.0,-5.0,14.22191039230076,1.3331969574801357
2024-10-21 13:04:16.475381986+00:00,11.0,-1564.0,-0.36969285438032323,-16.476777218498853
2024-10-21 13:04:16.573763335+00:00,20.0,-1616.0,-0.6751433084814086,-41.99012303131859
2024-10-21 13:04:16.583527688+00:00,0.0,214.66666666666666,-184.1085021449108,-94.47937863643125
2024-10-21 13:04:17.976461017+00:00,0.0,100.0,15.406276888974592,21.229620032746688
2024-10-21 13:04:20.085638629+00:00,0.0,-148.33333333333334,141.28944434802733,203.98203973430793
2024-10-21 13:04:20.085651109+00:00,0.0,157.25,-181.75108266251533,-186.38179882689542
2024-10-21 13:04:20.130842270+00:00,-14.0,1767.0,29.95463258799705,-36.25063458189003
